target,norad,range_bin_km,level,kind,detector,freq,seed,alarms,delays,tp,fn,fp,late,repeat,unassociated
0,45197,500,0,thrust,SS2,5,260930401,[601],"[None, None, None]",0,3,1,1,0,0
1,45693,500,1,thrust,SS2,5,260930401,"[278, 385, 584]","[None, None, None]",0,3,3,2,0,1
2,47377,500,2,thrust,SS2,5,260930401,"[185, 324, 551]","[None, 24, 51]",2,1,1,1,0,0
3,47389,500,3,thrust,SS2,5,260930401,"[164, 338, 536]","[None, 38, 36]",2,1,1,1,0,0
4,47390,500,4,thrust,SS2,5,260930401,"[129, 329, 643]","[29, 29, None]",2,1,1,1,0,0
5,47391,500,5,thrust,SS2,5,260930401,"[127, 317, 407, 525]","[27, 17, 25]",3,0,1,1,0,0
6,47650,500,6,thrust,SS2,5,260930401,"[121, 211, 329, 642]","[21, 29, None]",2,1,2,2,0,0
7,48287,500,7,thrust,SS2,5,260930401,"[126, 253, 344, 478]","[26, 44, None]",2,1,2,0,0,2
8,48291,500,0,thrust,SS2,5,260930401,[396],"[None, None, None]",0,3,1,1,0,0
9,48687,500,1,thrust,SS2,5,260930401,"[303, 556]","[None, 3, 56]",2,1,0,0,0,0
10,51862,500,2,thrust,SS2,5,260930401,"[146, 266, 555]","[46, None, 55]",2,1,1,0,0,1
11,51867,500,3,thrust,SS2,5,260930401,"[137, 383, 548]","[37, None, 48]",2,1,1,1,0,0
12,52471,500,4,thrust,SS2,5,260930401,"[171, 338, 552]","[None, 38, 52]",2,1,1,1,0,0
13,52472,500,5,thrust,SS2,5,260930401,"[145, 330, 536]","[45, 30, 36]",3,0,0,0,0,0
14,52482,500,6,thrust,SS2,5,260930401,"[145, 328, 521]","[45, 28, 21]",3,0,0,0,0,0
15,52484,500,7,thrust,SS2,5,260930401,"[136, 331, 540]","[36, 31, 40]",3,0,0,0,0,0
16,45187,1000,0,thrust,SS2,5,260930401,[402],"[None, None, None]",0,3,1,1,0,0
17,45235,1000,1,thrust,SS2,5,260930401,"[200, 363]","[None, None, None]",0,3,2,2,0,0
18,45377,1000,2,thrust,SS2,5,260930401,"[234, 384]","[None, None, None]",0,3,2,2,0,0
19,45387,1000,3,thrust,SS2,5,260930401,"[202, 339, 642]","[None, 39, None]",1,2,2,2,0,0
20,45399,1000,4,thrust,SS2,5,260930401,"[134, 493, 583]","[34, None, None]",1,2,2,1,0,1
21,45531,1000,5,thrust,SS2,5,260930401,"[136, 354, 529]","[36, 54, 29]",3,0,0,0,0,0
22,45542,1000,6,thrust,SS2,5,260930401,"[138, 406, 526]","[38, None, 26]",2,1,1,1,0,0
23,45564,1000,7,thrust,SS2,5,260930401,"[135, 390, 522]","[35, None, 22]",2,1,1,1,0,0
24,45578,1000,0,thrust,SS2,5,260930401,[],"[None, None, None]",0,3,0,0,0,0
25,45660,1000,1,thrust,SS2,5,260930401,"[371, 600]","[None, None, None]",0,3,2,2,0,0
26,45675,1000,2,thrust,SS2,5,260930401,"[328, 562]","[None, 28, None]",1,2,1,1,0,0
27,45677,1000,3,thrust,SS2,5,260930401,"[338, 549]","[None, 38, 49]",2,1,0,0,0,0
28,47356,1000,4,thrust,SS2,5,260930401,"[133, 340, 597]","[33, 40, None]",2,1,1,1,0,0
29,47361,1000,5,thrust,SS2,5,260930401,"[139, 327, 458]","[39, 27, None]",2,1,1,0,0,1
30,47362,1000,6,thrust,SS2,5,260930401,"[138, 325, 611]","[38, 25, None]",2,1,1,1,0,0
31,47367,1000,7,thrust,SS2,5,260930401,"[127, 329, 598]","[27, 29, None]",2,1,1,1,0,0
32,45189,1500,0,thrust,SS2,5,260930401,[463],"[None, None, None]",0,3,1,0,0,1
33,45383,1500,1,thrust,SS2,5,260930401,"[200, 424]","[None, None, None]",0,3,2,2,0,0
34,45408,1500,2,thrust,SS2,5,260930401,"[216, 592]","[None, None, None]",0,3,2,2,0,0
35,45686,1500,3,thrust,SS2,5,260930401,"[162, 489]","[None, None, None]",0,3,2,1,0,1
36,45696,1500,4,thrust,SS2,5,260930401,"[350, 546]","[None, 50, 46]",2,1,0,0,0,0
37,46077,1500,5,thrust,SS2,5,260930401,"[329, 539]","[None, 29, 39]",2,1,0,0,0,0
38,47371,1500,6,thrust,SS2,5,260930401,"[349, 552]","[None, 49, 52]",2,1,0,0,0,0
39,47373,1500,7,thrust,SS2,5,260930401,"[330, 536]","[None, 30, 36]",2,1,0,0,0,0
40,47397,1500,0,thrust,SS2,5,260930401,[],"[None, None, None]",0,3,0,0,0,0
41,47630,1500,1,thrust,SS2,5,260930401,[307],"[None, 7, None]",1,2,0,0,0,0
42,47655,1500,2,thrust,SS2,5,260930401,"[172, 476]","[None, None, None]",0,3,2,1,0,1
43,48143,1500,3,thrust,SS2,5,260930401,"[155, 339, 644]","[55, 39, None]",2,1,1,1,0,0
44,48276,1500,4,thrust,SS2,5,260930401,"[168, 541]","[None, None, 41]",1,2,1,1,0,0
45,48292,1500,5,thrust,SS2,5,260930401,"[151, 410, 534]","[51, None, 34]",2,1,1,1,0,0
46,48293,1500,6,thrust,SS2,5,260930401,"[144, 393, 542]","[44, None, 42]",2,1,1,1,0,0
47,48294,1500,7,thrust,SS2,5,260930401,"[153, 379, 538]","[53, None, 38]",2,1,1,1,0,0
48,45397,2000,0,thrust,SS2,5,260930401,[427],"[None, None, None]",0,3,1,1,0,0
49,45582,2000,1,thrust,SS2,5,260930401,"[362, 641]","[None, None, None]",0,3,2,2,0,0
50,46074,2000,2,thrust,SS2,5,260930401,"[363, 562]","[None, None, None]",0,3,2,2,0,0
51,46079,2000,3,thrust,SS2,5,260930401,"[334, 546]","[None, 34, 46]",2,1,0,0,0,0
52,46355,2000,4,thrust,SS2,5,260930401,"[157, 342, 640]","[57, 42, None]",2,1,1,1,0,0
53,48303,2000,5,thrust,SS2,5,260930401,"[203, 340, 563]","[None, 40, None]",1,2,2,2,0,0
54,48304,2000,6,thrust,SS2,5,260930401,"[142, 336, 565]","[42, 36, None]",2,1,1,1,0,0
55,48306,2000,7,thrust,SS2,5,260930401,"[139, 324, 420, 563]","[39, 24, None]",2,1,2,2,0,0
56,48311,2000,0,thrust,SS2,5,260930401,[],"[None, None, None]",0,3,0,0,0,0
57,48317,2000,1,thrust,SS2,5,260930401,"[362, 595]","[None, None, None]",0,3,2,2,0,0
58,48321,2000,2,thrust,SS2,5,260930401,"[182, 381, 557]","[None, None, 57]",1,2,2,2,0,0
59,48325,2000,3,thrust,SS2,5,260930401,"[171, 363, 544]","[None, None, 44]",1,2,2,2,0,0
60,48330,2000,4,thrust,SS2,5,260930401,"[342, 536]","[None, 42, 36]",2,1,0,0,0,0
61,48331,2000,5,thrust,SS2,5,260930401,"[329, 524]","[None, 29, 24]",2,1,0,0,0,0
62,48582,2000,6,thrust,SS2,5,260930401,"[331, 529]","[None, 31, 29]",2,1,0,0,0,0
63,48663,2000,7,thrust,SS2,5,260930401,"[326, 542]","[None, 26, 42]",2,1,0,0,0,0
0,45197,500,0,thrust,SS8,5,260930401,[412],"[None, None, None]",0,3,1,1,0,0
1,45693,500,1,thrust,SS8,5,260930401,"[223, 338, 558]","[None, 38, 58]",2,1,1,1,0,0
2,47377,500,2,thrust,SS8,5,260930401,"[185, 328, 543]","[None, 28, 43]",2,1,1,1,0,0
3,47389,500,3,thrust,SS8,5,260930401,"[163, 332, 529]","[None, 32, 29]",2,1,1,1,0,0
4,47390,500,4,thrust,SS8,5,260930401,"[119, 209, 299, 410, 648]","[19, None, None]",1,2,4,3,0,1
5,47391,500,5,thrust,SS8,5,260930401,"[125, 215, 321, 411, 526, 681]","[25, 21, 26]",3,0,3,2,0,1
6,47650,500,6,thrust,SS8,5,260930401,"[122, 212, 324, 415]","[22, 24, None]",2,1,2,2,0,0
7,48287,500,7,thrust,SS8,5,260930401,"[117, 207, 321, 490]","[17, 21, None]",2,1,2,1,0,1
8,48291,500,0,thrust,SS8,5,260930401,[399],"[None, None, None]",0,3,1,1,0,0
9,48687,500,1,thrust,SS8,5,260930401,"[175, 416, 556, 681]","[None, None, 56]",1,2,3,2,0,1
10,51862,500,2,thrust,SS8,5,260930401,"[129, 383, 560]","[29, None, 60]",2,1,1,1,0,0
11,51867,500,3,thrust,SS8,5,260930401,"[128, 367, 537]","[28, None, 37]",2,1,1,1,0,0
12,52471,500,4,thrust,SS8,5,260930401,"[159, 335, 539]","[59, 35, 39]",3,0,0,0,0,0
13,52472,500,5,thrust,SS8,5,260930401,"[140, 327, 494, 584, 684]","[40, 27, None]",2,1,3,1,0,2
14,52482,500,6,thrust,SS8,5,260930401,"[146, 322, 412, 524]","[46, 22, 24]",3,0,1,1,0,0
15,52484,500,7,thrust,SS8,5,260930401,"[137, 327, 533]","[37, 27, 33]",3,0,0,0,0,0
16,45187,1000,0,thrust,SS8,5,260930401,"[189, 408]","[None, None, None]",0,3,2,2,0,0
17,45235,1000,1,thrust,SS8,5,260930401,"[184, 355]","[None, 55, None]",1,2,1,1,0,0
18,45377,1000,2,thrust,SS8,5,260930401,"[138, 344]","[38, 44, None]",2,1,0,0,0,0
19,45387,1000,3,thrust,SS8,5,260930401,"[154, 340, 544]","[54, 40, 44]",3,0,0,0,0,0
20,45399,1000,4,thrust,SS8,5,260930401,"[134, 447, 538]","[34, None, 38]",2,1,1,1,0,0
21,45531,1000,5,thrust,SS8,5,260930401,"[131, 229, 370, 527]","[31, None, 27]",2,1,2,2,0,0
22,45542,1000,6,thrust,SS8,5,260930401,"[134, 368, 526, 665]","[34, None, 26]",2,1,2,1,0,1
23,45564,1000,7,thrust,SS8,5,260930401,"[126, 241, 377, 522]","[26, None, 22]",2,1,2,2,0,0
24,45578,1000,0,thrust,SS8,5,260930401,"[411, 628]","[None, None, None]",0,3,2,2,0,0
25,45660,1000,1,thrust,SS8,5,260930401,"[350, 561]","[None, 50, None]",1,2,1,1,0,0
26,45675,1000,2,thrust,SS8,5,260930401,"[282, 372, 561]","[None, None, None]",0,3,3,2,0,1
27,45677,1000,3,thrust,SS8,5,260930401,"[328, 520]","[None, 28, 20]",2,1,0,0,0,0
28,47356,1000,4,thrust,SS8,5,260930401,"[134, 335, 578]","[34, 35, None]",2,1,1,1,0,0
29,47361,1000,5,thrust,SS8,5,260930401,"[138, 327, 461, 591]","[38, 27, None]",2,1,2,1,0,1
30,47362,1000,6,thrust,SS8,5,260930401,"[125, 218, 317, 412, 617]","[25, 17, None]",2,1,3,3,0,0
31,47367,1000,7,thrust,SS8,5,260930401,"[130, 323, 457]","[30, 23, None]",2,1,1,0,0,1
32,45189,1500,0,thrust,SS8,5,260930401,[465],"[None, None, None]",0,3,1,0,0,1
33,45383,1500,1,thrust,SS8,5,260930401,"[191, 426]","[None, None, None]",0,3,2,2,0,0
34,45408,1500,2,thrust,SS8,5,260930401,"[187, 569]","[None, None, None]",0,3,2,2,0,0
35,45686,1500,3,thrust,SS8,5,260930401,"[136, 434, 547]","[36, None, 47]",2,1,1,1,0,0
36,45696,1500,4,thrust,SS8,5,260930401,"[325, 523]","[None, 25, 23]",2,1,0,0,0,0
37,46077,1500,5,thrust,SS8,5,260930401,"[331, 533]","[None, 31, 33]",2,1,0,0,0,0
38,47371,1500,6,thrust,SS8,5,260930401,"[347, 544]","[None, 47, 44]",2,1,0,0,0,0
39,47373,1500,7,thrust,SS8,5,260930401,"[124, 323, 418, 536]","[24, 23, 36]",3,0,1,1,0,0
40,47397,1500,0,thrust,SS8,5,260930401,[652],"[None, None, None]",0,3,1,0,0,1
41,47630,1500,1,thrust,SS8,5,260930401,"[260, 382]","[None, None, None]",0,3,2,1,0,1
42,47655,1500,2,thrust,SS8,5,260930401,"[131, 354]","[31, 54, None]",2,1,0,0,0,0
43,48143,1500,3,thrust,SS8,5,260930401,"[142, 327, 476]","[42, 27, None]",2,1,1,0,0,1
44,48276,1500,4,thrust,SS8,5,260930401,"[133, 525]","[33, None, 25]",2,1,0,0,0,0
45,48292,1500,5,thrust,SS8,5,260930401,"[136, 321, 529]","[36, 21, 29]",3,0,0,0,0,0
46,48293,1500,6,thrust,SS8,5,260930401,"[144, 390, 529]","[44, None, 29]",2,1,1,1,0,0
47,48294,1500,7,thrust,SS8,5,260930401,"[141, 367, 523, 621]","[41, None, 23]",2,1,2,2,0,0
48,45397,2000,0,thrust,SS8,5,260930401,[412],"[None, None, None]",0,3,1,1,0,0
49,45582,2000,1,thrust,SS8,5,260930401,"[346, 553]","[None, 46, 53]",2,1,0,0,0,0
50,46074,2000,2,thrust,SS8,5,260930401,"[350, 552]","[None, 50, 52]",2,1,0,0,0,0
51,46079,2000,3,thrust,SS8,5,260930401,"[86, 334, 538]","[None, 34, 38]",2,1,1,0,0,1
52,46355,2000,4,thrust,SS8,5,260930401,"[146, 338, 591]","[46, 38, None]",2,1,1,1,0,0
53,48303,2000,5,thrust,SS8,5,260930401,"[177, 339, 554]","[None, 39, 54]",2,1,1,1,0,0
54,48304,2000,6,thrust,SS8,5,260930401,"[137, 329, 437, 555]","[37, 29, 55]",3,0,1,1,0,0
55,48306,2000,7,thrust,SS8,5,260930401,"[133, 323, 414, 562]","[33, 23, None]",2,1,2,2,0,0
56,48311,2000,0,thrust,SS8,5,260930401,[593],"[None, None, None]",0,3,1,1,0,0
57,48317,2000,1,thrust,SS8,5,260930401,"[218, 568]","[None, None, None]",0,3,2,2,0,0
58,48321,2000,2,thrust,SS8,5,260930401,"[159, 370, 540]","[59, None, 40]",2,1,1,1,0,0
59,48325,2000,3,thrust,SS8,5,260930401,"[142, 356, 528]","[42, 56, 28]",3,0,0,0,0,0
60,48330,2000,4,thrust,SS8,5,260930401,"[342, 527]","[None, 42, 27]",2,1,0,0,0,0
61,48331,2000,5,thrust,SS8,5,260930401,"[168, 326, 427, 523]","[None, 26, 23]",2,1,2,2,0,0
62,48582,2000,6,thrust,SS8,5,260930401,"[320, 410, 525, 661]","[None, 20, 25]",2,1,2,1,0,1
63,48663,2000,7,thrust,SS8,5,260930401,"[235, 328, 533]","[None, 28, 33]",2,1,1,1,0,0
0,45197,500,0,thrust,SS30,5,260930401,"[379, 602]","[None, None, None]",0,3,2,2,0,0
1,45693,500,1,thrust,SS30,5,260930401,"[191, 332, 544]","[None, 32, 44]",2,1,1,1,0,0
2,47377,500,2,thrust,SS30,5,260930401,"[183, 331, 541]","[None, 31, 41]",2,1,1,1,0,0
3,47389,500,3,thrust,SS30,5,260930401,"[164, 275, 419, 530]","[None, None, 30]",1,2,3,2,0,1
4,47390,500,4,thrust,SS30,5,260930401,"[123, 213, 303, 406, 586]","[23, 3, None]",2,1,3,3,0,0
5,47391,500,5,thrust,SS30,5,260930401,"[91, 181, 271, 361, 451, 541]","[None, None, 41]",1,2,5,2,0,3
6,47650,500,6,thrust,SS30,5,260930401,"[127, 217, 309, 399, 489]","[27, 9, None]",2,1,3,2,0,1
7,48287,500,7,thrust,SS30,5,260930401,"[117, 207, 297, 387, 477]","[17, None, None]",1,2,4,2,0,2
8,48291,500,0,thrust,SS30,5,260930401,"[221, 633]","[None, None, None]",0,3,2,2,0,0
9,48687,500,1,thrust,SS30,5,260930401,"[170, 411, 551]","[None, None, 51]",1,2,2,2,0,0
10,51862,500,2,thrust,SS30,5,260930401,"[133, 368, 562, 659]","[33, None, None]",1,2,3,2,0,1
11,51867,500,3,thrust,SS30,5,260930401,"[136, 372, 547]","[36, None, 47]",2,1,1,1,0,0
12,52471,500,4,thrust,SS30,5,260930401,"[157, 335, 543]","[57, 35, 43]",3,0,0,0,0,0
13,52472,500,5,thrust,SS30,5,260930401,"[140, 325, 427, 536]","[40, 25, 36]",3,0,1,1,0,0
14,52482,500,6,thrust,SS30,5,260930401,"[149, 325, 415, 530]","[49, 25, 30]",3,0,1,1,0,0
15,52484,500,7,thrust,SS30,5,260930401,"[138, 327, 417, 534]","[38, 27, 34]",3,0,1,1,0,0
16,45187,1000,0,thrust,SS30,5,260930401,"[191, 403]","[None, None, None]",0,3,2,2,0,0
17,45235,1000,1,thrust,SS30,5,260930401,"[174, 345, 680]","[None, 45, None]",1,2,2,1,0,1
18,45377,1000,2,thrust,SS30,5,260930401,"[155, 346, 679]","[55, 46, None]",2,1,1,0,0,1
19,45387,1000,3,thrust,SS30,5,260930401,"[152, 242, 345, 543]","[52, 45, 43]",3,0,1,1,0,0
20,45399,1000,4,thrust,SS30,5,260930401,"[136, 433, 539]","[36, None, 39]",2,1,1,1,0,0
21,45531,1000,5,thrust,SS30,5,260930401,"[131, 227, 341, 532]","[31, 41, 32]",3,0,1,1,0,0
22,45542,1000,6,thrust,SS30,5,260930401,"[134, 365, 530, 620]","[34, None, 30]",2,1,2,2,0,0
23,45564,1000,7,thrust,SS30,5,260930401,"[135, 373, 522]","[35, None, 22]",2,1,1,1,0,0
24,45578,1000,0,thrust,SS30,5,260930401,"[381, 621]","[None, None, None]",0,3,2,2,0,0
25,45660,1000,1,thrust,SS30,5,260930401,"[361, 560]","[None, None, 60]",1,2,1,1,0,0
26,45675,1000,2,thrust,SS30,5,260930401,"[196, 328, 538]","[None, 28, 38]",2,1,1,1,0,0
27,45677,1000,3,thrust,SS30,5,260930401,"[207, 340, 536]","[None, 40, 36]",2,1,1,1,0,0
28,47356,1000,4,thrust,SS30,5,260930401,"[133, 333, 576]","[33, 33, None]",2,1,1,1,0,0
29,47361,1000,5,thrust,SS30,5,260930401,"[141, 328, 468, 558]","[41, 28, 58]",3,0,1,0,0,1
30,47362,1000,6,thrust,SS30,5,260930401,"[131, 332, 570]","[31, 32, None]",2,1,1,1,0,0
31,47367,1000,7,thrust,SS30,5,260930401,"[133, 324, 457, 677]","[33, 24, None]",2,1,2,0,0,2
32,45189,1500,0,thrust,SS30,5,260930401,[229],"[None, None, None]",0,3,1,1,0,0
33,45383,1500,1,thrust,SS30,5,260930401,"[169, 259, 585]","[None, None, None]",0,3,3,2,0,1
34,45408,1500,2,thrust,SS30,5,260930401,"[171, 434, 575]","[None, None, None]",0,3,3,3,0,0
35,45686,1500,3,thrust,SS30,5,260930401,"[140, 410, 545]","[40, None, 45]",2,1,1,1,0,0
36,45696,1500,4,thrust,SS30,5,260930401,"[319, 522, 624]","[None, 19, 22]",2,1,1,1,0,0
37,46077,1500,5,thrust,SS30,5,260930401,"[274, 364, 454, 544, 655]","[None, None, 44]",1,2,4,1,0,3
38,47371,1500,6,thrust,SS30,5,260930401,"[334, 545, 635]","[None, 34, 45]",2,1,1,1,0,0
39,47373,1500,7,thrust,SS30,5,260930401,"[329, 531]","[None, 29, 31]",2,1,0,0,0,0
40,47397,1500,0,thrust,SS30,5,260930401,[529],"[None, None, 29]",1,2,0,0,0,0
41,47630,1500,1,thrust,SS30,5,260930401,"[208, 337]","[None, 37, None]",1,2,1,1,0,0
42,47655,1500,2,thrust,SS30,5,260930401,"[152, 372, 589]","[52, None, None]",1,2,2,2,0,0
43,48143,1500,3,thrust,SS30,5,260930401,"[142, 325, 434, 692]","[42, 25, None]",2,1,2,1,0,1
44,48276,1500,4,thrust,SS30,5,260930401,"[146, 530]","[46, None, 30]",2,1,0,0,0,0
45,48292,1500,5,thrust,SS30,5,260930401,"[132, 339, 534]","[32, 39, 34]",3,0,0,0,0,0
46,48293,1500,6,thrust,SS30,5,260930401,"[142, 382, 530]","[42, None, 30]",2,1,1,1,0,0
47,48294,1500,7,thrust,SS30,5,260930401,"[146, 354, 530]","[46, 54, 30]",3,0,0,0,0,0
48,45397,2000,0,thrust,SS30,5,260930401,"[386, 619]","[None, None, None]",0,3,2,2,0,0
49,45582,2000,1,thrust,SS30,5,260930401,"[355, 544]","[None, 55, 44]",2,1,0,0,0,0
50,46074,2000,2,thrust,SS30,5,260930401,"[347, 551, 651]","[None, 47, 51]",2,1,1,0,0,1
51,46079,2000,3,thrust,SS30,5,260930401,"[341, 536]","[None, 41, 36]",2,1,0,0,0,0
52,46355,2000,4,thrust,SS30,5,260930401,"[143, 339, 578]","[43, 39, None]",2,1,1,1,0,0
53,48303,2000,5,thrust,SS30,5,260930401,"[160, 250, 340, 553]","[60, 40, 53]",3,0,1,0,0,1
54,48304,2000,6,thrust,SS30,5,260930401,"[138, 331, 441, 556]","[38, 31, 56]",3,0,1,1,0,0
55,48306,2000,7,thrust,SS30,5,260930401,"[135, 327, 417, 562]","[35, 27, None]",2,1,2,2,0,0
56,48311,2000,0,thrust,SS30,5,260930401,"[290, 587]","[None, None, None]",0,3,2,1,0,1
57,48317,2000,1,thrust,SS30,5,260930401,"[190, 321, 562]","[None, 21, None]",1,2,2,2,0,0
58,48321,2000,2,thrust,SS30,5,260930401,"[160, 322, 536]","[60, 22, 36]",3,0,0,0,0,0
59,48325,2000,3,thrust,SS30,5,260930401,"[143, 357, 536]","[43, 57, 36]",3,0,0,0,0,0
60,48330,2000,4,thrust,SS30,5,260930401,"[340, 529]","[None, 40, 29]",2,1,0,0,0,0
61,48331,2000,5,thrust,SS30,5,260930401,"[179, 328, 418, 530]","[None, 28, 30]",2,1,2,2,0,0
62,48582,2000,6,thrust,SS30,5,260930401,"[322, 412, 526, 648]","[None, 22, 26]",2,1,2,2,0,0
63,48663,2000,7,thrust,SS30,5,260930401,"[207, 328, 418, 538, 660]","[None, 28, 38]",2,1,3,2,0,1
0,45197,500,0,thrust,MSC16,5,260930401,"[412, 632]","[None, None, None]",0,3,2,2,0,0
1,45693,500,1,thrust,MSC16,5,260930401,"[230, 332, 549]","[None, 32, 49]",2,1,1,1,0,0
2,47377,500,2,thrust,MSC16,5,260930401,"[184, 328, 544]","[None, 28, 44]",2,1,1,1,0,0
3,47389,500,3,thrust,MSC16,5,260930401,"[164, 305, 432, 537]","[None, 5, 37]",2,1,2,2,0,0
4,47390,500,4,thrust,MSC16,5,260930401,"[119, 209, 299, 408, 590]","[19, None, None]",1,2,4,3,0,1
5,47391,500,5,thrust,MSC16,5,260930401,"[126, 216, 321, 411, 510, 681]","[26, 21, 10]",3,0,3,2,0,1
6,47650,500,6,thrust,MSC16,5,260930401,"[122, 212, 302, 392, 482]","[22, 2, None]",2,1,3,2,0,1
7,48287,500,7,thrust,MSC16,5,260930401,"[117, 207, 321, 490]","[17, 21, None]",2,1,2,1,0,1
8,48291,500,0,thrust,MSC16,5,260930401,[309],"[None, 9, None]",1,2,0,0,0,0
9,48687,500,1,thrust,MSC16,5,260930401,"[175, 410, 550, 682]","[None, None, 50]",1,2,3,2,0,1
10,51862,500,2,thrust,MSC16,5,260930401,"[129, 358, 560]","[29, 58, 60]",3,0,0,0,0,0
11,51867,500,3,thrust,MSC16,5,260930401,"[129, 368, 537]","[29, None, 37]",2,1,1,1,0,0
12,52471,500,4,thrust,MSC16,5,260930401,"[159, 334, 539]","[59, 34, 39]",3,0,0,0,0,0
13,52472,500,5,thrust,MSC16,5,260930401,"[141, 325, 427, 536]","[41, 25, 36]",3,0,1,1,0,0
14,52482,500,6,thrust,MSC16,5,260930401,"[147, 320, 410, 523]","[47, 20, 23]",3,0,1,1,0,0
15,52484,500,7,thrust,MSC16,5,260930401,"[137, 326, 441, 531]","[37, 26, 31]",3,0,1,1,0,0
16,45187,1000,0,thrust,MSC16,5,260930401,"[188, 410]","[None, None, None]",0,3,2,2,0,0
17,45235,1000,1,thrust,MSC16,5,260930401,"[174, 355, 683]","[None, 55, None]",1,2,2,1,0,1
18,45377,1000,2,thrust,MSC16,5,260930401,"[232, 357]","[None, 57, None]",1,2,1,1,0,0
19,45387,1000,3,thrust,MSC16,5,260930401,"[151, 339, 543]","[51, 39, 43]",3,0,0,0,0,0
20,45399,1000,4,thrust,MSC16,5,260930401,"[134, 447, 538]","[34, None, 38]",2,1,1,1,0,0
21,45531,1000,5,thrust,MSC16,5,260930401,"[130, 228, 365, 529]","[30, None, 29]",2,1,2,2,0,0
22,45542,1000,6,thrust,MSC16,5,260930401,"[131, 367, 526, 616]","[31, None, 26]",2,1,2,2,0,0
23,45564,1000,7,thrust,MSC16,5,260930401,"[129, 248, 395, 522]","[29, None, 22]",2,1,2,2,0,0
24,45578,1000,0,thrust,MSC16,5,260930401,"[408, 625]","[None, None, None]",0,3,2,2,0,0
25,45660,1000,1,thrust,MSC16,5,260930401,"[357, 565]","[None, 57, None]",1,2,1,1,0,0
26,45675,1000,2,thrust,MSC16,5,260930401,"[270, 360, 506, 597]","[None, 60, 6]",2,1,2,1,0,1
27,45677,1000,3,thrust,MSC16,5,260930401,"[206, 340, 533]","[None, 40, 33]",2,1,1,1,0,0
28,47356,1000,4,thrust,MSC16,5,260930401,"[133, 333, 578]","[33, 33, None]",2,1,1,1,0,0
29,47361,1000,5,thrust,MSC16,5,260930401,"[138, 327, 468, 591]","[38, 27, None]",2,1,2,1,0,1
30,47362,1000,6,thrust,MSC16,5,260930401,"[129, 330, 565]","[29, 30, None]",2,1,1,1,0,0
31,47367,1000,7,thrust,MSC16,5,260930401,"[127, 323, 453]","[27, 23, None]",2,1,1,0,0,1
32,45189,1500,0,thrust,MSC16,5,260930401,[227],"[None, None, None]",0,3,1,1,0,0
33,45383,1500,1,thrust,MSC16,5,260930401,"[175, 426, 630]","[None, None, None]",0,3,3,3,0,0
34,45408,1500,2,thrust,MSC16,5,260930401,"[175, 425, 572]","[None, None, None]",0,3,3,3,0,0
35,45686,1500,3,thrust,MSC16,5,260930401,"[136, 435, 546]","[36, None, 46]",2,1,1,1,0,0
36,45696,1500,4,thrust,MSC16,5,260930401,"[316, 522]","[None, 16, 22]",2,1,0,0,0,0
37,46077,1500,5,thrust,MSC16,5,260930401,"[331, 533]","[None, 31, 33]",2,1,0,0,0,0
38,47371,1500,6,thrust,MSC16,5,260930401,"[335, 541]","[None, 35, 41]",2,1,0,0,0,0
39,47373,1500,7,thrust,MSC16,5,260930401,"[323, 418, 537]","[None, 23, 37]",2,1,1,1,0,0
40,47397,1500,0,thrust,MSC16,5,260930401,[583],"[None, None, None]",0,3,1,1,0,0
41,47630,1500,1,thrust,MSC16,5,260930401,"[218, 359]","[None, 59, None]",1,2,1,1,0,0
42,47655,1500,2,thrust,MSC16,5,260930401,"[166, 301, 489]","[None, 1, None]",1,2,2,1,0,1
43,48143,1500,3,thrust,MSC16,5,260930401,"[142, 327, 566]","[42, 27, None]",2,1,1,1,0,0
44,48276,1500,4,thrust,MSC16,5,260930401,"[143, 531]","[43, None, 31]",2,1,0,0,0,0
45,48292,1500,5,thrust,MSC16,5,260930401,"[137, 321, 533]","[37, 21, 33]",3,0,0,0,0,0
46,48293,1500,6,thrust,MSC16,5,260930401,"[141, 379, 529]","[41, None, 29]",2,1,1,1,0,0
47,48294,1500,7,thrust,MSC16,5,260930401,"[146, 366, 524, 697]","[46, None, 24]",2,1,2,1,0,1
48,45397,2000,0,thrust,MSC16,5,260930401,[397],"[None, None, None]",0,3,1,1,0,0
49,45582,2000,1,thrust,MSC16,5,260930401,"[346, 552]","[None, 46, 52]",2,1,0,0,0,0
50,46074,2000,2,thrust,MSC16,5,260930401,"[336, 542]","[None, 36, 42]",2,1,0,0,0,0
51,46079,2000,3,thrust,MSC16,5,260930401,"[334, 538]","[None, 34, 38]",2,1,0,0,0,0
52,46355,2000,4,thrust,MSC16,5,260930401,"[144, 338, 589]","[44, 38, None]",2,1,1,1,0,0
53,48303,2000,5,thrust,MSC16,5,260930401,"[160, 250, 340, 553]","[60, 40, 53]",3,0,1,0,0,1
54,48304,2000,6,thrust,MSC16,5,260930401,"[137, 329, 437, 556]","[37, 29, 56]",3,0,1,1,0,0
55,48306,2000,7,thrust,MSC16,5,260930401,"[138, 324, 414, 562]","[38, 24, None]",2,1,2,2,0,0
56,48311,2000,0,thrust,MSC16,5,260930401,"[294, 591]","[None, None, None]",0,3,2,1,0,1
57,48317,2000,1,thrust,MSC16,5,260930401,"[201, 311, 560]","[None, 11, 60]",2,1,1,1,0,0
58,48321,2000,2,thrust,MSC16,5,260930401,"[159, 363, 540]","[59, None, 40]",2,1,1,1,0,0
59,48325,2000,3,thrust,MSC16,5,260930401,"[142, 358, 535]","[42, 58, 35]",3,0,0,0,0,0
60,48330,2000,4,thrust,MSC16,5,260930401,"[340, 527]","[None, 40, 27]",2,1,0,0,0,0
61,48331,2000,5,thrust,MSC16,5,260930401,"[168, 327, 417, 523]","[None, 27, 23]",2,1,2,2,0,0
62,48582,2000,6,thrust,MSC16,5,260930401,"[320, 410, 523, 639]","[None, 20, 23]",2,1,2,2,0,0
63,48663,2000,7,thrust,MSC16,5,260930401,"[236, 328, 425, 532]","[None, 28, 32]",2,1,2,2,0,0
0,45197,500,0,thrust,MSC30,5,260930401,"[385, 602]","[None, None, None]",0,3,2,2,0,0
1,45693,500,1,thrust,MSC30,5,260930401,"[192, 332, 545]","[None, 32, 45]",2,1,1,1,0,0
2,47377,500,2,thrust,MSC30,5,260930401,"[184, 328, 543]","[None, 28, 43]",2,1,1,1,0,0
3,47389,500,3,thrust,MSC30,5,260930401,"[164, 275, 425, 535]","[None, None, 35]",1,2,3,2,0,1
4,47390,500,4,thrust,MSC30,5,260930401,"[119, 209, 299, 405, 588]","[19, None, None]",1,2,4,3,0,1
5,47391,500,5,thrust,MSC30,5,260930401,"[126, 216, 321, 411, 519, 681]","[26, 21, 19]",3,0,3,2,0,1
6,47650,500,6,thrust,MSC30,5,260930401,"[122, 212, 302, 392, 482, 581]","[22, 2, None]",2,1,4,3,0,1
7,48287,500,7,thrust,MSC30,5,260930401,"[121, 211, 320, 410, 677]","[21, 20, None]",2,1,3,2,0,1
8,48291,500,0,thrust,MSC30,5,260930401,"[221, 636]","[None, None, None]",0,3,2,2,0,0
9,48687,500,1,thrust,MSC30,5,260930401,"[171, 411, 556, 651]","[None, None, 56]",1,2,3,2,0,1
10,51862,500,2,thrust,MSC30,5,260930401,"[129, 348, 560, 663]","[29, 48, 60]",3,0,1,0,0,1
11,51867,500,3,thrust,MSC30,5,260930401,"[129, 357, 537]","[29, 57, 37]",3,0,0,0,0,0
12,52471,500,4,thrust,MSC30,5,260930401,"[158, 335, 540]","[58, 35, 40]",3,0,0,0,0,0
13,52472,500,5,thrust,MSC30,5,260930401,"[141, 328, 449, 539]","[41, 28, 39]",3,0,1,1,0,0
14,52482,500,6,thrust,MSC30,5,260930401,"[147, 323, 413, 525]","[47, 23, 25]",3,0,1,1,0,0
15,52484,500,7,thrust,MSC30,5,260930401,"[137, 327, 417, 534]","[37, 27, 34]",3,0,1,1,0,0
16,45187,1000,0,thrust,MSC30,5,260930401,"[191, 408]","[None, None, None]",0,3,2,2,0,0
17,45235,1000,1,thrust,MSC30,5,260930401,"[174, 347, 680]","[None, 47, None]",1,2,2,1,0,1
18,45377,1000,2,thrust,MSC30,5,260930401,"[158, 344, 680]","[58, 44, None]",2,1,1,0,0,1
19,45387,1000,3,thrust,MSC30,5,260930401,"[153, 243, 342, 544]","[53, 42, 44]",3,0,1,1,0,0
20,45399,1000,4,thrust,MSC30,5,260930401,"[135, 441, 538]","[35, None, 38]",2,1,1,1,0,0
21,45531,1000,5,thrust,MSC30,5,260930401,"[132, 229, 342, 530]","[32, 42, 30]",3,0,1,1,0,0
22,45542,1000,6,thrust,MSC30,5,260930401,"[135, 366, 526, 616]","[35, None, 26]",2,1,2,2,0,0
23,45564,1000,7,thrust,MSC30,5,260930401,"[129, 219, 377, 522]","[29, None, 22]",2,1,2,2,0,0
24,45578,1000,0,thrust,MSC30,5,260930401,"[382, 622]","[None, None, None]",0,3,2,2,0,0
25,45660,1000,1,thrust,MSC30,5,260930401,"[361, 561]","[None, None, None]",0,3,2,2,0,0
26,45675,1000,2,thrust,MSC30,5,260930401,"[264, 354, 444, 549]","[None, 54, 49]",2,1,2,1,0,1
27,45677,1000,3,thrust,MSC30,5,260930401,"[328, 523]","[None, 28, 23]",2,1,0,0,0,0
28,47356,1000,4,thrust,MSC30,5,260930401,"[133, 334, 576]","[33, 34, None]",2,1,1,1,0,0
29,47361,1000,5,thrust,MSC30,5,260930401,"[138, 327, 431, 559]","[38, 27, 59]",3,0,1,1,0,0
30,47362,1000,6,thrust,MSC30,5,260930401,"[131, 330, 569]","[31, 30, None]",2,1,1,1,0,0
31,47367,1000,7,thrust,MSC30,5,260930401,"[129, 324, 459]","[29, 24, None]",2,1,1,0,0,1
32,45189,1500,0,thrust,MSC30,5,260930401,[258],"[None, None, None]",0,3,1,0,0,1
33,45383,1500,1,thrust,MSC30,5,260930401,"[170, 424, 606]","[None, None, None]",0,3,3,3,0,0
34,45408,1500,2,thrust,MSC30,5,260930401,"[174, 498, 588]","[None, None, None]",0,3,3,2,0,1
35,45686,1500,3,thrust,MSC30,5,260930401,"[136, 410, 545]","[36, None, 45]",2,1,1,1,0,0
36,45696,1500,4,thrust,MSC30,5,260930401,"[319, 522, 624]","[None, 19, 22]",2,1,1,1,0,0
37,46077,1500,5,thrust,MSC30,5,260930401,"[275, 365, 455, 545, 655]","[None, None, 45]",1,2,4,1,0,3
38,47371,1500,6,thrust,MSC30,5,260930401,"[334, 541, 636]","[None, 34, 41]",2,1,1,1,0,0
39,47373,1500,7,thrust,MSC30,5,260930401,"[323, 418, 521, 658]","[None, 23, 21]",2,1,2,1,0,1
40,47397,1500,0,thrust,MSC30,5,260930401,[583],"[None, None, None]",0,3,1,1,0,0
41,47630,1500,1,thrust,MSC30,5,260930401,"[208, 338]","[None, 38, None]",1,2,1,1,0,0
42,47655,1500,2,thrust,MSC30,5,260930401,"[153, 372, 647]","[53, None, None]",1,2,2,2,0,0
43,48143,1500,3,thrust,MSC30,5,260930401,"[143, 328, 439, 696]","[43, 28, None]",2,1,2,1,0,1
44,48276,1500,4,thrust,MSC30,5,260930401,"[146, 526]","[46, None, 26]",2,1,0,0,0,0
45,48292,1500,5,thrust,MSC30,5,260930401,"[132, 321, 534]","[32, 21, 34]",3,0,0,0,0,0
46,48293,1500,6,thrust,MSC30,5,260930401,"[142, 383, 529]","[42, None, 29]",2,1,1,1,0,0
47,48294,1500,7,thrust,MSC30,5,260930401,"[146, 355, 524, 617]","[46, 55, 24]",3,0,1,1,0,0
48,45397,2000,0,thrust,MSC30,5,260930401,"[386, 622]","[None, None, None]",0,3,2,2,0,0
49,45582,2000,1,thrust,MSC30,5,260930401,"[346, 550]","[None, 46, 50]",2,1,0,0,0,0
50,46074,2000,2,thrust,MSC30,5,260930401,"[348, 552, 651]","[None, 48, 52]",2,1,1,0,0,1
51,46079,2000,3,thrust,MSC30,5,260930401,"[335, 538]","[None, 35, 38]",2,1,0,0,0,0
52,46355,2000,4,thrust,MSC30,5,260930401,"[143, 338, 578]","[43, 38, None]",2,1,1,1,0,0
53,48303,2000,5,thrust,MSC30,5,260930401,"[161, 251, 341, 553]","[None, 41, 53]",2,1,2,1,0,1
54,48304,2000,6,thrust,MSC30,5,260930401,"[138, 329, 419, 556]","[38, 29, 56]",3,0,1,1,0,0
55,48306,2000,7,thrust,MSC30,5,260930401,"[138, 324, 414, 562]","[38, 24, None]",2,1,2,2,0,0
56,48311,2000,0,thrust,MSC30,5,260930401,"[290, 589]","[None, None, None]",0,3,2,1,0,1
57,48317,2000,1,thrust,MSC30,5,260930401,"[190, 325, 563]","[None, 25, None]",1,2,2,2,0,0
58,48321,2000,2,thrust,MSC30,5,260930401,"[159, 358, 539]","[59, 58, 39]",3,0,0,0,0,0
59,48325,2000,3,thrust,MSC30,5,260930401,"[142, 358, 537]","[42, 58, 37]",3,0,0,0,0,0
60,48330,2000,4,thrust,MSC30,5,260930401,"[340, 527]","[None, 40, 27]",2,1,0,0,0,0
61,48331,2000,5,thrust,MSC30,5,260930401,"[168, 327, 417, 523]","[None, 27, 23]",2,1,2,2,0,0
62,48582,2000,6,thrust,MSC30,5,260930401,"[320, 410, 524, 640]","[None, 20, 24]",2,1,2,2,0,0
63,48663,2000,7,thrust,MSC30,5,260930401,"[214, 328, 418, 532]","[None, 28, 32]",2,1,2,2,0,0
0,45197,500,0,thrust,MSC10,5,260930401,[411],"[None, None, None]",0,3,1,1,0,0
1,45693,500,1,thrust,MSC10,5,260930401,"[223, 346, 559]","[None, 46, 59]",2,1,1,1,0,0
2,47377,500,2,thrust,MSC10,5,260930401,"[185, 327, 545]","[None, 27, 45]",2,1,1,1,0,0
3,47389,500,3,thrust,MSC10,5,260930401,"[163, 304, 434, 537]","[None, 4, 37]",2,1,2,2,0,0
4,47390,500,4,thrust,MSC10,5,260930401,"[117, 207, 297, 407, 650]","[17, None, None]",1,2,4,2,0,2
5,47391,500,5,thrust,MSC10,5,260930401,"[126, 216, 320, 410, 525, 681]","[26, 20, 25]",3,0,3,2,0,1
6,47650,500,6,thrust,MSC10,5,260930401,"[122, 212, 324, 414]","[22, 24, None]",2,1,2,2,0,0
7,48287,500,7,thrust,MSC10,5,260930401,"[117, 207, 321, 497]","[17, 21, None]",2,1,2,1,0,1
8,48291,500,0,thrust,MSC10,5,260930401,[251],"[None, None, None]",0,3,1,0,0,1
9,48687,500,1,thrust,MSC10,5,260930401,"[175, 416, 556, 680]","[None, None, 56]",1,2,3,2,0,1
10,51862,500,2,thrust,MSC10,5,260930401,"[128, 383, 560]","[28, None, 60]",2,1,1,1,0,0
11,51867,500,3,thrust,MSC10,5,260930401,"[129, 368, 538]","[29, None, 38]",2,1,1,1,0,0
12,52471,500,4,thrust,MSC10,5,260930401,"[160, 335, 539]","[60, 35, 39]",3,0,0,0,0,0
13,52472,500,5,thrust,MSC10,5,260930401,"[140, 328, 496, 586, 685]","[40, 28, None]",2,1,3,1,0,2
14,52482,500,6,thrust,MSC10,5,260930401,"[147, 322, 412, 522]","[47, 22, 22]",3,0,1,1,0,0
15,52484,500,7,thrust,MSC10,5,260930401,"[136, 327, 534]","[36, 27, 34]",3,0,0,0,0,0
16,45187,1000,0,thrust,MSC10,5,260930401,"[190, 410]","[None, None, None]",0,3,2,2,0,0
17,45235,1000,1,thrust,MSC10,5,260930401,"[172, 355]","[None, 55, None]",1,2,1,1,0,0
18,45377,1000,2,thrust,MSC10,5,260930401,"[229, 355]","[None, 55, None]",1,2,1,1,0,0
19,45387,1000,3,thrust,MSC10,5,260930401,"[150, 340, 544]","[50, 40, 44]",3,0,0,0,0,0
20,45399,1000,4,thrust,MSC10,5,260930401,"[134, 446, 538]","[34, None, 38]",2,1,1,1,0,0
21,45531,1000,5,thrust,MSC10,5,260930401,"[131, 332, 528]","[31, 32, 28]",3,0,0,0,0,0
22,45542,1000,6,thrust,MSC10,5,260930401,"[132, 367, 526, 627]","[32, None, 26]",2,1,2,2,0,0
23,45564,1000,7,thrust,MSC10,5,260930401,"[127, 242, 378, 520]","[27, None, 20]",2,1,2,2,0,0
24,45578,1000,0,thrust,MSC10,5,260930401,"[409, 624]","[None, None, None]",0,3,2,2,0,0
25,45660,1000,1,thrust,MSC10,5,260930401,"[362, 577]","[None, None, None]",0,3,2,2,0,0
26,45675,1000,2,thrust,MSC10,5,260930401,"[281, 371, 562]","[None, None, None]",0,3,3,2,0,1
27,45677,1000,3,thrust,MSC10,5,260930401,"[329, 521]","[None, 29, 21]",2,1,0,0,0,0
28,47356,1000,4,thrust,MSC10,5,260930401,"[133, 335, 579]","[33, 35, None]",2,1,1,1,0,0
29,47361,1000,5,thrust,MSC10,5,260930401,"[139, 327, 553]","[39, 27, 53]",3,0,0,0,0,0
30,47362,1000,6,thrust,MSC10,5,260930401,"[130, 329, 568]","[30, 29, None]",2,1,1,1,0,0
31,47367,1000,7,thrust,MSC10,5,260930401,"[129, 323, 613]","[29, 23, None]",2,1,1,1,0,0
32,45189,1500,0,thrust,MSC10,5,260930401,[465],"[None, None, None]",0,3,1,0,0,1
33,45383,1500,1,thrust,MSC10,5,260930401,"[190, 424]","[None, None, None]",0,3,2,2,0,0
34,45408,1500,2,thrust,MSC10,5,260930401,"[176, 569]","[None, None, None]",0,3,2,2,0,0
35,45686,1500,3,thrust,MSC10,5,260930401,"[135, 431, 546]","[35, None, 46]",2,1,1,1,0,0
36,45696,1500,4,thrust,MSC10,5,260930401,"[326, 523]","[None, 26, 23]",2,1,0,0,0,0
37,46077,1500,5,thrust,MSC10,5,260930401,"[331, 535]","[None, 31, 35]",2,1,0,0,0,0
38,47371,1500,6,thrust,MSC10,5,260930401,"[347, 544]","[None, 47, 44]",2,1,0,0,0,0
39,47373,1500,7,thrust,MSC10,5,260930401,"[324, 473, 563]","[None, 24, None]",1,2,2,1,0,1
40,47397,1500,0,thrust,MSC10,5,260930401,[653],"[None, None, None]",0,3,1,0,0,1
41,47630,1500,1,thrust,MSC10,5,260930401,"[261, 381]","[None, None, None]",0,3,2,1,0,1
42,47655,1500,2,thrust,MSC10,5,260930401,"[131, 355]","[31, 55, None]",2,1,0,0,0,0
43,48143,1500,3,thrust,MSC10,5,260930401,"[141, 328, 598]","[41, 28, None]",2,1,1,1,0,0
44,48276,1500,4,thrust,MSC10,5,260930401,"[132, 526]","[32, None, 26]",2,1,0,0,0,0
45,48292,1500,5,thrust,MSC10,5,260930401,"[137, 322, 528]","[37, 22, 28]",3,0,0,0,0,0
46,48293,1500,6,thrust,MSC10,5,260930401,"[143, 390, 529]","[43, None, 29]",2,1,1,1,0,0
47,48294,1500,7,thrust,MSC10,5,260930401,"[143, 366, 523, 670]","[43, None, 23]",2,1,2,1,0,1
48,45397,2000,0,thrust,MSC10,5,260930401,[412],"[None, None, None]",0,3,1,1,0,0
49,45582,2000,1,thrust,MSC10,5,260930401,"[347, 552]","[None, 47, 52]",2,1,0,0,0,0
50,46074,2000,2,thrust,MSC10,5,260930401,"[351, 553]","[None, 51, 53]",2,1,0,0,0,0
51,46079,2000,3,thrust,MSC10,5,260930401,"[335, 538]","[None, 35, 38]",2,1,0,0,0,0
52,46355,2000,4,thrust,MSC10,5,260930401,"[144, 340, 593]","[44, 40, None]",2,1,1,1,0,0
53,48303,2000,5,thrust,MSC10,5,260930401,"[177, 336, 554]","[None, 36, 54]",2,1,1,1,0,0
54,48304,2000,6,thrust,MSC10,5,260930401,"[137, 329, 437, 555]","[37, 29, 55]",3,0,1,1,0,0
55,48306,2000,7,thrust,MSC10,5,260930401,"[133, 323, 413, 561]","[33, 23, None]",2,1,2,2,0,0
56,48311,2000,0,thrust,MSC10,5,260930401,[590],"[None, None, None]",0,3,1,1,0,0
57,48317,2000,1,thrust,MSC10,5,260930401,"[255, 567]","[None, None, None]",0,3,2,1,0,1
58,48321,2000,2,thrust,MSC10,5,260930401,"[157, 370, 540]","[57, None, 40]",2,1,1,1,0,0
59,48325,2000,3,thrust,MSC10,5,260930401,"[140, 356, 538]","[40, 56, 38]",3,0,0,0,0,0
60,48330,2000,4,thrust,MSC10,5,260930401,"[342, 527]","[None, 42, 27]",2,1,0,0,0,0
61,48331,2000,5,thrust,MSC10,5,260930401,"[170, 327, 426, 523]","[None, 27, 23]",2,1,2,2,0,0
62,48582,2000,6,thrust,MSC10,5,260930401,"[320, 410, 526, 660]","[None, 20, 26]",2,1,2,1,0,1
63,48663,2000,7,thrust,MSC10,5,260930401,"[235, 329, 533]","[None, 29, 33]",2,1,1,1,0,0
0,45197,500,0,thrust,SS2,5,260930402,[450],"[None, None, None]",0,3,1,0,0,1
1,45693,500,1,thrust,SS2,5,260930402,"[155, 348, 598]","[55, 48, None]",2,1,1,1,0,0
2,47377,500,2,thrust,SS2,5,260930402,"[203, 345, 547]","[None, 45, 47]",2,1,1,1,0,0
3,47389,500,3,thrust,SS2,5,260930402,"[168, 339, 549]","[None, 39, 49]",2,1,1,1,0,0
4,47390,500,4,thrust,SS2,5,260930402,"[126, 249, 348, 621]","[26, 48, None]",2,1,2,2,0,0
5,47391,500,5,thrust,SS2,5,260930402,"[124, 258, 348, 439, 599]","[24, 48, None]",2,1,3,2,0,1
6,47650,500,6,thrust,SS2,5,260930402,"[126, 220, 331, 635]","[26, 31, None]",2,1,2,2,0,0
7,48287,500,7,thrust,SS2,5,260930402,"[123, 284, 374, 464]","[23, None, None]",1,2,3,1,0,2
8,48291,500,0,thrust,SS2,5,260930402,[680],"[None, None, None]",0,3,1,0,0,1
9,48687,500,1,thrust,SS2,5,260930402,"[293, 553]","[None, None, 53]",1,2,1,0,0,1
10,51862,500,2,thrust,SS2,5,260930402,"[149, 475, 570]","[49, None, None]",1,2,2,1,0,1
11,51867,500,3,thrust,SS2,5,260930402,"[136, 407, 555]","[36, None, 55]",2,1,1,1,0,0
12,52471,500,4,thrust,SS2,5,260930402,"[163, 336, 541]","[None, 36, 41]",2,1,1,1,0,0
13,52472,500,5,thrust,SS2,5,260930402,"[150, 332, 542]","[50, 32, 42]",3,0,0,0,0,0
14,52482,500,6,thrust,SS2,5,260930402,"[161, 324, 421, 529]","[None, 24, 29]",2,1,2,2,0,0
15,52484,500,7,thrust,SS2,5,260930402,"[148, 327, 540]","[48, 27, 40]",3,0,0,0,0,0
16,45187,1000,0,thrust,SS2,5,260930402,[362],"[None, None, None]",0,3,1,1,0,0
17,45235,1000,1,thrust,SS2,5,260930402,"[197, 378]","[None, None, None]",0,3,2,2,0,0
18,45377,1000,2,thrust,SS2,5,260930402,"[263, 382, 485]","[None, None, None]",0,3,3,1,0,2
19,45387,1000,3,thrust,SS2,5,260930402,"[173, 334, 643]","[None, 34, None]",1,2,2,2,0,0
20,45399,1000,4,thrust,SS2,5,260930402,"[141, 463, 553]","[41, None, 53]",2,1,1,0,0,1
21,45531,1000,5,thrust,SS2,5,260930402,"[122, 348, 525]","[22, 48, 25]",3,0,0,0,0,0
22,45542,1000,6,thrust,SS2,5,260930402,"[149, 418, 519, 617]","[49, None, 19]",2,1,2,2,0,0
23,45564,1000,7,thrust,SS2,5,260930402,"[140, 234, 513]","[40, None, 13]",2,1,1,1,0,0
24,45578,1000,0,thrust,SS2,5,260930402,[661],"[None, None, None]",0,3,1,0,0,1
25,45660,1000,1,thrust,SS2,5,260930402,"[373, 595]","[None, None, None]",0,3,2,2,0,0
26,45675,1000,2,thrust,SS2,5,260930402,"[272, 363, 575, 681]","[None, None, None]",0,3,4,2,0,2
27,45677,1000,3,thrust,SS2,5,260930402,"[343, 551]","[None, 43, 51]",2,1,0,0,0,0
28,47356,1000,4,thrust,SS2,5,260930402,"[143, 333, 589]","[43, 33, None]",2,1,1,1,0,0
29,47361,1000,5,thrust,SS2,5,260930402,"[141, 324, 562]","[41, 24, None]",2,1,1,1,0,0
30,47362,1000,6,thrust,SS2,5,260930402,"[125, 343, 561]","[25, 43, None]",2,1,1,1,0,0
31,47367,1000,7,thrust,SS2,5,260930402,"[131, 321, 479]","[31, 21, None]",2,1,1,0,0,1
32,45189,1500,0,thrust,SS2,5,260930402,[123],"[23, None, None]",1,2,0,0,0,0
33,45383,1500,1,thrust,SS2,5,260930402,"[216, 390]","[None, None, None]",0,3,2,2,0,0
34,45408,1500,2,thrust,SS2,5,260930402,"[227, 585]","[None, None, None]",0,3,2,2,0,0
35,45686,1500,3,thrust,SS2,5,260930402,"[138, 479, 664]","[38, None, None]",1,2,2,0,0,2
36,45696,1500,4,thrust,SS2,5,260930402,"[332, 537]","[None, 32, 37]",2,1,0,0,0,0
37,46077,1500,5,thrust,SS2,5,260930402,"[328, 534]","[None, 28, 34]",2,1,0,0,0,0
38,47371,1500,6,thrust,SS2,5,260930402,"[325, 545]","[None, 25, 45]",2,1,0,0,0,0
39,47373,1500,7,thrust,SS2,5,260930402,"[335, 536]","[None, 35, 36]",2,1,0,0,0,0
40,47397,1500,0,thrust,SS2,5,260930402,[],"[None, None, None]",0,3,0,0,0,0
41,47630,1500,1,thrust,SS2,5,260930402,[455],"[None, None, None]",0,3,1,0,0,1
42,47655,1500,2,thrust,SS2,5,260930402,"[161, 370]","[None, None, None]",0,3,2,2,0,0
43,48143,1500,3,thrust,SS2,5,260930402,"[146, 344, 638]","[46, 44, None]",2,1,1,1,0,0
44,48276,1500,4,thrust,SS2,5,260930402,"[219, 549]","[None, None, 49]",1,2,1,1,0,0
45,48292,1500,5,thrust,SS2,5,260930402,"[147, 408, 524]","[47, None, 24]",2,1,1,1,0,0
46,48293,1500,6,thrust,SS2,5,260930402,"[144, 414, 538]","[44, None, 38]",2,1,1,1,0,0
47,48294,1500,7,thrust,SS2,5,260930402,"[149, 389, 538]","[49, None, 38]",2,1,1,1,0,0
48,45397,2000,0,thrust,SS2,5,260930402,[440],"[None, None, None]",0,3,1,1,0,0
49,45582,2000,1,thrust,SS2,5,260930402,[370],"[None, None, None]",0,3,1,1,0,0
50,46074,2000,2,thrust,SS2,5,260930402,"[347, 563, 657]","[None, 47, None]",1,2,2,1,0,1
51,46079,2000,3,thrust,SS2,5,260930402,"[346, 548]","[None, 46, 48]",2,1,0,0,0,0
52,46355,2000,4,thrust,SS2,5,260930402,"[140, 344, 580]","[40, 44, None]",2,1,1,1,0,0
53,48303,2000,5,thrust,SS2,5,260930402,"[217, 340, 554]","[None, 40, 54]",2,1,1,1,0,0
54,48304,2000,6,thrust,SS2,5,260930402,"[139, 324, 424, 536]","[39, 24, 36]",3,0,1,1,0,0
55,48306,2000,7,thrust,SS2,5,260930402,"[142, 327, 447, 578]","[42, 27, None]",2,1,2,2,0,0
56,48311,2000,0,thrust,SS2,5,260930402,[],"[None, None, None]",0,3,0,0,0,0
57,48317,2000,1,thrust,SS2,5,260930402,"[328, 586]","[None, 28, None]",1,2,1,1,0,0
58,48321,2000,2,thrust,SS2,5,260930402,"[228, 546, 667]","[None, None, 46]",1,2,2,1,0,1
59,48325,2000,3,thrust,SS2,5,260930402,"[171, 368, 547]","[None, None, 47]",1,2,2,2,0,0
60,48330,2000,4,thrust,SS2,5,260930402,"[332, 538]","[None, 32, 38]",2,1,0,0,0,0
61,48331,2000,5,thrust,SS2,5,260930402,"[330, 445, 544]","[None, 30, 44]",2,1,1,1,0,0
62,48582,2000,6,thrust,SS2,5,260930402,"[325, 531]","[None, 25, 31]",2,1,0,0,0,0
63,48663,2000,7,thrust,SS2,5,260930402,"[307, 397, 537]","[None, 7, 37]",2,1,1,1,0,0
0,45197,500,0,thrust,SS8,5,260930402,[392],"[None, None, None]",0,3,1,1,0,0
1,45693,500,1,thrust,SS8,5,260930402,"[188, 337, 553]","[None, 37, 53]",2,1,1,1,0,0
2,47377,500,2,thrust,SS8,5,260930402,"[199, 327, 544]","[None, 27, 44]",2,1,1,1,0,0
3,47389,500,3,thrust,SS8,5,260930402,"[159, 330, 542]","[59, 30, 42]",3,0,0,0,0,0
4,47390,500,4,thrust,SS8,5,260930402,"[121, 211, 328, 453]","[21, 28, None]",2,1,2,1,0,1
5,47391,500,5,thrust,SS8,5,260930402,"[127, 258, 348, 438, 563]","[27, 48, None]",2,1,3,2,0,1
6,47650,500,6,thrust,SS8,5,260930402,"[117, 207, 328, 471, 637]","[17, 28, None]",2,1,3,2,0,1
7,48287,500,7,thrust,SS8,5,260930402,"[118, 208, 330]","[18, 30, None]",2,1,1,1,0,0
8,48291,500,0,thrust,SS8,5,260930402,"[209, 609]","[None, None, None]",0,3,2,2,0,0
9,48687,500,1,thrust,SS8,5,260930402,"[183, 416, 553]","[None, None, 53]",1,2,2,2,0,0
10,51862,500,2,thrust,SS8,5,260930402,"[132, 363, 550]","[32, None, 50]",2,1,1,1,0,0
11,51867,500,3,thrust,SS8,5,260930402,"[131, 376, 536]","[31, None, 36]",2,1,1,1,0,0
12,52471,500,4,thrust,SS8,5,260930402,"[156, 329, 543]","[56, 29, 43]",3,0,0,0,0,0
13,52472,500,5,thrust,SS8,5,260930402,"[140, 318, 408, 535]","[40, 18, 35]",3,0,1,1,0,0
14,52482,500,6,thrust,SS8,5,260930402,"[142, 323, 413, 532]","[42, 23, 32]",3,0,1,1,0,0
15,52484,500,7,thrust,SS8,5,260930402,"[140, 322, 412, 531]","[40, 22, 31]",3,0,1,1,0,0
16,45187,1000,0,thrust,SS8,5,260930402,"[401, 503]","[None, None, 3]",1,2,1,1,0,0
17,45235,1000,1,thrust,SS8,5,260930402,"[196, 364]","[None, None, None]",0,3,2,2,0,0
18,45377,1000,2,thrust,SS8,5,260930402,"[178, 340]","[None, 40, None]",1,2,1,1,0,0
19,45387,1000,3,thrust,SS8,5,260930402,"[145, 333, 634]","[45, 33, None]",2,1,1,1,0,0
20,45399,1000,4,thrust,SS8,5,260930402,"[131, 439, 533]","[31, None, 33]",2,1,1,1,0,0
21,45531,1000,5,thrust,SS8,5,260930402,"[128, 218, 346, 527]","[28, 46, 27]",3,0,1,1,0,0
22,45542,1000,6,thrust,SS8,5,260930402,"[143, 390, 520, 610]","[43, None, 20]",2,1,2,2,0,0
23,45564,1000,7,thrust,SS8,5,260930402,"[124, 214, 388, 519]","[24, None, 19]",2,1,2,2,0,0
24,45578,1000,0,thrust,SS8,5,260930402,"[403, 627]","[None, None, None]",0,3,2,2,0,0
25,45660,1000,1,thrust,SS8,5,260930402,"[372, 599]","[None, None, None]",0,3,2,2,0,0
26,45675,1000,2,thrust,SS8,5,260930402,"[118, 336, 547]","[18, 36, 47]",3,0,0,0,0,0
27,45677,1000,3,thrust,SS8,5,260930402,"[331, 539]","[None, 31, 39]",2,1,0,0,0,0
28,47356,1000,4,thrust,SS8,5,260930402,"[135, 332, 589]","[35, 32, None]",2,1,1,1,0,0
29,47361,1000,5,thrust,SS8,5,260930402,"[135, 319, 409, 573]","[35, 19, None]",2,1,2,2,0,0
30,47362,1000,6,thrust,SS8,5,260930402,"[125, 330, 592]","[25, 30, None]",2,1,1,1,0,0
31,47367,1000,7,thrust,SS8,5,260930402,"[123, 213, 332, 604]","[23, 32, None]",2,1,2,2,0,0
32,45189,1500,0,thrust,SS8,5,260930402,[292],"[None, None, None]",0,3,1,0,0,1
33,45383,1500,1,thrust,SS8,5,260930402,"[159, 390, 616]","[59, None, None]",1,2,2,2,0,0
34,45408,1500,2,thrust,SS8,5,260930402,"[194, 441, 567]","[None, None, None]",0,3,3,3,0,0
35,45686,1500,3,thrust,SS8,5,260930402,"[140, 406, 556]","[40, None, 56]",2,1,1,1,0,0
36,45696,1500,4,thrust,SS8,5,260930402,"[333, 537]","[None, 33, 37]",2,1,0,0,0,0
37,46077,1500,5,thrust,SS8,5,260930402,"[331, 533]","[None, 31, 33]",2,1,0,0,0,0
38,47371,1500,6,thrust,SS8,5,260930402,"[316, 420, 546]","[None, 16, 46]",2,1,1,1,0,0
39,47373,1500,7,thrust,SS8,5,260930402,"[335, 525]","[None, 35, 25]",2,1,0,0,0,0
40,47397,1500,0,thrust,SS8,5,260930402,[654],"[None, None, None]",0,3,1,0,0,1
41,47630,1500,1,thrust,SS8,5,260930402,"[235, 369]","[None, None, None]",0,3,2,2,0,0
42,47655,1500,2,thrust,SS8,5,260930402,"[146, 371, 551]","[46, None, 51]",2,1,1,1,0,0
43,48143,1500,3,thrust,SS8,5,260930402,"[145, 338, 623]","[45, 38, None]",2,1,1,1,0,0
44,48276,1500,4,thrust,SS8,5,260930402,"[171, 263, 538]","[None, None, 38]",1,2,2,1,0,1
45,48292,1500,5,thrust,SS8,5,260930402,"[130, 396, 528, 618]","[30, None, 28]",2,1,2,2,0,0
46,48293,1500,6,thrust,SS8,5,260930402,"[134, 379, 530]","[34, None, 30]",2,1,1,1,0,0
47,48294,1500,7,thrust,SS8,5,260930402,"[137, 384, 528, 679]","[37, None, 28]",2,1,2,1,0,1
48,45397,2000,0,thrust,SS8,5,260930402,"[76, 390]","[None, None, None]",0,3,2,1,0,1
49,45582,2000,1,thrust,SS8,5,260930402,"[359, 564]","[None, 59, None]",1,2,1,1,0,0
50,46074,2000,2,thrust,SS8,5,260930402,"[347, 546]","[None, 47, 46]",2,1,0,0,0,0
51,46079,2000,3,thrust,SS8,5,260930402,"[346, 526]","[None, 46, 26]",2,1,0,0,0,0
52,46355,2000,4,thrust,SS8,5,260930402,"[140, 325, 437, 604]","[40, 25, None]",2,1,2,2,0,0
53,48303,2000,5,thrust,SS8,5,260930402,"[156, 332, 549]","[56, 32, 49]",3,0,0,0,0,0
54,48304,2000,6,thrust,SS8,5,260930402,"[140, 324, 414, 537]","[40, 24, 37]",3,0,1,1,0,0
55,48306,2000,7,thrust,SS8,5,260930402,"[140, 327, 417, 556]","[40, 27, 56]",3,0,1,1,0,0
56,48311,2000,0,thrust,SS8,5,260930402,"[246, 572]","[None, None, None]",0,3,2,2,0,0
57,48317,2000,1,thrust,SS8,5,260930402,"[176, 558]","[None, None, 58]",1,2,1,1,0,0
58,48321,2000,2,thrust,SS8,5,260930402,"[180, 270, 528]","[None, None, 28]",1,2,2,1,0,1
59,48325,2000,3,thrust,SS8,5,260930402,"[141, 359, 534]","[41, 59, 34]",3,0,0,0,0,0
60,48330,2000,4,thrust,SS8,5,260930402,"[332, 534]","[None, 32, 34]",2,1,0,0,0,0
61,48331,2000,5,thrust,SS8,5,260930402,"[329, 445, 535]","[None, 29, 35]",2,1,1,1,0,0
62,48582,2000,6,thrust,SS8,5,260930402,"[322, 412, 522, 616]","[None, 22, 22]",2,1,2,2,0,0
63,48663,2000,7,thrust,SS8,5,260930402,"[208, 334, 525, 693]","[None, 34, 25]",2,1,2,1,0,1
0,45197,500,0,thrust,SS30,5,260930402,"[294, 591]","[None, None, None]",0,3,2,1,0,1
1,45693,500,1,thrust,SS30,5,260930402,"[182, 338, 556]","[None, 38, 56]",2,1,1,1,0,0
2,47377,500,2,thrust,SS30,5,260930402,"[180, 330, 546, 647]","[None, 30, 46]",2,1,2,2,0,0
3,47389,500,3,thrust,SS30,5,260930402,"[156, 336, 542, 632]","[56, 36, 42]",3,0,1,1,0,0
4,47390,500,4,thrust,SS30,5,260930402,"[124, 214, 317, 418, 621]","[24, 17, None]",2,1,3,3,0,0
5,47391,500,5,thrust,SS30,5,260930402,"[125, 215, 318, 408, 498]","[25, 18, None]",2,1,3,2,0,1
6,47650,500,6,thrust,SS30,5,260930402,"[122, 212, 302, 392, 482, 644]","[22, 2, None]",2,1,4,3,0,1
7,48287,500,7,thrust,SS30,5,260930402,"[124, 214, 326, 517]","[24, 26, 17]",3,0,1,1,0,0
8,48291,500,0,thrust,SS30,5,260930402,"[153, 588]","[53, None, None]",1,2,1,1,0,0
9,48687,500,1,thrust,SS30,5,260930402,"[135, 406, 554, 644]","[35, None, 54]",2,1,2,2,0,0
10,51862,500,2,thrust,SS30,5,260930402,"[142, 232, 479, 569]","[42, None, None]",1,2,3,2,0,1
11,51867,500,3,thrust,SS30,5,260930402,"[130, 347, 538]","[30, 47, 38]",3,0,0,0,0,0
12,52471,500,4,thrust,SS30,5,260930402,"[150, 334, 522]","[50, 34, 22]",3,0,0,0,0,0
13,52472,500,5,thrust,SS30,5,260930402,"[145, 323, 413, 540]","[45, 23, 40]",3,0,1,1,0,0
14,52482,500,6,thrust,SS30,5,260930402,"[147, 324, 414, 533]","[47, 24, 33]",3,0,1,1,0,0
15,52484,500,7,thrust,SS30,5,260930402,"[142, 326, 416, 535]","[42, 26, 35]",3,0,1,1,0,0
16,45187,1000,0,thrust,SS30,5,260930402,[362],"[None, None, None]",0,3,1,1,0,0
17,45235,1000,1,thrust,SS30,5,260930402,"[174, 266, 379, 636]","[None, None, None]",0,3,4,3,0,1
18,45377,1000,2,thrust,SS30,5,260930402,"[163, 342, 507]","[None, 42, 7]",2,1,1,1,0,0
19,45387,1000,3,thrust,SS30,5,260930402,"[145, 332, 623]","[45, 32, None]",2,1,1,1,0,0
20,45399,1000,4,thrust,SS30,5,260930402,"[130, 419, 536]","[30, None, 36]",2,1,1,1,0,0
21,45531,1000,5,thrust,SS30,5,260930402,"[133, 260, 360, 529]","[33, 60, 29]",3,0,1,0,0,1
22,45542,1000,6,thrust,SS30,5,260930402,"[142, 392, 525, 615]","[42, None, 25]",2,1,2,2,0,0
23,45564,1000,7,thrust,SS30,5,260930402,"[128, 218, 380, 525]","[28, None, 25]",2,1,2,2,0,0
24,45578,1000,0,thrust,SS30,5,260930402,"[400, 589]","[None, None, None]",0,3,2,2,0,0
25,45660,1000,1,thrust,SS30,5,260930402,"[353, 443, 578]","[None, 53, None]",1,2,2,2,0,0
26,45675,1000,2,thrust,SS30,5,260930402,"[204, 339, 541]","[None, 39, 41]",2,1,1,1,0,0
27,45677,1000,3,thrust,SS30,5,260930402,"[331, 521, 640]","[None, 31, 21]",2,1,1,1,0,0
28,47356,1000,4,thrust,SS30,5,260930402,"[134, 334, 588]","[34, 34, None]",2,1,1,1,0,0
29,47361,1000,5,thrust,SS30,5,260930402,"[133, 328, 452, 574]","[33, 28, None]",2,1,2,1,0,1
30,47362,1000,6,thrust,SS30,5,260930402,"[132, 336, 594]","[32, 36, None]",2,1,1,1,0,0
31,47367,1000,7,thrust,SS30,5,260930402,"[125, 215, 332, 595]","[25, 32, None]",2,1,2,2,0,0
32,45189,1500,0,thrust,SS30,5,260930402,[289],"[None, None, None]",0,3,1,0,0,1
33,45383,1500,1,thrust,SS30,5,260930402,"[164, 400, 602]","[None, None, None]",0,3,3,3,0,0
34,45408,1500,2,thrust,SS30,5,260930402,"[182, 484, 668]","[None, None, None]",0,3,3,1,0,2
35,45686,1500,3,thrust,SS30,5,260930402,"[145, 401, 536]","[45, None, 36]",2,1,1,1,0,0
36,45696,1500,4,thrust,SS30,5,260930402,"[332, 539, 631]","[None, 32, 39]",2,1,1,1,0,0
37,46077,1500,5,thrust,SS30,5,260930402,"[318, 408, 532]","[None, 18, 32]",2,1,1,1,0,0
38,47371,1500,6,thrust,SS30,5,260930402,"[327, 533]","[None, 27, 33]",2,1,0,0,0,0
39,47373,1500,7,thrust,SS30,5,260930402,"[334, 531]","[None, 34, 31]",2,1,0,0,0,0
40,47397,1500,0,thrust,SS30,5,260930402,[437],"[None, None, None]",0,3,1,1,0,0
41,47630,1500,1,thrust,SS30,5,260930402,"[201, 363, 653]","[None, None, None]",0,3,3,2,0,1
42,47655,1500,2,thrust,SS30,5,260930402,"[155, 245, 370, 515]","[55, None, 15]",2,1,2,2,0,0
43,48143,1500,3,thrust,SS30,5,260930402,"[105, 195, 337, 603]","[5, 37, None]",2,1,2,2,0,0
44,48276,1500,4,thrust,SS30,5,260930402,"[145, 492, 582]","[45, None, None]",1,2,2,1,0,1
45,48292,1500,5,thrust,SS30,5,260930402,"[137, 397, 533]","[37, None, 33]",2,1,1,1,0,0
46,48293,1500,6,thrust,SS30,5,260930402,"[140, 357, 530]","[40, 57, 30]",3,0,0,0,0,0
47,48294,1500,7,thrust,SS30,5,260930402,"[135, 382, 483, 573, 663]","[35, None, None]",1,2,4,2,0,2
48,45397,2000,0,thrust,SS30,5,260930402,"[369, 508]","[None, None, 8]",1,2,1,1,0,0
49,45582,2000,1,thrust,SS30,5,260930402,"[338, 561]","[None, 38, None]",1,2,1,1,0,0
50,46074,2000,2,thrust,SS30,5,260930402,"[347, 542]","[None, 47, 42]",2,1,0,0,0,0
51,46079,2000,3,thrust,SS30,5,260930402,"[281, 371, 535]","[None, None, 35]",1,2,2,1,0,1
52,46355,2000,4,thrust,SS30,5,260930402,"[141, 334, 566]","[41, 34, None]",2,1,1,1,0,0
53,48303,2000,5,thrust,SS30,5,260930402,"[151, 241, 334, 549]","[51, 34, 49]",3,0,1,1,0,0
54,48304,2000,6,thrust,SS30,5,260930402,"[139, 332, 422, 554]","[39, 32, 54]",3,0,1,1,0,0
55,48306,2000,7,thrust,SS30,5,260930402,"[134, 327, 417, 557]","[34, 27, 57]",3,0,1,1,0,0
56,48311,2000,0,thrust,SS30,5,260930402,"[265, 583]","[None, None, None]",0,3,2,1,0,1
57,48317,2000,1,thrust,SS30,5,260930402,"[176, 391, 555]","[None, None, 55]",1,2,2,2,0,0
58,48321,2000,2,thrust,SS30,5,260930402,"[162, 276, 530]","[None, None, 30]",1,2,2,1,0,1
59,48325,2000,3,thrust,SS30,5,260930402,"[134, 364, 535]","[34, None, 35]",2,1,1,1,0,0
60,48330,2000,4,thrust,SS30,5,260930402,"[292, 382, 533]","[None, None, 33]",1,2,2,1,0,1
61,48331,2000,5,thrust,SS30,5,260930402,"[329, 441, 533]","[None, 29, 33]",2,1,1,1,0,0
62,48582,2000,6,thrust,SS30,5,260930402,"[328, 426, 525, 618]","[None, 28, 25]",2,1,2,2,0,0
63,48663,2000,7,thrust,SS30,5,260930402,"[215, 332, 533]","[None, 32, 33]",2,1,1,1,0,0
0,45197,500,0,thrust,MSC16,5,260930402,[394],"[None, None, None]",0,3,1,1,0,0
1,45693,500,1,thrust,MSC16,5,260930402,"[187, 337, 553]","[None, 37, 53]",2,1,1,1,0,0
2,47377,500,2,thrust,MSC16,5,260930402,"[190, 327, 542]","[None, 27, 42]",2,1,1,1,0,0
3,47389,500,3,thrust,MSC16,5,260930402,"[156, 330, 539, 630]","[56, 30, 39]",3,0,1,1,0,0
4,47390,500,4,thrust,MSC16,5,260930402,"[120, 210, 316, 406, 678]","[20, 16, None]",2,1,3,2,0,1
5,47391,500,5,thrust,MSC16,5,260930402,"[125, 215, 319, 409, 499]","[25, 19, None]",2,1,3,2,0,1
6,47650,500,6,thrust,MSC16,5,260930402,"[119, 209, 304, 394, 484, 639]","[19, 4, None]",2,1,4,3,0,1
7,48287,500,7,thrust,MSC16,5,260930402,"[118, 208, 313, 403]","[18, 13, None]",2,1,2,2,0,0
8,48291,500,0,thrust,MSC16,5,260930402,"[148, 578]","[48, None, None]",1,2,1,1,0,0
9,48687,500,1,thrust,MSC16,5,260930402,"[182, 417, 553]","[None, None, 53]",1,2,2,2,0,0
10,51862,500,2,thrust,MSC16,5,260930402,"[140, 312, 544]","[40, 12, 44]",3,0,0,0,0,0
11,51867,500,3,thrust,MSC16,5,260930402,"[127, 339, 539]","[27, 39, 39]",3,0,0,0,0,0
12,52471,500,4,thrust,MSC16,5,260930402,"[155, 327, 542]","[55, 27, 42]",3,0,0,0,0,0
13,52472,500,5,thrust,MSC16,5,260930402,"[140, 318, 408, 538]","[40, 18, 38]",3,0,1,1,0,0
14,52482,500,6,thrust,MSC16,5,260930402,"[141, 323, 413, 529]","[41, 23, 29]",3,0,1,1,0,0
15,52484,500,7,thrust,MSC16,5,260930402,"[139, 323, 413, 531]","[39, 23, 31]",3,0,1,1,0,0
16,45187,1000,0,thrust,MSC16,5,260930402,"[362, 600]","[None, None, None]",0,3,2,2,0,0
17,45235,1000,1,thrust,MSC16,5,260930402,"[174, 347]","[None, 47, None]",1,2,1,1,0,0
18,45377,1000,2,thrust,MSC16,5,260930402,"[172, 343]","[None, 43, None]",1,2,1,1,0,0
19,45387,1000,3,thrust,MSC16,5,260930402,"[142, 332, 633]","[42, 32, None]",2,1,1,1,0,0
20,45399,1000,4,thrust,MSC16,5,260930402,"[132, 434, 538]","[32, None, 38]",2,1,1,1,0,0
21,45531,1000,5,thrust,MSC16,5,260930402,"[124, 214, 350, 527]","[24, 50, 27]",3,0,1,1,0,0
22,45542,1000,6,thrust,MSC16,5,260930402,"[141, 390, 519, 609]","[41, None, 19]",2,1,2,2,0,0
23,45564,1000,7,thrust,MSC16,5,260930402,"[124, 214, 388, 519, 641]","[24, None, 19]",2,1,3,3,0,0
24,45578,1000,0,thrust,MSC16,5,260930402,"[403, 607]","[None, None, None]",0,3,2,2,0,0
25,45660,1000,1,thrust,MSC16,5,260930402,"[372, 462, 578]","[None, None, None]",0,3,3,2,0,1
26,45675,1000,2,thrust,MSC16,5,260930402,"[204, 337, 545]","[None, 37, 45]",2,1,1,1,0,0
27,45677,1000,3,thrust,MSC16,5,260930402,"[331, 533]","[None, 31, 33]",2,1,0,0,0,0
28,47356,1000,4,thrust,MSC16,5,260930402,"[133, 330, 589]","[33, 30, None]",2,1,1,1,0,0
29,47361,1000,5,thrust,MSC16,5,260930402,"[135, 319, 409, 504]","[35, 19, 4]",3,0,1,1,0,0
30,47362,1000,6,thrust,MSC16,5,260930402,"[125, 215, 336, 600]","[25, 36, None]",2,1,2,2,0,0
31,47367,1000,7,thrust,MSC16,5,260930402,"[124, 214, 331, 603]","[24, 31, None]",2,1,2,2,0,0
32,45189,1500,0,thrust,MSC16,5,260930402,[292],"[None, None, None]",0,3,1,0,0,1
33,45383,1500,1,thrust,MSC16,5,260930402,"[165, 390, 612]","[None, None, None]",0,3,3,3,0,0
34,45408,1500,2,thrust,MSC16,5,260930402,"[194, 441, 566]","[None, None, None]",0,3,3,3,0,0
35,45686,1500,3,thrust,MSC16,5,260930402,"[140, 393, 536]","[40, None, 36]",2,1,1,1,0,0
36,45696,1500,4,thrust,MSC16,5,260930402,"[332, 537, 676]","[None, 32, 37]",2,1,1,0,0,1
37,46077,1500,5,thrust,MSC16,5,260930402,"[317, 439, 529]","[None, 17, 29]",2,1,1,1,0,0
38,47371,1500,6,thrust,MSC16,5,260930402,"[324, 531]","[None, 24, 31]",2,1,0,0,0,0
39,47373,1500,7,thrust,MSC16,5,260930402,"[334, 525, 646]","[None, 34, 25]",2,1,1,1,0,0
40,47397,1500,0,thrust,MSC16,5,260930402,[434],"[None, None, None]",0,3,1,1,0,0
41,47630,1500,1,thrust,MSC16,5,260930402,"[225, 370]","[None, None, None]",0,3,2,2,0,0
42,47655,1500,2,thrust,MSC16,5,260930402,"[148, 360, 552]","[48, 60, 52]",3,0,0,0,0,0
43,48143,1500,3,thrust,MSC16,5,260930402,"[145, 336, 620]","[45, 36, None]",2,1,1,1,0,0
44,48276,1500,4,thrust,MSC16,5,260930402,"[139, 486, 576]","[39, None, None]",1,2,2,1,0,1
45,48292,1500,5,thrust,MSC16,5,260930402,"[130, 397, 528, 625]","[30, None, 28]",2,1,2,2,0,0
46,48293,1500,6,thrust,MSC16,5,260930402,"[135, 380, 531]","[35, None, 31]",2,1,1,1,0,0
47,48294,1500,7,thrust,MSC16,5,260930402,"[136, 385, 528]","[36, None, 28]",2,1,1,1,0,0
48,45397,2000,0,thrust,MSC16,5,260930402,[372],"[None, None, None]",0,3,1,1,0,0
49,45582,2000,1,thrust,MSC16,5,260930402,"[359, 566]","[None, 59, None]",1,2,1,1,0,0
50,46074,2000,2,thrust,MSC16,5,260930402,"[347, 542]","[None, 47, 42]",2,1,0,0,0,0
51,46079,2000,3,thrust,MSC16,5,260930402,"[346, 532]","[None, 46, 32]",2,1,0,0,0,0
52,46355,2000,4,thrust,MSC16,5,260930402,"[139, 325, 441, 598]","[39, 25, None]",2,1,2,2,0,0
53,48303,2000,5,thrust,MSC16,5,260930402,"[160, 334, 549]","[60, 34, 49]",3,0,0,0,0,0
54,48304,2000,6,thrust,MSC16,5,260930402,"[138, 324, 414, 504]","[38, 24, 4]",3,0,1,1,0,0
55,48306,2000,7,thrust,MSC16,5,260930402,"[130, 231, 333, 423, 555]","[30, 33, 55]",3,0,2,2,0,0
56,48311,2000,0,thrust,MSC16,5,260930402,[572],"[None, None, None]",0,3,1,1,0,0
57,48317,2000,1,thrust,MSC16,5,260930402,"[178, 399, 558]","[None, None, 58]",1,2,2,2,0,0
58,48321,2000,2,thrust,MSC16,5,260930402,"[170, 274, 528]","[None, None, 28]",1,2,2,1,0,1
59,48325,2000,3,thrust,MSC16,5,260930402,"[142, 359, 534]","[42, 59, 34]",3,0,0,0,0,0
60,48330,2000,4,thrust,MSC16,5,260930402,"[332, 533]","[None, 32, 33]",2,1,0,0,0,0
61,48331,2000,5,thrust,MSC16,5,260930402,"[319, 409, 526]","[None, 19, 26]",2,1,1,1,0,0
62,48582,2000,6,thrust,MSC16,5,260930402,"[324, 414, 524, 619]","[None, 24, 24]",2,1,2,2,0,0
63,48663,2000,7,thrust,MSC16,5,260930402,"[209, 335, 525, 693]","[None, 35, 25]",2,1,2,1,0,1
0,45197,500,0,thrust,MSC30,5,260930402,"[296, 594]","[None, None, None]",0,3,2,1,0,1
1,45693,500,1,thrust,MSC30,5,260930402,"[182, 337, 555]","[None, 37, 55]",2,1,1,1,0,0
2,47377,500,2,thrust,MSC30,5,260930402,"[180, 327, 482, 572, 662]","[None, 27, None]",1,2,4,2,0,2
3,47389,500,3,thrust,MSC30,5,260930402,"[156, 330, 541, 631]","[56, 30, 41]",3,0,1,1,0,0
4,47390,500,4,thrust,MSC30,5,260930402,"[121, 211, 315, 405, 621]","[21, 15, None]",2,1,3,3,0,0
5,47391,500,5,thrust,MSC30,5,260930402,"[126, 216, 318, 408, 498]","[26, 18, None]",2,1,3,2,0,1
6,47650,500,6,thrust,MSC30,5,260930402,"[119, 209, 299, 389, 479, 639]","[19, None, None]",1,2,5,3,0,2
7,48287,500,7,thrust,MSC30,5,260930402,"[118, 208, 320, 410]","[18, 20, None]",2,1,2,2,0,0
8,48291,500,0,thrust,MSC30,5,260930402,"[153, 588]","[53, None, None]",1,2,1,1,0,0
9,48687,500,1,thrust,MSC30,5,260930402,"[137, 407, 553]","[37, None, 53]",2,1,1,1,0,0
10,51862,500,2,thrust,MSC30,5,260930402,"[142, 380, 554]","[42, None, 54]",2,1,1,1,0,0
11,51867,500,3,thrust,MSC30,5,260930402,"[130, 347, 538]","[30, 47, 38]",3,0,0,0,0,0
12,52471,500,4,thrust,MSC30,5,260930402,"[151, 330, 535]","[51, 30, 35]",3,0,0,0,0,0
13,52472,500,5,thrust,MSC30,5,260930402,"[140, 318, 408, 539]","[40, 18, 39]",3,0,1,1,0,0
14,52482,500,6,thrust,MSC30,5,260930402,"[142, 323, 413, 529]","[42, 23, 29]",3,0,1,1,0,0
15,52484,500,7,thrust,MSC30,5,260930402,"[141, 323, 413, 535]","[41, 23, 35]",3,0,1,1,0,0
16,45187,1000,0,thrust,MSC30,5,260930402,"[362, 600]","[None, None, None]",0,3,2,2,0,0
17,45235,1000,1,thrust,MSC30,5,260930402,"[176, 266, 379]","[None, None, None]",0,3,3,2,0,1
18,45377,1000,2,thrust,MSC30,5,260930402,"[173, 343, 507]","[None, 43, 7]",2,1,1,1,0,0
19,45387,1000,3,thrust,MSC30,5,260930402,"[145, 333, 624]","[45, 33, None]",2,1,1,1,0,0
20,45399,1000,4,thrust,MSC30,5,260930402,"[132, 420, 538]","[32, None, 38]",2,1,1,1,0,0
21,45531,1000,5,thrust,MSC30,5,260930402,"[124, 214, 350, 527]","[24, 50, 27]",3,0,1,1,0,0
22,45542,1000,6,thrust,MSC30,5,260930402,"[143, 391, 519, 609, 699]","[43, None, 19]",2,1,3,2,0,1
23,45564,1000,7,thrust,MSC30,5,260930402,"[126, 216, 381, 519]","[26, None, 19]",2,1,2,2,0,0
24,45578,1000,0,thrust,MSC30,5,260930402,"[401, 589]","[None, None, None]",0,3,2,2,0,0
25,45660,1000,1,thrust,MSC30,5,260930402,"[357, 447, 578]","[None, 57, None]",1,2,2,2,0,0
26,45675,1000,2,thrust,MSC30,5,260930402,"[204, 341, 546]","[None, 41, 46]",2,1,1,1,0,0
27,45677,1000,3,thrust,MSC30,5,260930402,"[331, 527]","[None, 31, 27]",2,1,0,0,0,0
28,47356,1000,4,thrust,MSC30,5,260930402,"[134, 334, 589]","[34, 34, None]",2,1,1,1,0,0
29,47361,1000,5,thrust,MSC30,5,260930402,"[134, 321, 411, 503]","[34, 21, 3]",3,0,1,1,0,0
30,47362,1000,6,thrust,MSC30,5,260930402,"[125, 215, 338, 594]","[25, 38, None]",2,1,2,2,0,0
31,47367,1000,7,thrust,MSC30,5,260930402,"[124, 214, 333, 595]","[24, 33, None]",2,1,2,2,0,0
32,45189,1500,0,thrust,MSC30,5,260930402,[291],"[None, None, None]",0,3,1,0,0,1
33,45383,1500,1,thrust,MSC30,5,260930402,"[164, 390, 592]","[None, None, None]",0,3,3,3,0,0
34,45408,1500,2,thrust,MSC30,5,260930402,"[183, 443, 567]","[None, None, None]",0,3,3,3,0,0
35,45686,1500,3,thrust,MSC30,5,260930402,"[140, 405, 539]","[40, None, 39]",2,1,1,1,0,0
36,45696,1500,4,thrust,MSC30,5,260930402,"[332, 537, 633]","[None, 32, 37]",2,1,1,1,0,0
37,46077,1500,5,thrust,MSC30,5,260930402,"[318, 408, 533]","[None, 18, 33]",2,1,1,1,0,0
38,47371,1500,6,thrust,MSC30,5,260930402,"[325, 531]","[None, 25, 31]",2,1,0,0,0,0
39,47373,1500,7,thrust,MSC30,5,260930402,"[335, 525, 640]","[None, 35, 25]",2,1,1,1,0,0
40,47397,1500,0,thrust,MSC30,5,260930402,[440],"[None, None, None]",0,3,1,1,0,0
41,47630,1500,1,thrust,MSC30,5,260930402,"[202, 366, 662]","[None, None, None]",0,3,3,2,0,1
42,47655,1500,2,thrust,MSC30,5,260930402,"[156, 370, 513]","[56, None, 13]",2,1,1,1,0,0
43,48143,1500,3,thrust,MSC30,5,260930402,"[145, 336, 605]","[45, 36, None]",2,1,1,1,0,0
44,48276,1500,4,thrust,MSC30,5,260930402,"[146, 486, 576]","[46, None, None]",1,2,2,1,0,1
45,48292,1500,5,thrust,MSC30,5,260930402,"[130, 396, 528, 625]","[30, None, 28]",2,1,2,2,0,0
46,48293,1500,6,thrust,MSC30,5,260930402,"[142, 359, 531]","[42, 59, 31]",3,0,0,0,0,0
47,48294,1500,7,thrust,MSC30,5,260930402,"[136, 383, 483, 573, 663]","[36, None, None]",1,2,4,2,0,2
48,45397,2000,0,thrust,MSC30,5,260930402,[370],"[None, None, None]",0,3,1,1,0,0
49,45582,2000,1,thrust,MSC30,5,260930402,"[339, 562]","[None, 39, None]",1,2,1,1,0,0
50,46074,2000,2,thrust,MSC30,5,260930402,"[347, 542]","[None, 47, 42]",2,1,0,0,0,0
51,46079,2000,3,thrust,MSC30,5,260930402,"[346, 476, 566]","[None, 46, None]",1,2,2,1,0,1
52,46355,2000,4,thrust,MSC30,5,260930402,"[141, 333, 566]","[41, 33, None]",2,1,1,1,0,0
53,48303,2000,5,thrust,MSC30,5,260930402,"[153, 243, 333, 549]","[53, 33, 49]",3,0,1,1,0,0
54,48304,2000,6,thrust,MSC30,5,260930402,"[139, 324, 414, 536]","[39, 24, 36]",3,0,1,1,0,0
55,48306,2000,7,thrust,MSC30,5,260930402,"[134, 327, 417, 556]","[34, 27, 56]",3,0,1,1,0,0
56,48311,2000,0,thrust,MSC30,5,260930402,"[266, 573]","[None, None, None]",0,3,2,1,0,1
57,48317,2000,1,thrust,MSC30,5,260930402,"[177, 393, 557]","[None, None, 57]",1,2,2,2,0,0
58,48321,2000,2,thrust,MSC30,5,260930402,"[162, 274, 528]","[None, None, 28]",1,2,2,1,0,1
59,48325,2000,3,thrust,MSC30,5,260930402,"[134, 364, 535]","[34, None, 35]",2,1,1,1,0,0
60,48330,2000,4,thrust,MSC30,5,260930402,"[292, 382, 532]","[None, None, 32]",1,2,2,1,0,1
61,48331,2000,5,thrust,MSC30,5,260930402,"[329, 444, 534]","[None, 29, 34]",2,1,1,1,0,0
62,48582,2000,6,thrust,MSC30,5,260930402,"[324, 414, 524, 618]","[None, 24, 24]",2,1,2,2,0,0
63,48663,2000,7,thrust,MSC30,5,260930402,"[217, 332, 528, 694]","[None, 32, 28]",2,1,2,1,0,1
0,45197,500,0,thrust,MSC10,5,260930402,[393],"[None, None, None]",0,3,1,1,0,0
1,45693,500,1,thrust,MSC10,5,260930402,"[157, 337, 555]","[57, 37, 55]",3,0,0,0,0,0
2,47377,500,2,thrust,MSC10,5,260930402,"[199, 329, 542]","[None, 29, 42]",2,1,1,1,0,0
3,47389,500,3,thrust,MSC10,5,260930402,"[160, 330, 541, 637]","[60, 30, 41]",3,0,1,1,0,0
4,47390,500,4,thrust,MSC10,5,260930402,"[121, 211, 323, 450]","[21, 23, None]",2,1,2,1,0,1
5,47391,500,5,thrust,MSC10,5,260930402,"[124, 215, 315, 405, 495]","[24, 15, None]",2,1,3,2,0,1
6,47650,500,6,thrust,MSC10,5,260930402,"[117, 207, 329, 495, 640]","[17, 29, None]",2,1,3,2,0,1
7,48287,500,7,thrust,MSC10,5,260930402,"[118, 208, 332, 628]","[18, 32, None]",2,1,2,2,0,0
8,48291,500,0,thrust,MSC10,5,260930402,"[210, 611]","[None, None, None]",0,3,2,2,0,0
9,48687,500,1,thrust,MSC10,5,260930402,"[245, 552]","[None, None, 52]",1,2,1,1,0,0
10,51862,500,2,thrust,MSC10,5,260930402,"[144, 383, 556]","[44, None, 56]",2,1,1,1,0,0
11,51867,500,3,thrust,MSC10,5,260930402,"[128, 376, 538]","[28, None, 38]",2,1,1,1,0,0
12,52471,500,4,thrust,MSC10,5,260930402,"[157, 328, 543]","[57, 28, 43]",3,0,0,0,0,0
13,52472,500,5,thrust,MSC10,5,260930402,"[137, 319, 409, 536]","[37, 19, 36]",3,0,1,1,0,0
14,52482,500,6,thrust,MSC10,5,260930402,"[141, 323, 413, 529]","[41, 23, 29]",3,0,1,1,0,0
15,52484,500,7,thrust,MSC10,5,260930402,"[139, 321, 411, 532]","[39, 21, 32]",3,0,1,1,0,0
16,45187,1000,0,thrust,MSC10,5,260930402,"[401, 503]","[None, None, 3]",1,2,1,1,0,0
17,45235,1000,1,thrust,MSC10,5,260930402,"[180, 363]","[None, None, None]",0,3,2,2,0,0
18,45377,1000,2,thrust,MSC10,5,260930402,"[180, 340, 485]","[None, 40, None]",1,2,2,1,0,1
19,45387,1000,3,thrust,MSC10,5,260930402,"[143, 334, 636]","[43, 34, None]",2,1,1,1,0,0
20,45399,1000,4,thrust,MSC10,5,260930402,"[133, 437, 539]","[33, None, 39]",2,1,1,1,0,0
21,45531,1000,5,thrust,MSC10,5,260930402,"[124, 214, 345, 526]","[24, 45, 26]",3,0,1,1,0,0
22,45542,1000,6,thrust,MSC10,5,260930402,"[144, 390, 519, 609]","[44, None, 19]",2,1,2,2,0,0
23,45564,1000,7,thrust,MSC10,5,260930402,"[125, 215, 390, 519]","[25, None, 19]",2,1,2,2,0,0
24,45578,1000,0,thrust,MSC10,5,260930402,"[399, 627]","[None, None, None]",0,3,2,2,0,0
25,45660,1000,1,thrust,MSC10,5,260930402,"[373, 597]","[None, None, None]",0,3,2,2,0,0
26,45675,1000,2,thrust,MSC10,5,260930402,"[204, 345, 547]","[None, 45, 47]",2,1,1,1,0,0
27,45677,1000,3,thrust,MSC10,5,260930402,"[332, 538]","[None, 32, 38]",2,1,0,0,0,0
28,47356,1000,4,thrust,MSC10,5,260930402,"[136, 332, 589]","[36, 32, None]",2,1,1,1,0,0
29,47361,1000,5,thrust,MSC10,5,260930402,"[135, 319, 409, 573]","[35, 19, None]",2,1,2,2,0,0
30,47362,1000,6,thrust,MSC10,5,260930402,"[125, 341, 615]","[25, 41, None]",2,1,1,1,0,0
31,47367,1000,7,thrust,MSC10,5,260930402,"[122, 212, 328, 604]","[22, 28, None]",2,1,2,2,0,0
32,45189,1500,0,thrust,MSC10,5,260930402,[289],"[None, None, None]",0,3,1,0,0,1
33,45383,1500,1,thrust,MSC10,5,260930402,"[173, 390, 613]","[None, None, None]",0,3,3,3,0,0
34,45408,1500,2,thrust,MSC10,5,260930402,"[195, 442, 584]","[None, None, None]",0,3,3,3,0,0
35,45686,1500,3,thrust,MSC10,5,260930402,"[138, 407, 543]","[38, None, 43]",2,1,1,1,0,0
36,45696,1500,4,thrust,MSC10,5,260930402,"[332, 537]","[None, 32, 37]",2,1,0,0,0,0
37,46077,1500,5,thrust,MSC10,5,260930402,"[329, 524]","[None, 29, 24]",2,1,0,0,0,0
38,47371,1500,6,thrust,MSC10,5,260930402,"[252, 347, 542]","[None, 47, 42]",2,1,1,0,0,1
39,47373,1500,7,thrust,MSC10,5,260930402,"[334, 526]","[None, 34, 26]",2,1,0,0,0,0
40,47397,1500,0,thrust,MSC10,5,260930402,[],"[None, None, None]",0,3,0,0,0,0
41,47630,1500,1,thrust,MSC10,5,260930402,"[236, 394]","[None, None, None]",0,3,2,2,0,0
42,47655,1500,2,thrust,MSC10,5,260930402,"[143, 370]","[43, None, None]",1,2,1,1,0,0
43,48143,1500,3,thrust,MSC10,5,260930402,"[145, 337, 623]","[45, 37, None]",2,1,1,1,0,0
44,48276,1500,4,thrust,MSC10,5,260930402,"[170, 265, 540]","[None, None, 40]",1,2,2,1,0,1
45,48292,1500,5,thrust,MSC10,5,260930402,"[129, 396, 526, 620]","[29, None, 26]",2,1,2,2,0,0
46,48293,1500,6,thrust,MSC10,5,260930402,"[134, 379, 531]","[34, None, 31]",2,1,1,1,0,0
47,48294,1500,7,thrust,MSC10,5,260930402,"[137, 387, 528, 679]","[37, None, 28]",2,1,2,1,0,1
48,45397,2000,0,thrust,MSC10,5,260930402,[384],"[None, None, None]",0,3,1,1,0,0
49,45582,2000,1,thrust,MSC10,5,260930402,"[360, 565]","[None, 60, None]",1,2,1,1,0,0
50,46074,2000,2,thrust,MSC10,5,260930402,"[347, 547]","[None, 47, 47]",2,1,0,0,0,0
51,46079,2000,3,thrust,MSC10,5,260930402,"[345, 529]","[None, 45, 29]",2,1,0,0,0,0
52,46355,2000,4,thrust,MSC10,5,260930402,"[140, 327, 552]","[40, 27, 52]",3,0,0,0,0,0
53,48303,2000,5,thrust,MSC10,5,260930402,"[140, 331, 549]","[40, 31, 49]",3,0,0,0,0,0
54,48304,2000,6,thrust,MSC10,5,260930402,"[138, 324, 414, 536]","[38, 24, 36]",3,0,1,1,0,0
55,48306,2000,7,thrust,MSC10,5,260930402,"[140, 326, 416, 555]","[40, 26, 55]",3,0,1,1,0,0
56,48311,2000,0,thrust,MSC10,5,260930402,[572],"[None, None, None]",0,3,1,1,0,0
57,48317,2000,1,thrust,MSC10,5,260930402,"[177, 398, 559]","[None, None, 59]",1,2,2,2,0,0
58,48321,2000,2,thrust,MSC10,5,260930402,"[177, 270, 528]","[None, None, 28]",1,2,2,1,0,1
59,48325,2000,3,thrust,MSC10,5,260930402,"[141, 357, 535]","[41, 57, 35]",3,0,0,0,0,0
60,48330,2000,4,thrust,MSC10,5,260930402,"[332, 533]","[None, 32, 33]",2,1,0,0,0,0
61,48331,2000,5,thrust,MSC10,5,260930402,"[319, 409, 526]","[None, 19, 26]",2,1,1,1,0,0
62,48582,2000,6,thrust,MSC10,5,260930402,"[321, 411, 523, 616]","[None, 21, 23]",2,1,2,2,0,0
63,48663,2000,7,thrust,MSC10,5,260930402,"[209, 333, 526, 694]","[None, 33, 26]",2,1,2,1,0,1
0,45197,500,0,thrust,SS2,5,260930403,[423],"[None, None, None]",0,3,1,1,0,0
1,45693,500,1,thrust,SS2,5,260930403,"[242, 363, 571]","[None, None, None]",0,3,3,3,0,0
2,47377,500,2,thrust,SS2,5,260930403,"[210, 342, 546]","[None, 42, 46]",2,1,1,1,0,0
3,47389,500,3,thrust,SS2,5,260930403,"[164, 334, 526]","[None, 34, 26]",2,1,1,1,0,0
4,47390,500,4,thrust,SS2,5,260930403,"[132, 334, 633]","[32, 34, None]",2,1,1,1,0,0
5,47391,500,5,thrust,SS2,5,260930403,"[135, 321, 411, 579]","[35, 21, None]",2,1,2,2,0,0
6,47650,500,6,thrust,SS2,5,260930403,"[123, 214, 329, 639]","[23, 29, None]",2,1,2,2,0,0
7,48287,500,7,thrust,SS2,5,260930403,"[126, 334]","[26, 34, None]",2,1,0,0,0,0
8,48291,500,0,thrust,SS2,5,260930403,[],"[None, None, None]",0,3,0,0,0,0
9,48687,500,1,thrust,SS2,5,260930403,"[267, 567]","[None, None, None]",0,3,2,1,0,1
10,51862,500,2,thrust,SS2,5,260930403,"[143, 446, 585]","[43, None, None]",1,2,2,2,0,0
11,51867,500,3,thrust,SS2,5,260930403,"[138, 417, 549]","[38, None, 49]",2,1,1,1,0,0
12,52471,500,4,thrust,SS2,5,260930403,"[172, 336, 542]","[None, 36, 42]",2,1,1,1,0,0
13,52472,500,5,thrust,SS2,5,260930403,"[152, 334, 541]","[52, 34, 41]",3,0,0,0,0,0
14,52482,500,6,thrust,SS2,5,260930403,"[152, 321, 411, 540]","[52, 21, 40]",3,0,1,1,0,0
15,52484,500,7,thrust,SS2,5,260930403,"[140, 321, 423, 538]","[40, 21, 38]",3,0,1,1,0,0
16,45187,1000,0,thrust,SS2,5,260930403,[522],"[None, None, 22]",1,2,0,0,0,0
17,45235,1000,1,thrust,SS2,5,260930403,"[245, 369]","[None, None, None]",0,3,2,2,0,0
18,45377,1000,2,thrust,SS2,5,260930403,"[255, 371]","[None, None, None]",0,3,2,1,0,1
19,45387,1000,3,thrust,SS2,5,260930403,"[167, 325, 641]","[None, 25, None]",1,2,2,2,0,0
20,45399,1000,4,thrust,SS2,5,260930403,"[143, 520, 657]","[43, None, 20]",2,1,1,0,0,1
21,45531,1000,5,thrust,SS2,5,260930403,"[140, 357, 533]","[40, 57, 33]",3,0,0,0,0,0
22,45542,1000,6,thrust,SS2,5,260930403,"[148, 412, 529]","[48, None, 29]",2,1,1,1,0,0
23,45564,1000,7,thrust,SS2,5,260930403,"[140, 384, 532]","[40, None, 32]",2,1,1,1,0,0
24,45578,1000,0,thrust,SS2,5,260930403,[],"[None, None, None]",0,3,0,0,0,0
25,45660,1000,1,thrust,SS2,5,260930403,"[364, 603]","[None, None, None]",0,3,2,2,0,0
26,45675,1000,2,thrust,SS2,5,260930403,"[345, 575]","[None, 45, None]",1,2,1,1,0,0
27,45677,1000,3,thrust,SS2,5,260930403,"[341, 557]","[None, 41, 57]",2,1,0,0,0,0
28,47356,1000,4,thrust,SS2,5,260930403,"[150, 335, 589]","[50, 35, None]",2,1,1,1,0,0
29,47361,1000,5,thrust,SS2,5,260930403,"[153, 327, 556]","[53, 27, 56]",3,0,0,0,0,0
30,47362,1000,6,thrust,SS2,5,260930403,"[143, 324, 624]","[43, 24, None]",2,1,1,1,0,0
31,47367,1000,7,thrust,SS2,5,260930403,"[131, 329, 605]","[31, 29, None]",2,1,1,1,0,0
32,45189,1500,0,thrust,SS2,5,260930403,[],"[None, None, None]",0,3,0,0,0,0
33,45383,1500,1,thrust,SS2,5,260930403,"[230, 420]","[None, None, None]",0,3,2,2,0,0
34,45408,1500,2,thrust,SS2,5,260930403,"[254, 368, 584]","[None, None, None]",0,3,3,2,0,1
35,45686,1500,3,thrust,SS2,5,260930403,"[148, 528]","[48, None, 28]",2,1,0,0,0,0
36,45696,1500,4,thrust,SS2,5,260930403,"[352, 545]","[None, 52, 45]",2,1,0,0,0,0
37,46077,1500,5,thrust,SS2,5,260930403,"[335, 541]","[None, 35, 41]",2,1,0,0,0,0
38,47371,1500,6,thrust,SS2,5,260930403,"[335, 545]","[None, 35, 45]",2,1,0,0,0,0
39,47373,1500,7,thrust,SS2,5,260930403,"[268, 358, 546, 673]","[None, 58, 46]",2,1,2,0,0,2
40,47397,1500,0,thrust,SS2,5,260930403,[],"[None, None, None]",0,3,0,0,0,0
41,47630,1500,1,thrust,SS2,5,260930403,[461],"[None, None, None]",0,3,1,0,0,1
42,47655,1500,2,thrust,SS2,5,260930403,"[158, 504]","[58, None, 4]",2,1,0,0,0,0
43,48143,1500,3,thrust,SS2,5,260930403,"[155, 344, 645]","[55, 44, None]",2,1,1,1,0,0
44,48276,1500,4,thrust,SS2,5,260930403,"[165, 543]","[None, None, 43]",1,2,1,1,0,0
45,48292,1500,5,thrust,SS2,5,260930403,"[141, 420, 527]","[41, None, 27]",2,1,1,1,0,0
46,48293,1500,6,thrust,SS2,5,260930403,"[142, 399, 532]","[42, None, 32]",2,1,1,1,0,0
47,48294,1500,7,thrust,SS2,5,260930403,"[136, 373, 540]","[36, None, 40]",2,1,1,1,0,0
48,45397,2000,0,thrust,SS2,5,260930403,[465],"[None, None, None]",0,3,1,0,0,1
49,45582,2000,1,thrust,SS2,5,260930403,[375],"[None, None, None]",0,3,1,1,0,0
50,46074,2000,2,thrust,SS2,5,260930403,"[376, 569]","[None, None, None]",0,3,2,2,0,0
51,46079,2000,3,thrust,SS2,5,260930403,"[344, 544]","[None, 44, 44]",2,1,0,0,0,0
52,46355,2000,4,thrust,SS2,5,260930403,"[153, 342, 622]","[53, 42, None]",2,1,1,1,0,0
53,48303,2000,5,thrust,SS2,5,260930403,"[198, 348, 562]","[None, 48, None]",1,2,2,2,0,0
54,48304,2000,6,thrust,SS2,5,260930403,"[145, 266, 357, 558]","[45, 57, 58]",3,0,1,0,0,1
55,48306,2000,7,thrust,SS2,5,260930403,"[139, 329, 564]","[39, 29, None]",2,1,1,1,0,0
56,48311,2000,0,thrust,SS2,5,260930403,[],"[None, None, None]",0,3,0,0,0,0
57,48317,2000,1,thrust,SS2,5,260930403,[577],"[None, None, None]",0,3,1,1,0,0
58,48321,2000,2,thrust,SS2,5,260930403,"[173, 379, 557]","[None, None, 57]",1,2,2,2,0,0
59,48325,2000,3,thrust,SS2,5,260930403,"[168, 356, 543]","[None, 56, 43]",2,1,1,1,0,0
60,48330,2000,4,thrust,SS2,5,260930403,"[337, 536]","[None, 37, 36]",2,1,0,0,0,0
61,48331,2000,5,thrust,SS2,5,260930403,"[332, 524]","[None, 32, 24]",2,1,0,0,0,0
62,48582,2000,6,thrust,SS2,5,260930403,"[332, 529]","[None, 32, 29]",2,1,0,0,0,0
63,48663,2000,7,thrust,SS2,5,260930403,"[327, 539]","[None, 27, 39]",2,1,0,0,0,0
0,45197,500,0,thrust,SS8,5,260930403,[402],"[None, None, None]",0,3,1,1,0,0
1,45693,500,1,thrust,SS8,5,260930403,"[206, 352, 538]","[None, 52, 38]",2,1,1,1,0,0
2,47377,500,2,thrust,SS8,5,260930403,"[186, 336, 544]","[None, 36, 44]",2,1,1,1,0,0
3,47389,500,3,thrust,SS8,5,260930403,"[164, 334, 527]","[None, 34, 27]",2,1,1,1,0,0
4,47390,500,4,thrust,SS8,5,260930403,"[86, 176, 266, 356, 626]","[None, 56, None]",1,2,4,2,0,2
5,47391,500,5,thrust,SS8,5,260930403,"[135, 316, 406, 496]","[35, 16, None]",2,1,2,1,0,1
6,47650,500,6,thrust,SS8,5,260930403,"[118, 208, 329, 434]","[18, 29, None]",2,1,2,2,0,0
7,48287,500,7,thrust,SS8,5,260930403,"[119, 209, 328, 617]","[19, 28, None]",2,1,2,2,0,0
8,48291,500,0,thrust,SS8,5,260930403,[346],"[None, 46, None]",1,2,0,0,0,0
9,48687,500,1,thrust,SS8,5,260930403,"[233, 479, 571]","[None, None, None]",0,3,3,2,0,1
10,51862,500,2,thrust,SS8,5,260930403,"[133, 401, 544]","[33, None, 44]",2,1,1,1,0,0
11,51867,500,3,thrust,SS8,5,260930403,"[138, 380, 532]","[38, None, 32]",2,1,1,1,0,0
12,52471,500,4,thrust,SS8,5,260930403,"[170, 326, 542]","[None, 26, 42]",2,1,1,1,0,0
13,52472,500,5,thrust,SS8,5,260930403,"[143, 331, 536]","[43, 31, 36]",3,0,0,0,0,0
14,52482,500,6,thrust,SS8,5,260930403,"[148, 321, 411, 533]","[48, 21, 33]",3,0,1,1,0,0
15,52484,500,7,thrust,SS8,5,260930403,"[138, 323, 417, 534]","[38, 23, 34]",3,0,1,1,0,0
16,45187,1000,0,thrust,SS8,5,260930403,[275],"[None, None, None]",0,3,1,0,0,1
17,45235,1000,1,thrust,SS8,5,260930403,"[169, 353, 461]","[None, 53, None]",1,2,2,1,0,1
18,45377,1000,2,thrust,SS8,5,260930403,"[243, 353]","[None, 53, None]",1,2,1,1,0,0
19,45387,1000,3,thrust,SS8,5,260930403,"[146, 330, 633]","[46, 30, None]",2,1,1,1,0,0
20,45399,1000,4,thrust,SS8,5,260930403,"[128, 458, 548]","[28, None, 48]",2,1,1,0,0,1
21,45531,1000,5,thrust,SS8,5,260930403,"[140, 347, 533]","[40, 47, 33]",3,0,0,0,0,0
22,45542,1000,6,thrust,SS8,5,260930403,"[131, 359, 523, 613]","[31, 59, 23]",3,0,1,1,0,0
23,45564,1000,7,thrust,SS8,5,260930403,"[130, 347, 519, 609]","[30, 47, 19]",3,0,1,1,0,0
24,45578,1000,0,thrust,SS8,5,260930403,[500],"[None, None, None]",0,3,1,0,0,1
25,45660,1000,1,thrust,SS8,5,260930403,"[354, 570]","[None, 54, None]",1,2,1,1,0,0
26,45675,1000,2,thrust,SS8,5,260930403,"[237, 342, 558]","[None, 42, 58]",2,1,1,1,0,0
27,45677,1000,3,thrust,SS8,5,260930403,"[327, 531]","[None, 27, 31]",2,1,0,0,0,0
28,47356,1000,4,thrust,SS8,5,260930403,"[135, 334, 562]","[35, 34, None]",2,1,1,1,0,0
29,47361,1000,5,thrust,SS8,5,260930403,"[138, 322, 424, 560]","[38, 22, 60]",3,0,1,1,0,0
30,47362,1000,6,thrust,SS8,5,260930403,"[131, 327, 543]","[31, 27, 43]",3,0,0,0,0,0
31,47367,1000,7,thrust,SS8,5,260930403,"[127, 321, 446, 607]","[27, 21, None]",2,1,2,2,0,0
32,45189,1500,0,thrust,SS8,5,260930403,[588],"[None, None, None]",0,3,1,1,0,0
33,45383,1500,1,thrust,SS8,5,260930403,"[190, 430, 654]","[None, None, None]",0,3,3,2,0,1
34,45408,1500,2,thrust,SS8,5,260930403,"[157, 369, 556]","[57, None, 56]",2,1,1,1,0,0
35,45686,1500,3,thrust,SS8,5,260930403,"[137, 407, 559]","[37, None, 59]",2,1,1,1,0,0
36,45696,1500,4,thrust,SS8,5,260930403,"[334, 538]","[None, 34, 38]",2,1,0,0,0,0
37,46077,1500,5,thrust,SS8,5,260930403,"[166, 331, 539]","[None, 31, 39]",2,1,1,1,0,0
38,47371,1500,6,thrust,SS8,5,260930403,"[334, 526]","[None, 34, 26]",2,1,0,0,0,0
39,47373,1500,7,thrust,SS8,5,260930403,"[221, 325, 472, 562]","[None, 25, None]",1,2,3,2,0,1
40,47397,1500,0,thrust,SS8,5,260930403,[593],"[None, None, None]",0,3,1,1,0,0
41,47630,1500,1,thrust,SS8,5,260930403,"[249, 407, 513]","[None, None, 13]",1,2,2,2,0,0
42,47655,1500,2,thrust,SS8,5,260930403,"[160, 360, 630]","[60, 60, None]",2,1,1,1,0,0
43,48143,1500,3,thrust,SS8,5,260930403,"[142, 335, 584]","[42, 35, None]",2,1,1,1,0,0
44,48276,1500,4,thrust,SS8,5,260930403,"[152, 408, 543]","[52, None, 43]",2,1,1,1,0,0
45,48292,1500,5,thrust,SS8,5,260930403,"[133, 382, 527]","[33, None, 27]",2,1,1,1,0,0
46,48293,1500,6,thrust,SS8,5,260930403,"[139, 377, 488, 578]","[39, None, None]",1,2,3,2,0,1
47,48294,1500,7,thrust,SS8,5,260930403,"[136, 373, 535]","[36, None, 35]",2,1,1,1,0,0
48,45397,2000,0,thrust,SS8,5,260930403,[374],"[None, None, None]",0,3,1,1,0,0
49,45582,2000,1,thrust,SS8,5,260930403,"[347, 573]","[None, 47, None]",1,2,1,1,0,0
50,46074,2000,2,thrust,SS8,5,260930403,"[342, 541]","[None, 42, 41]",2,1,0,0,0,0
51,46079,2000,3,thrust,SS8,5,260930403,"[332, 540]","[None, 32, 40]",2,1,0,0,0,0
52,46355,2000,4,thrust,SS8,5,260930403,"[150, 334, 584]","[50, 34, None]",2,1,1,1,0,0
53,48303,2000,5,thrust,SS8,5,260930403,"[156, 258, 348, 545]","[56, 48, 45]",3,0,1,0,0,1
54,48304,2000,6,thrust,SS8,5,260930403,"[141, 270, 360, 553]","[41, 60, 53]",3,0,1,0,0,1
55,48306,2000,7,thrust,SS8,5,260930403,"[135, 325, 415, 563]","[35, 25, None]",2,1,2,2,0,0
56,48311,2000,0,thrust,SS8,5,260930403,[557],"[None, None, 57]",1,2,0,0,0,0
57,48317,2000,1,thrust,SS8,5,260930403,"[184, 557]","[None, None, 57]",1,2,1,1,0,0
58,48321,2000,2,thrust,SS8,5,260930403,"[167, 366, 535]","[None, None, 35]",1,2,2,2,0,0
59,48325,2000,3,thrust,SS8,5,260930403,"[164, 266, 424, 534]","[None, None, 34]",1,2,3,2,0,1
60,48330,2000,4,thrust,SS8,5,260930403,"[331, 534]","[None, 31, 34]",2,1,0,0,0,0
61,48331,2000,5,thrust,SS8,5,260930403,"[330, 420, 528]","[None, 30, 28]",2,1,1,1,0,0
62,48582,2000,6,thrust,SS8,5,260930403,"[288, 378, 468, 560]","[None, None, 60]",1,2,3,1,0,2
63,48663,2000,7,thrust,SS8,5,260930403,"[208, 324, 442, 532]","[None, 24, 32]",2,1,2,2,0,0
0,45197,500,0,thrust,SS30,5,260930403,"[380, 612]","[None, None, None]",0,3,2,2,0,0
1,45693,500,1,thrust,SS30,5,260930403,"[187, 337, 539]","[None, 37, 39]",2,1,1,1,0,0
2,47377,500,2,thrust,SS30,5,260930403,"[184, 333, 543, 648]","[None, 33, 43]",2,1,2,2,0,0
3,47389,500,3,thrust,SS30,5,260930403,"[150, 337, 533]","[50, 37, 33]",3,0,0,0,0,0
4,47390,500,4,thrust,SS30,5,260930403,"[125, 215, 319, 421, 561]","[25, 19, None]",2,1,3,3,0,0
5,47391,500,5,thrust,SS30,5,260930403,"[133, 223, 320, 410, 500]","[33, 20, None]",2,1,3,2,0,1
6,47650,500,6,thrust,SS30,5,260930403,"[125, 215, 331, 438]","[25, 31, None]",2,1,2,2,0,0
7,48287,500,7,thrust,SS30,5,260930403,"[124, 214, 327, 631]","[24, 27, None]",2,1,2,2,0,0
8,48291,500,0,thrust,SS30,5,260930403,"[178, 609]","[None, None, None]",0,3,2,2,0,0
9,48687,500,1,thrust,SS30,5,260930403,"[233, 547]","[None, None, 47]",1,2,1,1,0,0
10,51862,500,2,thrust,SS30,5,260930403,"[135, 400, 553]","[35, None, 53]",2,1,1,1,0,0
11,51867,500,3,thrust,SS30,5,260930403,"[125, 215, 377, 535]","[25, None, 35]",2,1,2,2,0,0
12,52471,500,4,thrust,SS30,5,260930403,"[160, 329, 544, 637]","[60, 29, 44]",3,0,1,1,0,0
13,52472,500,5,thrust,SS30,5,260930403,"[148, 332, 538]","[48, 32, 38]",3,0,0,0,0,0
14,52482,500,6,thrust,SS30,5,260930403,"[151, 324, 414, 532]","[51, 24, 32]",3,0,1,1,0,0
15,52484,500,7,thrust,SS30,5,260930403,"[142, 327, 431, 537]","[42, 27, 37]",3,0,1,1,0,0
16,45187,1000,0,thrust,SS30,5,260930403,[282],"[None, None, None]",0,3,1,0,0,1
17,45235,1000,1,thrust,SS30,5,260930403,"[170, 338]","[None, 38, None]",1,2,1,1,0,0
18,45377,1000,2,thrust,SS30,5,260930403,"[164, 337, 675]","[None, 37, None]",1,2,2,1,0,1
19,45387,1000,3,thrust,SS30,5,260930403,"[153, 332, 595]","[53, 32, None]",2,1,1,1,0,0
20,45399,1000,4,thrust,SS30,5,260930403,"[132, 428, 536]","[32, None, 36]",2,1,1,1,0,0
21,45531,1000,5,thrust,SS30,5,260930403,"[125, 234, 361, 532]","[25, None, 32]",2,1,2,2,0,0
22,45542,1000,6,thrust,SS30,5,260930403,"[132, 345, 523, 613]","[32, 45, 23]",3,0,1,1,0,0
23,45564,1000,7,thrust,SS30,5,260930403,"[133, 349, 525]","[33, 49, 25]",3,0,0,0,0,0
24,45578,1000,0,thrust,SS30,5,260930403,"[396, 560]","[None, None, 60]",1,2,1,1,0,0
25,45660,1000,1,thrust,SS30,5,260930403,"[360, 577]","[None, 60, None]",1,2,1,1,0,0
26,45675,1000,2,thrust,SS30,5,260930403,"[211, 340, 444, 557]","[None, 40, 57]",2,1,2,2,0,0
27,45677,1000,3,thrust,SS30,5,260930403,"[247, 337, 537]","[None, 37, 37]",2,1,1,1,0,0
28,47356,1000,4,thrust,SS30,5,260930403,"[139, 334, 575]","[39, 34, None]",2,1,1,1,0,0
29,47361,1000,5,thrust,SS30,5,260930403,"[87, 177, 267, 357, 447, 569]","[None, 57, None]",1,2,5,3,0,2
30,47362,1000,6,thrust,SS30,5,260930403,"[135, 328, 547]","[35, 28, 47]",3,0,0,0,0,0
31,47367,1000,7,thrust,SS30,5,260930403,"[128, 218, 329, 465, 599]","[28, 29, None]",2,1,3,2,0,1
32,45189,1500,0,thrust,SS30,5,260930403,[175],"[None, None, None]",0,3,1,1,0,0
33,45383,1500,1,thrust,SS30,5,260930403,"[169, 415, 592]","[None, None, None]",0,3,3,3,0,0
34,45408,1500,2,thrust,SS30,5,260930403,"[157, 431, 563]","[57, None, None]",1,2,2,2,0,0
35,45686,1500,3,thrust,SS30,5,260930403,"[134, 403, 536]","[34, None, 36]",2,1,1,1,0,0
36,45696,1500,4,thrust,SS30,5,260930403,"[297, 387, 477, 567, 674]","[None, None, None]",0,3,5,2,0,3
37,46077,1500,5,thrust,SS30,5,260930403,"[334, 541]","[None, 34, 41]",2,1,0,0,0,0
38,47371,1500,6,thrust,SS30,5,260930403,"[335, 537]","[None, 35, 37]",2,1,0,0,0,0
39,47373,1500,7,thrust,SS30,5,260930403,"[233, 331, 535]","[None, 31, 35]",2,1,1,1,0,0
40,47397,1500,0,thrust,SS30,5,260930403,[516],"[None, None, 16]",1,2,0,0,0,0
41,47630,1500,1,thrust,SS30,5,260930403,"[198, 347]","[None, 47, None]",1,2,1,1,0,0
42,47655,1500,2,thrust,SS30,5,260930403,"[158, 359, 603]","[58, 59, None]",2,1,1,1,0,0
43,48143,1500,3,thrust,SS30,5,260930403,"[146, 336, 561]","[46, 36, None]",2,1,1,1,0,0
44,48276,1500,4,thrust,SS30,5,260930403,"[140, 288, 543]","[40, None, 43]",2,1,1,0,0,1
45,48292,1500,5,thrust,SS30,5,260930403,"[137, 377, 531]","[37, None, 31]",2,1,1,1,0,0
46,48293,1500,6,thrust,SS30,5,260930403,"[128, 370, 506, 596]","[28, None, 6]",2,1,2,2,0,0
47,48294,1500,7,thrust,SS30,5,260930403,"[143, 372, 535]","[43, None, 35]",2,1,1,1,0,0
48,45397,2000,0,thrust,SS30,5,260930403,"[368, 690]","[None, None, None]",0,3,2,1,0,1
49,45582,2000,1,thrust,SS30,5,260930403,"[344, 566]","[None, 44, None]",1,2,1,1,0,0
50,46074,2000,2,thrust,SS30,5,260930403,"[343, 546, 693]","[None, 43, 46]",2,1,1,0,0,1
51,46079,2000,3,thrust,SS30,5,260930403,"[341, 539]","[None, 41, 39]",2,1,0,0,0,0
52,46355,2000,4,thrust,SS30,5,260930403,"[146, 332, 517]","[46, 32, 17]",3,0,0,0,0,0
53,48303,2000,5,thrust,SS30,5,260930403,"[151, 241, 335, 547]","[51, 35, 47]",3,0,1,1,0,0
54,48304,2000,6,thrust,SS30,5,260930403,"[140, 337, 557]","[40, 37, 57]",3,0,0,0,0,0
55,48306,2000,7,thrust,SS30,5,260930403,"[138, 243, 333, 423, 555]","[38, 33, 55]",3,0,2,2,0,0
56,48311,2000,0,thrust,SS30,5,260930403,[562],"[None, None, None]",0,3,1,1,0,0
57,48317,2000,1,thrust,SS30,5,260930403,"[172, 449, 567]","[None, None, None]",0,3,3,3,0,0
58,48321,2000,2,thrust,SS30,5,260930403,"[160, 250, 404, 539]","[60, None, 39]",2,1,2,1,0,1
59,48325,2000,3,thrust,SS30,5,260930403,"[160, 250, 390, 530]","[60, None, 30]",2,1,2,1,0,1
60,48330,2000,4,thrust,SS30,5,260930403,"[337, 535]","[None, 37, 35]",2,1,0,0,0,0
61,48331,2000,5,thrust,SS30,5,260930403,"[332, 434, 528]","[None, 32, 28]",2,1,1,1,0,0
62,48582,2000,6,thrust,SS30,5,260930403,"[289, 379, 469, 559, 649]","[None, None, 59]",1,2,4,2,0,2
63,48663,2000,7,thrust,SS30,5,260930403,"[224, 332, 536, 629]","[None, 32, 36]",2,1,2,2,0,0
0,45197,500,0,thrust,MSC16,5,260930403,[406],"[None, None, None]",0,3,1,1,0,0
1,45693,500,1,thrust,MSC16,5,260930403,"[209, 350, 538]","[None, 50, 38]",2,1,1,1,0,0
2,47377,500,2,thrust,MSC16,5,260930403,"[189, 331, 545, 661]","[None, 31, 45]",2,1,2,1,0,1
3,47389,500,3,thrust,MSC16,5,260930403,"[163, 335, 533]","[None, 35, 33]",2,1,1,1,0,0
4,47390,500,4,thrust,MSC16,5,260930403,"[127, 217, 317, 418, 558]","[27, 17, 58]",3,0,2,2,0,0
5,47391,500,5,thrust,MSC16,5,260930403,"[134, 226, 316, 406, 497]","[34, 16, None]",2,1,3,2,0,1
6,47650,500,6,thrust,MSC16,5,260930403,"[118, 208, 329, 419]","[18, 29, None]",2,1,2,2,0,0
7,48287,500,7,thrust,MSC16,5,260930403,"[120, 210, 322, 464]","[20, 22, None]",2,1,2,1,0,1
8,48291,500,0,thrust,MSC16,5,260930403,[347],"[None, 47, None]",1,2,0,0,0,0
9,48687,500,1,thrust,MSC16,5,260930403,"[238, 479, 572]","[None, None, None]",0,3,3,2,0,1
10,51862,500,2,thrust,MSC16,5,260930403,"[134, 399, 545]","[34, None, 45]",2,1,1,1,0,0
11,51867,500,3,thrust,MSC16,5,260930403,"[132, 378, 531]","[32, None, 31]",2,1,1,1,0,0
12,52471,500,4,thrust,MSC16,5,260930403,"[170, 329, 542]","[None, 29, 42]",2,1,1,1,0,0
13,52472,500,5,thrust,MSC16,5,260930403,"[143, 331, 534]","[43, 31, 34]",3,0,0,0,0,0
14,52482,500,6,thrust,MSC16,5,260930403,"[150, 321, 411, 527]","[50, 21, 27]",3,0,1,1,0,0
15,52484,500,7,thrust,MSC16,5,260930403,"[138, 323, 414, 533]","[38, 23, 33]",3,0,1,1,0,0
16,45187,1000,0,thrust,MSC16,5,260930403,[277],"[None, None, None]",0,3,1,0,0,1
17,45235,1000,1,thrust,MSC16,5,260930403,"[170, 350]","[None, 50, None]",1,2,1,1,0,0
18,45377,1000,2,thrust,MSC16,5,260930403,"[166, 332, 673]","[None, 32, None]",1,2,2,1,0,1
19,45387,1000,3,thrust,MSC16,5,260930403,"[147, 332, 630]","[47, 32, None]",2,1,1,1,0,0
20,45399,1000,4,thrust,MSC16,5,260930403,"[128, 440, 532]","[28, None, 32]",2,1,1,1,0,0
21,45531,1000,5,thrust,MSC16,5,260930403,"[132, 342, 528]","[32, 42, 28]",3,0,0,0,0,0
22,45542,1000,6,thrust,MSC16,5,260930403,"[130, 336, 520, 610]","[30, 36, 20]",3,0,1,1,0,0
23,45564,1000,7,thrust,MSC16,5,260930403,"[130, 345, 519, 609]","[30, 45, 19]",3,0,1,1,0,0
24,45578,1000,0,thrust,MSC16,5,260930403,"[446, 617]","[None, None, None]",0,3,2,2,0,0
25,45660,1000,1,thrust,MSC16,5,260930403,"[354, 570]","[None, 54, None]",1,2,1,1,0,0
26,45675,1000,2,thrust,MSC16,5,260930403,"[213, 340, 557]","[None, 40, 57]",2,1,1,1,0,0
27,45677,1000,3,thrust,MSC16,5,260930403,"[329, 531]","[None, 29, 31]",2,1,0,0,0,0
28,47356,1000,4,thrust,MSC16,5,260930403,"[137, 335, 574]","[37, 35, None]",2,1,1,1,0,0
29,47361,1000,5,thrust,MSC16,5,260930403,"[75, 165, 321, 411, 565]","[None, 21, None]",1,2,4,3,0,1
30,47362,1000,6,thrust,MSC16,5,260930403,"[131, 327, 546]","[31, 27, 46]",3,0,0,0,0,0
31,47367,1000,7,thrust,MSC16,5,260930403,"[128, 321, 446, 587]","[28, 21, None]",2,1,2,2,0,0
32,45189,1500,0,thrust,MSC16,5,260930403,[593],"[None, None, None]",0,3,1,1,0,0
33,45383,1500,1,thrust,MSC16,5,260930403,"[184, 430, 688]","[None, None, None]",0,3,3,2,0,1
34,45408,1500,2,thrust,MSC16,5,260930403,"[155, 562]","[55, None, None]",1,2,1,1,0,0
35,45686,1500,3,thrust,MSC16,5,260930403,"[138, 404, 557]","[38, None, 57]",2,1,1,1,0,0
36,45696,1500,4,thrust,MSC16,5,260930403,"[334, 538]","[None, 34, 38]",2,1,0,0,0,0
37,46077,1500,5,thrust,MSC16,5,260930403,"[167, 331, 539]","[None, 31, 39]",2,1,1,1,0,0
38,47371,1500,6,thrust,MSC16,5,260930403,"[335, 527]","[None, 35, 27]",2,1,0,0,0,0
39,47373,1500,7,thrust,MSC16,5,260930403,"[222, 325, 441, 532]","[None, 25, 32]",2,1,2,2,0,0
40,47397,1500,0,thrust,MSC16,5,260930403,[593],"[None, None, None]",0,3,1,1,0,0
41,47630,1500,1,thrust,MSC16,5,260930403,"[243, 341]","[None, 41, None]",1,2,1,1,0,0
42,47655,1500,2,thrust,MSC16,5,260930403,"[160, 356, 630]","[60, 56, None]",2,1,1,1,0,0
43,48143,1500,3,thrust,MSC16,5,260930403,"[145, 334, 560]","[45, 34, 60]",3,0,0,0,0,0
44,48276,1500,4,thrust,MSC16,5,260930403,"[153, 275, 542]","[53, None, 42]",2,1,1,0,0,1
45,48292,1500,5,thrust,MSC16,5,260930403,"[133, 381, 527]","[33, None, 27]",2,1,1,1,0,0
46,48293,1500,6,thrust,MSC16,5,260930403,"[137, 374, 488, 578]","[37, None, None]",1,2,3,2,0,1
47,48294,1500,7,thrust,MSC16,5,260930403,"[136, 373, 534]","[36, None, 34]",2,1,1,1,0,0
48,45397,2000,0,thrust,MSC16,5,260930403,[375],"[None, None, None]",0,3,1,1,0,0
49,45582,2000,1,thrust,MSC16,5,260930403,"[347, 573]","[None, 47, None]",1,2,1,1,0,0
50,46074,2000,2,thrust,MSC16,5,260930403,"[343, 541]","[None, 43, 41]",2,1,0,0,0,0
51,46079,2000,3,thrust,MSC16,5,260930403,"[334, 540]","[None, 34, 40]",2,1,0,0,0,0
52,46355,2000,4,thrust,MSC16,5,260930403,"[150, 334, 584]","[50, 34, None]",2,1,1,1,0,0
53,48303,2000,5,thrust,MSC16,5,260930403,"[153, 243, 336, 546]","[53, 36, 46]",3,0,1,1,0,0
54,48304,2000,6,thrust,MSC16,5,260930403,"[139, 270, 360, 553]","[39, 60, 53]",3,0,1,0,0,1
55,48306,2000,7,thrust,MSC16,5,260930403,"[134, 325, 415, 551]","[34, 25, 51]",3,0,1,1,0,0
56,48311,2000,0,thrust,MSC16,5,260930403,[557],"[None, None, 57]",1,2,0,0,0,0
57,48317,2000,1,thrust,MSC16,5,260930403,"[179, 557]","[None, None, 57]",1,2,1,1,0,0
58,48321,2000,2,thrust,MSC16,5,260930403,"[164, 367, 535]","[None, None, 35]",1,2,2,2,0,0
59,48325,2000,3,thrust,MSC16,5,260930403,"[161, 298, 528]","[None, None, 28]",1,2,2,1,0,1
60,48330,2000,4,thrust,MSC16,5,260930403,"[332, 535]","[None, 32, 35]",2,1,0,0,0,0
61,48331,2000,5,thrust,MSC16,5,260930403,"[329, 419, 523]","[None, 29, 23]",2,1,1,1,0,0
62,48582,2000,6,thrust,MSC16,5,260930403,"[328, 529]","[None, 28, 29]",2,1,0,0,0,0
63,48663,2000,7,thrust,MSC16,5,260930403,"[209, 325, 442, 532]","[None, 25, 32]",2,1,2,2,0,0
0,45197,500,0,thrust,MSC30,5,260930403,"[402, 620]","[None, None, None]",0,3,2,2,0,0
1,45693,500,1,thrust,MSC30,5,260930403,"[204, 341, 538]","[None, 41, 38]",2,1,1,1,0,0
2,47377,500,2,thrust,MSC30,5,260930403,"[185, 335, 541, 661]","[None, 35, 41]",2,1,2,1,0,1
3,47389,500,3,thrust,MSC30,5,260930403,"[150, 334, 533]","[50, 34, 33]",3,0,0,0,0,0
4,47390,500,4,thrust,MSC30,5,260930403,"[127, 217, 322, 422, 564]","[27, 22, None]",2,1,3,3,0,0
5,47391,500,5,thrust,MSC30,5,260930403,"[134, 231, 321, 411, 501]","[34, 21, 1]",3,0,2,2,0,0
6,47650,500,6,thrust,MSC30,5,260930403,"[118, 208, 329, 419]","[18, 29, None]",2,1,2,2,0,0
7,48287,500,7,thrust,MSC30,5,260930403,"[124, 214, 328, 618]","[24, 28, None]",2,1,2,2,0,0
8,48291,500,0,thrust,MSC30,5,260930403,"[179, 611]","[None, None, None]",0,3,2,2,0,0
9,48687,500,1,thrust,MSC30,5,260930403,"[236, 479, 571]","[None, None, None]",0,3,3,2,0,1
10,51862,500,2,thrust,MSC30,5,260930403,"[134, 401, 545]","[34, None, 45]",2,1,1,1,0,0
11,51867,500,3,thrust,MSC30,5,260930403,"[127, 221, 380, 533]","[27, None, 33]",2,1,2,2,0,0
12,52471,500,4,thrust,MSC30,5,260930403,"[163, 329, 542]","[None, 29, 42]",2,1,1,1,0,0
13,52472,500,5,thrust,MSC30,5,260930403,"[143, 331, 537]","[43, 31, 37]",3,0,0,0,0,0
14,52482,500,6,thrust,MSC30,5,260930403,"[150, 321, 411, 501, 591, 681]","[50, 21, 1]",3,0,3,2,0,1
15,52484,500,7,thrust,MSC30,5,260930403,"[138, 323, 413, 535]","[38, 23, 35]",3,0,1,1,0,0
16,45187,1000,0,thrust,MSC30,5,260930403,[277],"[None, None, None]",0,3,1,0,0,1
17,45235,1000,1,thrust,MSC30,5,260930403,"[170, 338]","[None, 38, None]",1,2,1,1,0,0
18,45377,1000,2,thrust,MSC30,5,260930403,"[164, 337, 676]","[None, 37, None]",1,2,2,1,0,1
19,45387,1000,3,thrust,MSC30,5,260930403,"[147, 334, 614]","[47, 34, None]",2,1,1,1,0,0
20,45399,1000,4,thrust,MSC30,5,260930403,"[132, 432, 533]","[32, None, 33]",2,1,1,1,0,0
21,45531,1000,5,thrust,MSC30,5,260930403,"[125, 234, 362, 533]","[25, None, 33]",2,1,2,2,0,0
22,45542,1000,6,thrust,MSC30,5,260930403,"[130, 344, 523, 613]","[30, 44, 23]",3,0,1,1,0,0
23,45564,1000,7,thrust,MSC30,5,260930403,"[131, 347, 519, 609]","[31, 47, 19]",3,0,1,1,0,0
24,45578,1000,0,thrust,MSC30,5,260930403,"[399, 608]","[None, None, None]",0,3,2,2,0,0
25,45660,1000,1,thrust,MSC30,5,260930403,"[361, 572]","[None, None, None]",0,3,2,2,0,0
26,45675,1000,2,thrust,MSC30,5,260930403,"[211, 340, 554]","[None, 40, 54]",2,1,1,1,0,0
27,45677,1000,3,thrust,MSC30,5,260930403,"[250, 340, 535]","[None, 40, 35]",2,1,1,0,0,1
28,47356,1000,4,thrust,MSC30,5,260930403,"[137, 335, 575]","[37, 35, None]",2,1,1,1,0,0
29,47361,1000,5,thrust,MSC30,5,260930403,"[87, 177, 318, 408, 507]","[None, 18, 7]",2,1,3,2,0,1
30,47362,1000,6,thrust,MSC30,5,260930403,"[131, 327, 421, 615]","[31, 27, None]",2,1,2,2,0,0
31,47367,1000,7,thrust,MSC30,5,260930403,"[128, 218, 329, 466, 606]","[28, 29, None]",2,1,3,2,0,1
32,45189,1500,0,thrust,MSC30,5,260930403,[176],"[None, None, None]",0,3,1,1,0,0
33,45383,1500,1,thrust,MSC30,5,260930403,"[170, 416, 643]","[None, None, None]",0,3,3,3,0,0
34,45408,1500,2,thrust,MSC30,5,260930403,"[157, 431, 563]","[57, None, None]",1,2,2,2,0,0
35,45686,1500,3,thrust,MSC30,5,260930403,"[135, 403, 538]","[35, None, 38]",2,1,1,1,0,0
36,45696,1500,4,thrust,MSC30,5,260930403,"[298, 388, 488, 578, 673]","[None, None, None]",0,3,5,2,0,3
37,46077,1500,5,thrust,MSC30,5,260930403,"[333, 539]","[None, 33, 39]",2,1,0,0,0,0
38,47371,1500,6,thrust,MSC30,5,260930403,"[335, 527]","[None, 35, 27]",2,1,0,0,0,0
39,47373,1500,7,thrust,MSC30,5,260930403,"[222, 328, 532]","[None, 28, 32]",2,1,1,1,0,0
40,47397,1500,0,thrust,MSC30,5,260930403,[520],"[None, None, 20]",1,2,0,0,0,0
41,47630,1500,1,thrust,MSC30,5,260930403,"[200, 348]","[None, 48, None]",1,2,1,1,0,0
42,47655,1500,2,thrust,MSC30,5,260930403,"[158, 359, 603]","[58, 59, None]",2,1,1,1,0,0
43,48143,1500,3,thrust,MSC30,5,260930403,"[145, 336, 565]","[45, 36, None]",2,1,1,1,0,0
44,48276,1500,4,thrust,MSC30,5,260930403,"[140, 291, 544]","[40, None, 44]",2,1,1,0,0,1
45,48292,1500,5,thrust,MSC30,5,260930403,"[133, 377, 529]","[33, None, 29]",2,1,1,1,0,0
46,48293,1500,6,thrust,MSC30,5,260930403,"[129, 372, 488, 578, 668]","[29, None, None]",1,2,4,2,0,2
47,48294,1500,7,thrust,MSC30,5,260930403,"[139, 372, 535]","[39, None, 35]",2,1,1,1,0,0
48,45397,2000,0,thrust,MSC30,5,260930403,[369],"[None, None, None]",0,3,1,1,0,0
49,45582,2000,1,thrust,MSC30,5,260930403,"[344, 567]","[None, 44, None]",1,2,1,1,0,0
50,46074,2000,2,thrust,MSC30,5,260930403,"[343, 541]","[None, 43, 41]",2,1,0,0,0,0
51,46079,2000,3,thrust,MSC30,5,260930403,"[334, 540]","[None, 34, 40]",2,1,0,0,0,0
52,46355,2000,4,thrust,MSC30,5,260930403,"[146, 332, 517]","[46, 32, 17]",3,0,0,0,0,0
53,48303,2000,5,thrust,MSC30,5,260930403,"[152, 242, 336, 546]","[52, 36, 46]",3,0,1,1,0,0
54,48304,2000,6,thrust,MSC30,5,260930403,"[140, 270, 360, 463, 559]","[40, 60, 59]",3,0,2,0,0,2
55,48306,2000,7,thrust,MSC30,5,260930403,"[136, 325, 415, 557]","[36, 25, 57]",3,0,1,1,0,0
56,48311,2000,0,thrust,MSC30,5,260930403,[557],"[None, None, 57]",1,2,0,0,0,0
57,48317,2000,1,thrust,MSC30,5,260930403,"[172, 459, 573]","[None, None, None]",0,3,3,2,0,1
58,48321,2000,2,thrust,MSC30,5,260930403,"[161, 357, 535]","[None, 57, 35]",2,1,1,1,0,0
59,48325,2000,3,thrust,MSC30,5,260930403,"[161, 251, 398, 531]","[None, None, 31]",1,2,3,2,0,1
60,48330,2000,4,thrust,MSC30,5,260930403,"[332, 535]","[None, 32, 35]",2,1,0,0,0,0
61,48331,2000,5,thrust,MSC30,5,260930403,"[331, 424, 527]","[None, 31, 27]",2,1,1,1,0,0
62,48582,2000,6,thrust,MSC30,5,260930403,"[328, 529]","[None, 28, 29]",2,1,0,0,0,0
63,48663,2000,7,thrust,MSC30,5,260930403,"[224, 327, 417, 528]","[None, 27, 28]",2,1,2,2,0,0
0,45197,500,0,thrust,MSC10,5,260930403,[419],"[None, None, None]",0,3,1,1,0,0
1,45693,500,1,thrust,MSC10,5,260930403,"[207, 349, 540]","[None, 49, 40]",2,1,1,1,0,0
2,47377,500,2,thrust,MSC10,5,260930403,"[187, 332, 543]","[None, 32, 43]",2,1,1,1,0,0
3,47389,500,3,thrust,MSC10,5,260930403,"[164, 334, 526]","[None, 34, 26]",2,1,1,1,0,0
4,47390,500,4,thrust,MSC10,5,260930403,"[126, 216, 327, 445]","[26, 27, None]",2,1,2,2,0,0
5,47391,500,5,thrust,MSC10,5,260930403,"[134, 318, 408, 498]","[34, 18, None]",2,1,2,1,0,1
6,47650,500,6,thrust,MSC10,5,260930403,"[118, 208, 330, 556]","[18, 30, 56]",3,0,1,1,0,0
7,48287,500,7,thrust,MSC10,5,260930403,"[121, 211, 328, 618]","[21, 28, None]",2,1,2,2,0,0
8,48291,500,0,thrust,MSC10,5,260930403,[348],"[None, 48, None]",1,2,0,0,0,0
9,48687,500,1,thrust,MSC10,5,260930403,"[230, 480, 572]","[None, None, None]",0,3,3,2,0,1
10,51862,500,2,thrust,MSC10,5,260930403,"[134, 403, 545]","[34, None, 45]",2,1,1,1,0,0
11,51867,500,3,thrust,MSC10,5,260930403,"[127, 222, 382, 531]","[27, None, 31]",2,1,2,2,0,0
12,52471,500,4,thrust,MSC10,5,260930403,"[170, 327, 542]","[None, 27, 42]",2,1,1,1,0,0
13,52472,500,5,thrust,MSC10,5,260930403,"[143, 331, 536]","[43, 31, 36]",3,0,0,0,0,0
14,52482,500,6,thrust,MSC10,5,260930403,"[149, 321, 411, 534]","[49, 21, 34]",3,0,1,1,0,0
15,52484,500,7,thrust,MSC10,5,260930403,"[138, 322, 412, 533]","[38, 22, 33]",3,0,1,1,0,0
16,45187,1000,0,thrust,MSC10,5,260930403,[276],"[None, None, None]",0,3,1,0,0,1
17,45235,1000,1,thrust,MSC10,5,260930403,"[168, 352, 461]","[None, 52, None]",1,2,2,1,0,1
18,45377,1000,2,thrust,MSC10,5,260930403,"[166, 352, 677]","[None, 52, None]",1,2,2,1,0,1
19,45387,1000,3,thrust,MSC10,5,260930403,"[147, 333, 634]","[47, 33, None]",2,1,1,1,0,0
20,45399,1000,4,thrust,MSC10,5,260930403,"[129, 458, 548]","[29, None, 48]",2,1,1,0,0,1
21,45531,1000,5,thrust,MSC10,5,260930403,"[140, 347, 525]","[40, 47, 25]",3,0,0,0,0,0
22,45542,1000,6,thrust,MSC10,5,260930403,"[130, 371, 524, 614]","[30, None, 24]",2,1,2,2,0,0
23,45564,1000,7,thrust,MSC10,5,260930403,"[130, 347, 518, 608]","[30, 47, 18]",3,0,1,1,0,0
24,45578,1000,0,thrust,MSC10,5,260930403,"[448, 628]","[None, None, None]",0,3,2,2,0,0
25,45660,1000,1,thrust,MSC10,5,260930403,"[364, 572]","[None, None, None]",0,3,2,2,0,0
26,45675,1000,2,thrust,MSC10,5,260930403,"[214, 338, 558]","[None, 38, 58]",2,1,1,1,0,0
27,45677,1000,3,thrust,MSC10,5,260930403,"[329, 531]","[None, 29, 31]",2,1,0,0,0,0
28,47356,1000,4,thrust,MSC10,5,260930403,"[137, 334, 563]","[37, 34, None]",2,1,1,1,0,0
29,47361,1000,5,thrust,MSC10,5,260930403,"[138, 321, 411, 559]","[38, 21, 59]",3,0,1,1,0,0
30,47362,1000,6,thrust,MSC10,5,260930403,"[130, 326, 545]","[30, 26, 45]",3,0,0,0,0,0
31,47367,1000,7,thrust,MSC10,5,260930403,"[128, 321, 446, 606]","[28, 21, None]",2,1,2,2,0,0
32,45189,1500,0,thrust,MSC10,5,260930403,[602],"[None, None, None]",0,3,1,1,0,0
33,45383,1500,1,thrust,MSC10,5,260930403,"[152, 420, 651]","[52, None, None]",1,2,2,1,0,1
34,45408,1500,2,thrust,MSC10,5,260930403,"[157, 370, 557]","[57, None, 57]",2,1,1,1,0,0
35,45686,1500,3,thrust,MSC10,5,260930403,"[137, 403, 536]","[37, None, 36]",2,1,1,1,0,0
36,45696,1500,4,thrust,MSC10,5,260930403,"[334, 538]","[None, 34, 38]",2,1,0,0,0,0
37,46077,1500,5,thrust,MSC10,5,260930403,"[164, 330, 541]","[None, 30, 41]",2,1,1,1,0,0
38,47371,1500,6,thrust,MSC10,5,260930403,"[335, 527]","[None, 35, 27]",2,1,0,0,0,0
39,47373,1500,7,thrust,MSC10,5,260930403,"[221, 326, 528]","[None, 26, 28]",2,1,1,1,0,0
40,47397,1500,0,thrust,MSC10,5,260930403,[593],"[None, None, None]",0,3,1,1,0,0
41,47630,1500,1,thrust,MSC10,5,260930403,"[245, 408, 513]","[None, None, 13]",1,2,2,2,0,0
42,47655,1500,2,thrust,MSC10,5,260930403,"[160, 359, 630]","[60, 59, None]",2,1,1,1,0,0
43,48143,1500,3,thrust,MSC10,5,260930403,"[143, 336, 583]","[43, 36, None]",2,1,1,1,0,0
44,48276,1500,4,thrust,MSC10,5,260930403,"[154, 270, 543]","[54, None, 43]",2,1,1,0,0,1
45,48292,1500,5,thrust,MSC10,5,260930403,"[132, 377, 528]","[32, None, 28]",2,1,1,1,0,0
46,48293,1500,6,thrust,MSC10,5,260930403,"[139, 377, 532]","[39, None, 32]",2,1,1,1,0,0
47,48294,1500,7,thrust,MSC10,5,260930403,"[136, 373, 534]","[36, None, 34]",2,1,1,1,0,0
48,45397,2000,0,thrust,MSC10,5,260930403,[376],"[None, None, None]",0,3,1,1,0,0
49,45582,2000,1,thrust,MSC10,5,260930403,"[360, 525]","[None, 60, 25]",2,1,0,0,0,0
50,46074,2000,2,thrust,MSC10,5,260930403,"[343, 543]","[None, 43, 43]",2,1,0,0,0,0
51,46079,2000,3,thrust,MSC10,5,260930403,"[335, 541]","[None, 35, 41]",2,1,0,0,0,0
52,46355,2000,4,thrust,MSC10,5,260930403,"[150, 334, 586]","[50, 34, None]",2,1,1,1,0,0
53,48303,2000,5,thrust,MSC10,5,260930403,"[156, 257, 347, 544]","[56, 47, 44]",3,0,1,0,0,1
54,48304,2000,6,thrust,MSC10,5,260930403,"[142, 266, 356, 554]","[42, 56, 54]",3,0,1,0,0,1
55,48306,2000,7,thrust,MSC10,5,260930403,"[136, 324, 414, 547]","[36, 24, 47]",3,0,1,1,0,0
56,48311,2000,0,thrust,MSC10,5,260930403,[556],"[None, None, 56]",1,2,0,0,0,0
57,48317,2000,1,thrust,MSC10,5,260930403,"[179, 558]","[None, None, 58]",1,2,1,1,0,0
58,48321,2000,2,thrust,MSC10,5,260930403,"[163, 366, 535]","[None, None, 35]",1,2,2,2,0,0
59,48325,2000,3,thrust,MSC10,5,260930403,"[164, 267, 423, 533]","[None, None, 33]",1,2,3,2,0,1
60,48330,2000,4,thrust,MSC10,5,260930403,"[331, 535]","[None, 31, 35]",2,1,0,0,0,0
61,48331,2000,5,thrust,MSC10,5,260930403,"[328, 418, 518, 628]","[None, 28, 18]",2,1,2,2,0,0
62,48582,2000,6,thrust,MSC10,5,260930403,"[284, 374, 464, 554]","[None, None, 54]",1,2,3,1,0,2
63,48663,2000,7,thrust,MSC10,5,260930403,"[208, 325, 454, 544]","[None, 25, 44]",2,1,2,1,0,1
0,45197,500,0,thrust,SS2,10,260930401,[463],"[None, None, None]",0,3,1,0,0,1
1,45693,500,1,thrust,SS2,10,260930401,"[224, 353, 464, 591]","[None, 53, None]",1,2,3,2,0,1
2,47377,500,2,thrust,SS2,10,260930401,"[185, 332, 539]","[None, 32, 39]",2,1,1,1,0,0
3,47389,500,3,thrust,SS2,10,260930401,"[152, 334, 532]","[52, 34, 32]",3,0,0,0,0,0
4,47390,500,4,thrust,SS2,10,260930401,"[127, 248, 340, 597]","[27, 40, None]",2,1,2,2,0,0
5,47391,500,5,thrust,SS2,10,260930401,"[119, 216, 318, 408, 563]","[19, 18, None]",2,1,3,3,0,0
6,47650,500,6,thrust,SS2,10,260930401,"[120, 210, 328, 434]","[20, 28, None]",2,1,2,2,0,0
7,48287,500,7,thrust,SS2,10,260930401,"[122, 212, 325, 676]","[22, 25, None]",2,1,2,1,0,1
8,48291,500,0,thrust,SS2,10,260930401,"[199, 645]","[None, None, None]",0,3,2,2,0,0
9,48687,500,1,thrust,SS2,10,260930401,"[266, 547]","[None, None, 47]",1,2,1,0,0,1
10,51862,500,2,thrust,SS2,10,260930401,"[145, 409, 564]","[45, None, None]",1,2,2,2,0,0
11,51867,500,3,thrust,SS2,10,260930401,"[123, 319, 544, 681]","[23, 19, 44]",3,0,1,0,0,1
12,52471,500,4,thrust,SS2,10,260930401,"[164, 331, 535]","[None, 31, 35]",2,1,1,1,0,0
13,52472,500,5,thrust,SS2,10,260930401,"[138, 328, 530]","[38, 28, 30]",3,0,0,0,0,0
14,52482,500,6,thrust,SS2,10,260930401,"[144, 318, 408, 529]","[44, 18, 29]",3,0,1,1,0,0
15,52484,500,7,thrust,SS2,10,260930401,"[137, 326, 460, 550]","[37, 26, 50]",3,0,1,0,0,1
16,45187,1000,0,thrust,SS2,10,260930401,"[373, 522]","[None, None, 22]",1,2,1,1,0,0
17,45235,1000,1,thrust,SS2,10,260930401,"[179, 365]","[None, None, None]",0,3,2,2,0,0
18,45377,1000,2,thrust,SS2,10,260930401,"[158, 347]","[58, 47, None]",2,1,0,0,0,0
19,45387,1000,3,thrust,SS2,10,260930401,"[160, 334, 648]","[60, 34, None]",2,1,1,1,0,0
20,45399,1000,4,thrust,SS2,10,260930401,"[136, 418, 539]","[36, None, 39]",2,1,1,1,0,0
21,45531,1000,5,thrust,SS2,10,260930401,"[144, 357, 525]","[44, 57, 25]",3,0,0,0,0,0
22,45542,1000,6,thrust,SS2,10,260930401,"[129, 378, 522, 612]","[29, None, 22]",2,1,2,2,0,0
23,45564,1000,7,thrust,SS2,10,260930401,"[129, 226, 388, 524]","[29, None, 24]",2,1,2,2,0,0
24,45578,1000,0,thrust,SS2,10,260930401,[672],"[None, None, None]",0,3,1,0,0,1
25,45660,1000,1,thrust,SS2,10,260930401,"[358, 561]","[None, 58, None]",1,2,1,1,0,0
26,45675,1000,2,thrust,SS2,10,260930401,"[333, 554]","[None, 33, 54]",2,1,0,0,0,0
27,45677,1000,3,thrust,SS2,10,260930401,"[328, 527]","[None, 28, 27]",2,1,0,0,0,0
28,47356,1000,4,thrust,SS2,10,260930401,"[124, 329, 572]","[24, 29, None]",2,1,1,1,0,0
29,47361,1000,5,thrust,SS2,10,260930401,"[137, 323, 417, 569]","[37, 23, None]",2,1,2,2,0,0
30,47362,1000,6,thrust,SS2,10,260930401,"[123, 334, 613]","[23, 34, None]",2,1,1,1,0,0
31,47367,1000,7,thrust,SS2,10,260930401,"[127, 322, 468]","[27, 22, None]",2,1,1,0,0,1
32,45189,1500,0,thrust,SS2,10,260930401,[606],"[None, None, None]",0,3,1,1,0,0
33,45383,1500,1,thrust,SS2,10,260930401,"[195, 465]","[None, None, None]",0,3,2,1,0,1
34,45408,1500,2,thrust,SS2,10,260930401,"[182, 558]","[None, None, 58]",1,2,1,1,0,0
35,45686,1500,3,thrust,SS2,10,260930401,"[147, 476, 626]","[47, None, None]",1,2,2,1,0,1
36,45696,1500,4,thrust,SS2,10,260930401,"[334, 540]","[None, 34, 40]",2,1,0,0,0,0
37,46077,1500,5,thrust,SS2,10,260930401,"[335, 533]","[None, 35, 33]",2,1,0,0,0,0
38,47371,1500,6,thrust,SS2,10,260930401,"[343, 434, 540]","[None, 43, 40]",2,1,1,1,0,0
39,47373,1500,7,thrust,SS2,10,260930401,"[314, 404, 531]","[None, 14, 31]",2,1,1,1,0,0
40,47397,1500,0,thrust,SS2,10,260930401,[],"[None, None, None]",0,3,0,0,0,0
41,47630,1500,1,thrust,SS2,10,260930401,"[290, 510]","[None, None, 10]",1,2,1,0,0,1
42,47655,1500,2,thrust,SS2,10,260930401,"[141, 373]","[41, None, None]",1,2,1,1,0,0
43,48143,1500,3,thrust,SS2,10,260930401,"[147, 325, 449]","[47, 25, None]",2,1,1,1,0,0
44,48276,1500,4,thrust,SS2,10,260930401,"[157, 529]","[57, None, 29]",2,1,0,0,0,0
45,48292,1500,5,thrust,SS2,10,260930401,"[134, 372, 530, 667]","[34, None, 30]",2,1,2,1,0,1
46,48293,1500,6,thrust,SS2,10,260930401,"[131, 359, 527, 695]","[31, 59, 27]",3,0,1,0,0,1
47,48294,1500,7,thrust,SS2,10,260930401,"[132, 374, 527, 620]","[32, None, 27]",2,1,2,2,0,0
48,45397,2000,0,thrust,SS2,10,260930401,[385],"[None, None, None]",0,3,1,1,0,0
49,45582,2000,1,thrust,SS2,10,260930401,"[360, 568]","[None, 60, None]",1,2,1,1,0,0
50,46074,2000,2,thrust,SS2,10,260930401,"[353, 544]","[None, 53, 44]",2,1,0,0,0,0
51,46079,2000,3,thrust,SS2,10,260930401,"[339, 535]","[None, 39, 35]",2,1,0,0,0,0
52,46355,2000,4,thrust,SS2,10,260930401,"[136, 333, 573]","[36, 33, None]",2,1,1,1,0,0
53,48303,2000,5,thrust,SS2,10,260930401,"[175, 338, 544]","[None, 38, 44]",2,1,1,1,0,0
54,48304,2000,6,thrust,SS2,10,260930401,"[135, 324, 415, 565]","[35, 24, None]",2,1,2,2,0,0
55,48306,2000,7,thrust,SS2,10,260930401,"[138, 326, 416, 563]","[38, 26, None]",2,1,2,2,0,0
56,48311,2000,0,thrust,SS2,10,260930401,[690],"[None, None, None]",0,3,1,0,0,1
57,48317,2000,1,thrust,SS2,10,260930401,"[217, 568]","[None, None, None]",0,3,2,2,0,0
58,48321,2000,2,thrust,SS2,10,260930401,"[183, 373, 543]","[None, None, 43]",1,2,2,2,0,0
59,48325,2000,3,thrust,SS2,10,260930401,"[151, 354, 532]","[51, 54, 32]",3,0,0,0,0,0
60,48330,2000,4,thrust,SS2,10,260930401,"[337, 529]","[None, 37, 29]",2,1,0,0,0,0
61,48331,2000,5,thrust,SS2,10,260930401,"[330, 523]","[None, 30, 23]",2,1,0,0,0,0
62,48582,2000,6,thrust,SS2,10,260930401,"[320, 410, 525, 645]","[None, 20, 25]",2,1,2,2,0,0
63,48663,2000,7,thrust,SS2,10,260930401,"[254, 344, 532]","[None, 44, 32]",2,1,1,0,0,1
0,45197,500,0,thrust,SS8,10,260930401,"[374, 623]","[None, None, None]",0,3,2,2,0,0
1,45693,500,1,thrust,SS8,10,260930401,"[176, 335, 560]","[None, 35, 60]",2,1,1,1,0,0
2,47377,500,2,thrust,SS8,10,260930401,"[181, 330, 531, 682]","[None, 30, 31]",2,1,2,1,0,1
3,47389,500,3,thrust,SS8,10,260930401,"[152, 326, 532]","[52, 26, 32]",3,0,0,0,0,0
4,47390,500,4,thrust,SS8,10,260930401,"[122, 212, 315, 413, 578]","[22, 15, None]",2,1,3,3,0,0
5,47391,500,5,thrust,SS8,10,260930401,"[122, 215, 315, 405, 495]","[22, 15, None]",2,1,3,2,0,1
6,47650,500,6,thrust,SS8,10,260930401,"[119, 209, 322, 412, 525]","[19, 22, 25]",3,0,2,2,0,0
7,48287,500,7,thrust,SS8,10,260930401,"[118, 208, 317, 416, 633]","[18, 17, None]",2,1,3,3,0,0
8,48291,500,0,thrust,SS8,10,260930401,"[193, 589]","[None, None, None]",0,3,2,2,0,0
9,48687,500,1,thrust,SS8,10,260930401,"[156, 370, 541]","[56, None, 41]",2,1,1,1,0,0
10,51862,500,2,thrust,SS8,10,260930401,"[130, 379, 547]","[30, None, 47]",2,1,1,1,0,0
11,51867,500,3,thrust,SS8,10,260930401,"[122, 229, 380, 538]","[22, None, 38]",2,1,2,2,0,0
12,52471,500,4,thrust,SS8,10,260930401,"[150, 326, 536]","[50, 26, 36]",3,0,0,0,0,0
13,52472,500,5,thrust,SS8,10,260930401,"[134, 316, 406, 525]","[34, 16, 25]",3,0,1,1,0,0
14,52482,500,6,thrust,SS8,10,260930401,"[137, 318, 408, 498, 588, 678]","[37, 18, None]",2,1,4,2,0,2
15,52484,500,7,thrust,SS8,10,260930401,"[137, 316, 406, 517, 607]","[37, 16, 17]",3,0,2,2,0,0
16,45187,1000,0,thrust,SS8,10,260930401,"[96, 377]","[None, None, None]",0,3,2,1,0,1
17,45235,1000,1,thrust,SS8,10,260930401,"[170, 343]","[None, 43, None]",1,2,1,1,0,0
18,45377,1000,2,thrust,SS8,10,260930401,"[155, 340, 665]","[55, 40, None]",2,1,1,0,0,1
19,45387,1000,3,thrust,SS8,10,260930401,"[148, 331, 598]","[48, 31, None]",2,1,1,1,0,0
20,45399,1000,4,thrust,SS8,10,260930401,"[124, 302, 525, 629]","[24, 2, 25]",3,0,1,1,0,0
21,45531,1000,5,thrust,SS8,10,260930401,"[137, 350, 521, 622]","[37, 50, 21]",3,0,1,1,0,0
22,45542,1000,6,thrust,SS8,10,260930401,"[129, 332, 521, 611]","[29, 32, 21]",3,0,1,1,0,0
23,45564,1000,7,thrust,SS8,10,260930401,"[117, 207, 368, 524, 674]","[17, None, 24]",2,1,3,2,0,1
24,45578,1000,0,thrust,SS8,10,260930401,"[369, 588]","[None, None, None]",0,3,2,2,0,0
25,45660,1000,1,thrust,SS8,10,260930401,"[351, 560]","[None, 51, 60]",2,1,0,0,0,0
26,45675,1000,2,thrust,SS8,10,260930401,"[180, 292, 382, 492, 584]","[None, None, None]",0,3,5,3,0,2
27,45677,1000,3,thrust,SS8,10,260930401,"[298, 388, 484, 574, 679]","[None, None, None]",0,3,5,2,0,3
28,47356,1000,4,thrust,SS8,10,260930401,"[128, 328, 421, 576]","[28, 28, None]",2,1,2,2,0,0
29,47361,1000,5,thrust,SS8,10,260930401,"[134, 323, 413, 556]","[34, 23, 56]",3,0,1,1,0,0
30,47362,1000,6,thrust,SS8,10,260930401,"[124, 224, 330, 528]","[24, 30, 28]",3,0,1,1,0,0
31,47367,1000,7,thrust,SS8,10,260930401,"[120, 210, 322, 417, 612]","[20, 22, None]",2,1,3,3,0,0
32,45189,1500,0,thrust,SS8,10,260930401,[249],"[None, None, None]",0,3,1,1,0,0
33,45383,1500,1,thrust,SS8,10,260930401,"[172, 389, 572]","[None, None, None]",0,3,3,3,0,0
34,45408,1500,2,thrust,SS8,10,260930401,"[173, 275, 550]","[None, None, 50]",1,2,2,1,0,1
35,45686,1500,3,thrust,SS8,10,260930401,"[137, 426, 549]","[37, None, 49]",2,1,1,1,0,0
36,45696,1500,4,thrust,SS8,10,260930401,"[330, 527, 638]","[None, 30, 27]",2,1,1,1,0,0
37,46077,1500,5,thrust,SS8,10,260930401,"[271, 361, 451, 541]","[None, None, 41]",1,2,3,1,0,2
38,47371,1500,6,thrust,SS8,10,260930401,"[328, 526]","[None, 28, 26]",2,1,0,0,0,0
39,47373,1500,7,thrust,SS8,10,260930401,"[283, 373, 463, 553, 644]","[None, None, 53]",1,2,4,2,0,2
40,47397,1500,0,thrust,SS8,10,260930401,[585],"[None, None, None]",0,3,1,1,0,0
41,47630,1500,1,thrust,SS8,10,260930401,"[142, 351]","[42, 51, None]",2,1,0,0,0,0
42,47655,1500,2,thrust,SS8,10,260930401,"[143, 366, 625]","[43, None, None]",1,2,2,2,0,0
43,48143,1500,3,thrust,SS8,10,260930401,"[145, 325, 451]","[45, 25, None]",2,1,1,0,0,1
44,48276,1500,4,thrust,SS8,10,260930401,"[146, 473, 563]","[46, None, None]",1,2,2,1,0,1
45,48292,1500,5,thrust,SS8,10,260930401,"[133, 361, 526, 627]","[33, None, 26]",2,1,2,2,0,0
46,48293,1500,6,thrust,SS8,10,260930401,"[132, 360, 527, 643]","[32, 60, 27]",3,0,1,1,0,0
47,48294,1500,7,thrust,SS8,10,260930401,"[132, 359, 527, 624]","[32, 59, 27]",3,0,1,1,0,0
48,45397,2000,0,thrust,SS8,10,260930401,"[366, 489]","[None, None, None]",0,3,2,1,0,1
49,45582,2000,1,thrust,SS8,10,260930401,"[352, 459]","[None, 52, None]",1,2,1,0,0,1
50,46074,2000,2,thrust,SS8,10,260930401,"[347, 542]","[None, 47, 42]",2,1,0,0,0,0
51,46079,2000,3,thrust,SS8,10,260930401,"[334, 533]","[None, 34, 33]",2,1,0,0,0,0
52,46355,2000,4,thrust,SS8,10,260930401,"[135, 324, 425, 600]","[35, 24, None]",2,1,2,2,0,0
53,48303,2000,5,thrust,SS8,10,260930401,"[152, 333, 544]","[52, 33, 44]",3,0,0,0,0,0
54,48304,2000,6,thrust,SS8,10,260930401,"[133, 325, 415, 564]","[33, 25, None]",2,1,2,2,0,0
55,48306,2000,7,thrust,SS8,10,260930401,"[133, 322, 412, 548]","[33, 22, 48]",3,0,1,1,0,0
56,48311,2000,0,thrust,SS8,10,260930401,"[376, 562]","[None, None, None]",0,3,2,2,0,0
57,48317,2000,1,thrust,SS8,10,260930401,"[183, 556]","[None, None, 56]",1,2,1,1,0,0
58,48321,2000,2,thrust,SS8,10,260930401,"[138, 362, 528, 680]","[38, None, 28]",2,1,2,1,0,1
59,48325,2000,3,thrust,SS8,10,260930401,"[73, 173, 345, 529]","[None, 45, 29]",2,1,2,1,0,1
60,48330,2000,4,thrust,SS8,10,260930401,"[330, 422, 531]","[None, 30, 31]",2,1,1,1,0,0
61,48331,2000,5,thrust,SS8,10,260930401,"[88, 326, 419, 524]","[None, 26, 24]",2,1,2,1,0,1
62,48582,2000,6,thrust,SS8,10,260930401,"[325, 415, 515, 613]","[None, 25, 15]",2,1,2,2,0,0
63,48663,2000,7,thrust,SS8,10,260930401,"[224, 326, 424, 529]","[None, 26, 29]",2,1,2,2,0,0
0,45197,500,0,thrust,SS30,10,260930401,"[378, 569]","[None, None, None]",0,3,2,2,0,0
1,45693,500,1,thrust,SS30,10,260930401,"[183, 335, 556]","[None, 35, 56]",2,1,1,1,0,0
2,47377,500,2,thrust,SS30,10,260930401,"[179, 333, 538]","[None, 33, 38]",2,1,1,1,0,0
3,47389,500,3,thrust,SS30,10,260930401,"[152, 326, 488, 578, 668]","[52, 26, None]",2,1,3,1,0,2
4,47390,500,4,thrust,SS30,10,260930401,"[126, 216, 324, 419, 578]","[26, 24, None]",2,1,3,3,0,0
5,47391,500,5,thrust,SS30,10,260930401,"[123, 213, 303, 393, 483, 573]","[23, 3, None]",2,1,4,3,0,1
6,47650,500,6,thrust,SS30,10,260930401,"[123, 213, 330, 420, 613]","[23, 30, None]",2,1,3,3,0,0
7,48287,500,7,thrust,SS30,10,260930401,"[124, 214, 304, 394, 484]","[24, 4, None]",2,1,3,2,0,1
8,48291,500,0,thrust,SS30,10,260930401,"[190, 572]","[None, None, None]",0,3,2,2,0,0
9,48687,500,1,thrust,SS30,10,260930401,"[143, 374, 545]","[43, None, 45]",2,1,1,1,0,0
10,51862,500,2,thrust,SS30,10,260930401,"[131, 266, 448, 550]","[31, None, 50]",2,1,2,1,0,1
11,51867,500,3,thrust,SS30,10,260930401,"[123, 213, 370, 538]","[23, None, 38]",2,1,2,2,0,0
12,52471,500,4,thrust,SS30,10,260930401,"[151, 264, 354, 444, 542]","[51, 54, 42]",3,0,2,1,0,1
13,52472,500,5,thrust,SS30,10,260930401,"[134, 321, 411, 539]","[34, 21, 39]",3,0,1,1,0,0
14,52482,500,6,thrust,SS30,10,260930401,"[141, 321, 411, 501, 591, 681]","[41, 21, 1]",3,0,3,2,0,1
15,52484,500,7,thrust,SS30,10,260930401,"[137, 321, 411, 501, 591, 681]","[37, 21, 1]",3,0,3,2,0,1
16,45187,1000,0,thrust,SS30,10,260930401,"[197, 378]","[None, None, None]",0,3,2,2,0,0
17,45235,1000,1,thrust,SS30,10,260930401,"[149, 343, 437]","[49, 43, None]",2,1,1,1,0,0
18,45377,1000,2,thrust,SS30,10,260930401,"[151, 299, 389, 673]","[51, None, None]",1,2,3,1,0,2
19,45387,1000,3,thrust,SS30,10,260930401,"[142, 334, 432, 609]","[42, 34, None]",2,1,2,2,0,0
20,45399,1000,4,thrust,SS30,10,260930401,"[126, 311, 532]","[26, 11, 32]",3,0,0,0,0,0
21,45531,1000,5,thrust,SS30,10,260930401,"[130, 228, 356, 526, 632]","[30, 56, 26]",3,0,2,2,0,0
22,45542,1000,6,thrust,SS30,10,260930401,"[129, 245, 386, 522, 612]","[29, None, 22]",2,1,3,3,0,0
23,45564,1000,7,thrust,SS30,10,260930401,"[123, 213, 367, 524, 652]","[23, None, 24]",2,1,3,2,0,1
24,45578,1000,0,thrust,SS30,10,260930401,"[366, 570]","[None, None, None]",0,3,2,2,0,0
25,45660,1000,1,thrust,SS30,10,260930401,"[350, 440, 544]","[None, 50, 44]",2,1,1,1,0,0
26,45675,1000,2,thrust,SS30,10,260930401,"[180, 333, 543]","[None, 33, 43]",2,1,1,1,0,0
27,45677,1000,3,thrust,SS30,10,260930401,"[280, 370, 460, 550, 699]","[None, None, 50]",1,2,4,1,0,3
28,47356,1000,4,thrust,SS30,10,260930401,"[131, 277, 367, 457, 568]","[31, None, None]",1,2,4,2,0,2
29,47361,1000,5,thrust,SS30,10,260930401,"[131, 247, 337, 551]","[31, 37, 51]",3,0,1,1,0,0
30,47362,1000,6,thrust,SS30,10,260930401,"[128, 218, 331, 484]","[28, 31, None]",2,1,2,1,0,1
31,47367,1000,7,thrust,SS30,10,260930401,"[120, 210, 300, 390, 480, 663]","[20, None, None]",1,2,5,2,0,3
32,45189,1500,0,thrust,SS30,10,260930401,"[246, 592]","[None, None, None]",0,3,2,2,0,0
33,45383,1500,1,thrust,SS30,10,260930401,"[158, 391, 573, 665]","[58, None, None]",1,2,3,2,0,1
34,45408,1500,2,thrust,SS30,10,260930401,"[159, 410, 552]","[59, None, 52]",2,1,1,1,0,0
35,45686,1500,3,thrust,SS30,10,260930401,"[138, 382, 545]","[38, None, 45]",2,1,1,1,0,0
36,45696,1500,4,thrust,SS30,10,260930401,"[316, 406, 529, 633]","[None, 16, 29]",2,1,2,2,0,0
37,46077,1500,5,thrust,SS30,10,260930401,"[205, 331, 532]","[None, 31, 32]",2,1,1,1,0,0
38,47371,1500,6,thrust,SS30,10,260930401,"[318, 408, 506, 596, 686]","[None, 18, 6]",2,1,3,2,0,1
39,47373,1500,7,thrust,SS30,10,260930401,"[222, 327, 417, 535, 659]","[None, 27, 35]",2,1,3,2,0,1
40,47397,1500,0,thrust,SS30,10,260930401,[322],"[None, 22, None]",1,2,0,0,0,0
41,47630,1500,1,thrust,SS30,10,260930401,"[150, 353]","[50, 53, None]",2,1,0,0,0,0
42,47655,1500,2,thrust,SS30,10,260930401,"[141, 233, 363, 624]","[41, None, None]",1,2,3,3,0,0
43,48143,1500,3,thrust,SS30,10,260930401,"[137, 326, 416, 565]","[37, 26, None]",2,1,2,2,0,0
44,48276,1500,4,thrust,SS30,10,260930401,"[143, 442, 548, 654]","[43, None, 48]",2,1,2,1,0,1
45,48292,1500,5,thrust,SS30,10,260930401,"[136, 361, 467, 557]","[36, None, 57]",2,1,2,1,0,1
46,48293,1500,6,thrust,SS30,10,260930401,"[136, 359, 531, 697]","[36, 59, 31]",3,0,1,0,0,1
47,48294,1500,7,thrust,SS30,10,260930401,"[130, 258, 391, 528, 629]","[30, None, 28]",2,1,3,2,0,1
48,45397,2000,0,thrust,SS30,10,260930401,"[363, 454]","[None, None, None]",0,3,2,1,0,1
49,45582,2000,1,thrust,SS30,10,260930401,"[338, 533]","[None, 38, 33]",2,1,0,0,0,0
50,46074,2000,2,thrust,SS30,10,260930401,"[349, 463, 553]","[None, 49, 53]",2,1,1,0,0,1
51,46079,2000,3,thrust,SS30,10,260930401,"[295, 385, 537, 630]","[None, None, 37]",1,2,3,2,0,1
52,46355,2000,4,thrust,SS30,10,260930401,"[131, 329, 428, 566]","[31, 29, None]",2,1,2,2,0,0
53,48303,2000,5,thrust,SS30,10,260930401,"[137, 329, 466, 559]","[37, 29, 59]",3,0,1,0,0,1
54,48304,2000,6,thrust,SS30,10,260930401,"[133, 331, 421, 561]","[33, 31, None]",2,1,2,2,0,0
55,48306,2000,7,thrust,SS30,10,260930401,"[134, 327, 417, 555, 678]","[34, 27, 55]",3,0,2,1,0,1
56,48311,2000,0,thrust,SS30,10,260930401,"[171, 562]","[None, None, None]",0,3,2,2,0,0
57,48317,2000,1,thrust,SS30,10,260930401,"[184, 274, 546]","[None, None, 46]",1,2,2,1,0,1
58,48321,2000,2,thrust,SS30,10,260930401,"[136, 361, 530]","[36, None, 30]",2,1,1,1,0,0
59,48325,2000,3,thrust,SS30,10,260930401,"[151, 242, 346, 533]","[51, 46, 33]",3,0,1,1,0,0
60,48330,2000,4,thrust,SS30,10,260930401,"[304, 394, 484, 574, 664]","[None, 4, None]",1,2,4,2,0,2
61,48331,2000,5,thrust,SS30,10,260930401,"[329, 419, 525]","[None, 29, 25]",2,1,1,1,0,0
62,48582,2000,6,thrust,SS30,10,260930401,"[183, 327, 417, 518, 608]","[None, 27, 18]",2,1,3,3,0,0
63,48663,2000,7,thrust,SS30,10,260930401,"[170, 327, 417, 531]","[None, 27, 31]",2,1,2,2,0,0
0,45197,500,0,thrust,MSC16,10,260930401,"[373, 597]","[None, None, None]",0,3,2,2,0,0
1,45693,500,1,thrust,MSC16,10,260930401,"[177, 336, 560]","[None, 36, 60]",2,1,1,1,0,0
2,47377,500,2,thrust,MSC16,10,260930401,"[181, 330, 533]","[None, 30, 33]",2,1,1,1,0,0
3,47389,500,3,thrust,MSC16,10,260930401,"[151, 325, 483, 573, 679]","[51, 25, None]",2,1,3,1,0,2
4,47390,500,4,thrust,MSC16,10,260930401,"[123, 213, 316, 411, 578]","[23, 16, None]",2,1,3,3,0,0
5,47391,500,5,thrust,MSC16,10,260930401,"[122, 212, 311, 401, 491]","[22, 11, None]",2,1,3,2,0,1
6,47650,500,6,thrust,MSC16,10,260930401,"[119, 209, 322, 412, 525]","[19, 22, 25]",3,0,2,2,0,0
7,48287,500,7,thrust,MSC16,10,260930401,"[118, 208, 298, 388, 478]","[18, None, None]",1,2,4,2,0,2
8,48291,500,0,thrust,MSC16,10,260930401,"[199, 582]","[None, None, None]",0,3,2,2,0,0
9,48687,500,1,thrust,MSC16,10,260930401,"[144, 369, 541]","[44, None, 41]",2,1,1,1,0,0
10,51862,500,2,thrust,MSC16,10,260930401,"[131, 275, 544]","[31, None, 44]",2,1,1,0,0,1
11,51867,500,3,thrust,MSC16,10,260930401,"[122, 215, 377, 535]","[22, None, 35]",2,1,2,2,0,0
12,52471,500,4,thrust,MSC16,10,260930401,"[151, 325, 415, 534]","[51, 25, 34]",3,0,1,1,0,0
13,52472,500,5,thrust,MSC16,10,260930401,"[134, 321, 411, 532]","[34, 21, 32]",3,0,1,1,0,0
14,52482,500,6,thrust,MSC16,10,260930401,"[137, 318, 408, 498, 588, 678]","[37, 18, None]",2,1,4,2,0,2
15,52484,500,7,thrust,MSC16,10,260930401,"[137, 317, 407, 517, 607]","[37, 17, 17]",3,0,2,2,0,0
16,45187,1000,0,thrust,MSC16,10,260930401,[339],"[None, 39, None]",1,2,0,0,0,0
17,45235,1000,1,thrust,MSC16,10,260930401,"[160, 344, 446]","[60, 44, None]",2,1,1,1,0,0
18,45377,1000,2,thrust,MSC16,10,260930401,"[150, 341, 649]","[50, 41, None]",2,1,1,1,0,0
19,45387,1000,3,thrust,MSC16,10,260930401,"[145, 331, 597]","[45, 31, None]",2,1,1,1,0,0
20,45399,1000,4,thrust,MSC16,10,260930401,"[124, 304, 527, 637]","[24, 4, 27]",3,0,1,1,0,0
21,45531,1000,5,thrust,MSC16,10,260930401,"[134, 347, 521, 611]","[34, 47, 21]",3,0,1,1,0,0
22,45542,1000,6,thrust,MSC16,10,260930401,"[128, 251, 386, 522, 612]","[28, None, 22]",2,1,3,2,0,1
23,45564,1000,7,thrust,MSC16,10,260930401,"[118, 208, 368, 523, 656]","[18, None, 23]",2,1,3,2,0,1
24,45578,1000,0,thrust,MSC16,10,260930401,"[367, 584]","[None, None, None]",0,3,2,2,0,0
25,45660,1000,1,thrust,MSC16,10,260930401,"[338, 554]","[None, 38, 54]",2,1,0,0,0,0
26,45675,1000,2,thrust,MSC16,10,260930401,"[180, 331, 544]","[None, 31, 44]",2,1,1,1,0,0
27,45677,1000,3,thrust,MSC16,10,260930401,"[297, 387, 479, 569, 659]","[None, None, None]",0,3,5,2,0,3
28,47356,1000,4,thrust,MSC16,10,260930401,"[129, 270, 360, 450, 572]","[29, 60, None]",2,1,3,1,0,2
29,47361,1000,5,thrust,MSC16,10,260930401,"[131, 323, 413, 555]","[31, 23, 55]",3,0,1,1,0,0
30,47362,1000,6,thrust,MSC16,10,260930401,"[125, 215, 329, 419, 626]","[25, 29, None]",2,1,3,3,0,0
31,47367,1000,7,thrust,MSC16,10,260930401,"[121, 211, 301, 391, 487]","[21, 1, None]",2,1,3,2,0,1
32,45189,1500,0,thrust,MSC16,10,260930401,[249],"[None, None, None]",0,3,1,1,0,0
33,45383,1500,1,thrust,MSC16,10,260930401,"[173, 391, 572]","[None, None, None]",0,3,3,3,0,0
34,45408,1500,2,thrust,MSC16,10,260930401,"[172, 275, 550]","[None, None, 50]",1,2,2,1,0,1
35,45686,1500,3,thrust,MSC16,10,260930401,"[136, 424, 535]","[36, None, 35]",2,1,1,1,0,0
36,45696,1500,4,thrust,MSC16,10,260930401,"[322, 520, 610]","[None, 22, 20]",2,1,1,1,0,0
37,46077,1500,5,thrust,MSC16,10,260930401,"[273, 363, 453, 543]","[None, None, 43]",1,2,3,1,0,2
38,47371,1500,6,thrust,MSC16,10,260930401,"[328, 531]","[None, 28, 31]",2,1,0,0,0,0
39,47373,1500,7,thrust,MSC16,10,260930401,"[229, 324, 414, 531, 638]","[None, 24, 31]",2,1,3,3,0,0
40,47397,1500,0,thrust,MSC16,10,260930401,[249],"[None, None, None]",0,3,1,1,0,0
41,47630,1500,1,thrust,MSC16,10,260930401,"[142, 353]","[42, 53, None]",2,1,0,0,0,0
42,47655,1500,2,thrust,MSC16,10,260930401,"[142, 366, 625]","[42, None, None]",1,2,2,2,0,0
43,48143,1500,3,thrust,MSC16,10,260930401,"[145, 318, 411, 560]","[45, 18, 60]",3,0,1,1,0,0
44,48276,1500,4,thrust,MSC16,10,260930401,"[146, 441, 540]","[46, None, 40]",2,1,1,1,0,0
45,48292,1500,5,thrust,MSC16,10,260930401,"[134, 359, 526, 659]","[34, 59, 26]",3,0,1,0,0,1
46,48293,1500,6,thrust,MSC16,10,260930401,"[131, 358, 527, 643]","[31, 58, 27]",3,0,1,1,0,0
47,48294,1500,7,thrust,MSC16,10,260930401,"[132, 346, 527, 685]","[32, 46, 27]",3,0,1,0,0,1
48,45397,2000,0,thrust,MSC16,10,260930401,"[365, 490]","[None, None, None]",0,3,2,1,0,1
49,45582,2000,1,thrust,MSC16,10,260930401,"[335, 557]","[None, 35, 57]",2,1,0,0,0,0
50,46074,2000,2,thrust,MSC16,10,260930401,"[348, 541]","[None, 48, 41]",2,1,0,0,0,0
51,46079,2000,3,thrust,MSC16,10,260930401,"[330, 535]","[None, 30, 35]",2,1,0,0,0,0
52,46355,2000,4,thrust,MSC16,10,260930401,"[132, 324, 415, 564]","[32, 24, None]",2,1,2,2,0,0
53,48303,2000,5,thrust,MSC16,10,260930401,"[137, 329, 487, 577]","[37, 29, None]",2,1,2,1,0,1
54,48304,2000,6,thrust,MSC16,10,260930401,"[134, 325, 415, 560]","[34, 25, 60]",3,0,1,1,0,0
55,48306,2000,7,thrust,MSC16,10,260930401,"[134, 326, 416, 548]","[34, 26, 48]",3,0,1,1,0,0
56,48311,2000,0,thrust,MSC16,10,260930401,"[283, 559]","[None, None, 59]",1,2,1,0,0,1
57,48317,2000,1,thrust,MSC16,10,260930401,"[183, 554]","[None, None, 54]",1,2,1,1,0,0
58,48321,2000,2,thrust,MSC16,10,260930401,"[138, 361, 529]","[38, None, 29]",2,1,1,1,0,0
59,48325,2000,3,thrust,MSC16,10,260930401,"[150, 345, 530]","[50, 45, 30]",3,0,0,0,0,0
60,48330,2000,4,thrust,MSC16,10,260930401,"[330, 422, 529]","[None, 30, 29]",2,1,1,1,0,0
61,48331,2000,5,thrust,MSC16,10,260930401,"[328, 418, 525]","[None, 28, 25]",2,1,1,1,0,0
62,48582,2000,6,thrust,MSC16,10,260930401,"[325, 415, 515, 605]","[None, 25, 15]",2,1,2,2,0,0
63,48663,2000,7,thrust,MSC16,10,260930401,"[224, 326, 424, 530]","[None, 26, 30]",2,1,2,2,0,0
0,45197,500,0,thrust,MSC30,10,260930401,"[374, 598]","[None, None, None]",0,3,2,2,0,0
1,45693,500,1,thrust,MSC30,10,260930401,"[176, 335, 557]","[None, 35, 57]",2,1,1,1,0,0
2,47377,500,2,thrust,MSC30,10,260930401,"[179, 330, 531, 685]","[None, 30, 31]",2,1,2,1,0,1
3,47389,500,3,thrust,MSC30,10,260930401,"[152, 327, 523, 617]","[52, 27, 23]",3,0,1,1,0,0
4,47390,500,4,thrust,MSC30,10,260930401,"[123, 213, 316, 407, 578]","[23, 16, None]",2,1,3,3,0,0
5,47391,500,5,thrust,MSC30,10,260930401,"[122, 212, 302, 392, 482, 572]","[22, 2, None]",2,1,4,3,0,1
6,47650,500,6,thrust,MSC30,10,260930401,"[119, 209, 299, 389, 479, 603]","[19, None, None]",1,2,5,3,0,2
7,48287,500,7,thrust,MSC30,10,260930401,"[118, 208, 298, 388, 478]","[18, None, None]",1,2,4,2,0,2
8,48291,500,0,thrust,MSC30,10,260930401,"[191, 575]","[None, None, None]",0,3,2,2,0,0
9,48687,500,1,thrust,MSC30,10,260930401,"[144, 369, 541]","[44, None, 41]",2,1,1,1,0,0
10,51862,500,2,thrust,MSC30,10,260930401,"[130, 266, 448, 553]","[30, None, 53]",2,1,2,1,0,1
11,51867,500,3,thrust,MSC30,10,260930401,"[122, 212, 374, 538]","[22, None, 38]",2,1,2,2,0,0
12,52471,500,4,thrust,MSC30,10,260930401,"[151, 264, 354, 444, 535]","[51, 54, 35]",3,0,2,1,0,1
13,52472,500,5,thrust,MSC30,10,260930401,"[134, 320, 410, 539]","[34, 20, 39]",3,0,1,1,0,0
14,52482,500,6,thrust,MSC30,10,260930401,"[137, 318, 408, 498, 588, 678]","[37, 18, None]",2,1,4,2,0,2
15,52484,500,7,thrust,MSC30,10,260930401,"[137, 317, 407, 497, 587, 677]","[37, 17, None]",2,1,4,2,0,2
16,45187,1000,0,thrust,MSC30,10,260930401,"[216, 411]","[None, None, None]",0,3,2,2,0,0
17,45235,1000,1,thrust,MSC30,10,260930401,"[149, 343, 437]","[49, 43, None]",2,1,1,1,0,0
18,45377,1000,2,thrust,MSC30,10,260930401,"[151, 299, 389]","[51, None, None]",1,2,2,1,0,1
19,45387,1000,3,thrust,MSC30,10,260930401,"[143, 331, 598]","[43, 31, None]",2,1,1,1,0,0
20,45399,1000,4,thrust,MSC30,10,260930401,"[124, 304, 526, 625]","[24, 4, 26]",3,0,1,1,0,0
21,45531,1000,5,thrust,MSC30,10,260930401,"[134, 280, 370, 521, 611]","[34, None, 21]",2,1,3,2,0,1
22,45542,1000,6,thrust,MSC30,10,260930401,"[129, 247, 388, 522, 612]","[29, None, 22]",2,1,3,3,0,0
23,45564,1000,7,thrust,MSC30,10,260930401,"[118, 208, 367, 524, 652]","[18, None, 24]",2,1,3,2,0,1
24,45578,1000,0,thrust,MSC30,10,260930401,"[366, 576]","[None, None, None]",0,3,2,2,0,0
25,45660,1000,1,thrust,MSC30,10,260930401,"[350, 440, 545]","[None, 50, 45]",2,1,1,1,0,0
26,45675,1000,2,thrust,MSC30,10,260930401,"[180, 332, 543]","[None, 32, 43]",2,1,1,1,0,0
27,45677,1000,3,thrust,MSC30,10,260930401,"[288, 378, 468, 558, 648]","[None, None, 58]",1,2,4,2,0,2
28,47356,1000,4,thrust,MSC30,10,260930401,"[129, 276, 366, 456, 568]","[29, None, None]",1,2,4,2,0,2
29,47361,1000,5,thrust,MSC30,10,260930401,"[133, 323, 413, 554]","[33, 23, 54]",3,0,1,1,0,0
30,47362,1000,6,thrust,MSC30,10,260930401,"[124, 214, 330, 483]","[24, 30, None]",2,1,2,1,0,1
31,47367,1000,7,thrust,MSC30,10,260930401,"[120, 210, 300, 390, 480, 665]","[20, None, None]",1,2,5,2,0,3
32,45189,1500,0,thrust,MSC30,10,260930401,"[247, 606]","[None, None, None]",0,3,2,2,0,0
33,45383,1500,1,thrust,MSC30,10,260930401,"[159, 390, 572, 668]","[59, None, None]",1,2,3,2,0,1
34,45408,1500,2,thrust,MSC30,10,260930401,"[159, 316, 547]","[59, 16, 47]",3,0,0,0,0,0
35,45686,1500,3,thrust,MSC30,10,260930401,"[137, 383, 545]","[37, None, 45]",2,1,1,1,0,0
36,45696,1500,4,thrust,MSC30,10,260930401,"[317, 415, 529, 633]","[None, 17, 29]",2,1,2,2,0,0
37,46077,1500,5,thrust,MSC30,10,260930401,"[271, 361, 451, 541]","[None, None, 41]",1,2,3,1,0,2
38,47371,1500,6,thrust,MSC30,10,260930401,"[322, 412, 537]","[None, 22, 37]",2,1,1,1,0,0
39,47373,1500,7,thrust,MSC30,10,260930401,"[226, 323, 413, 531, 634]","[None, 23, 31]",2,1,3,3,0,0
40,47397,1500,0,thrust,MSC30,10,260930401,[322],"[None, 22, None]",1,2,0,0,0,0
41,47630,1500,1,thrust,MSC30,10,260930401,"[151, 351]","[51, 51, None]",2,1,0,0,0,0
42,47655,1500,2,thrust,MSC30,10,260930401,"[141, 235, 364, 624]","[41, None, None]",1,2,3,3,0,0
43,48143,1500,3,thrust,MSC30,10,260930401,"[137, 325, 415, 567]","[37, 25, None]",2,1,2,2,0,0
44,48276,1500,4,thrust,MSC30,10,260930401,"[144, 441, 540]","[44, None, 40]",2,1,1,1,0,0
45,48292,1500,5,thrust,MSC30,10,260930401,"[133, 361, 467, 557]","[33, None, 57]",2,1,2,1,0,1
46,48293,1500,6,thrust,MSC30,10,260930401,"[131, 355, 527, 617]","[31, 55, 27]",3,0,1,1,0,0
47,48294,1500,7,thrust,MSC30,10,260930401,"[131, 349, 527, 629]","[31, 49, 27]",3,0,1,1,0,0
48,45397,2000,0,thrust,MSC30,10,260930401,"[364, 489]","[None, None, None]",0,3,2,1,0,1
49,45582,2000,1,thrust,MSC30,10,260930401,"[341, 533]","[None, 41, 33]",2,1,0,0,0,0
50,46074,2000,2,thrust,MSC30,10,260930401,"[348, 464, 554]","[None, 48, 54]",2,1,1,0,0,1
51,46079,2000,3,thrust,MSC30,10,260930401,"[335, 533]","[None, 35, 33]",2,1,0,0,0,0
52,46355,2000,4,thrust,MSC30,10,260930401,"[132, 324, 416, 564]","[32, 24, None]",2,1,2,2,0,0
53,48303,2000,5,thrust,MSC30,10,260930401,"[140, 331, 544]","[40, 31, 44]",3,0,0,0,0,0
54,48304,2000,6,thrust,MSC30,10,260930401,"[133, 325, 415, 562]","[33, 25, None]",2,1,2,2,0,0
55,48306,2000,7,thrust,MSC30,10,260930401,"[133, 326, 416, 551]","[33, 26, 51]",3,0,1,1,0,0
56,48311,2000,0,thrust,MSC30,10,260930401,"[196, 559]","[None, None, 59]",1,2,1,1,0,0
57,48317,2000,1,thrust,MSC30,10,260930401,"[183, 273, 547]","[None, None, 47]",1,2,2,1,0,1
58,48321,2000,2,thrust,MSC30,10,260930401,"[138, 361, 528, 680]","[38, None, 28]",2,1,2,1,0,1
59,48325,2000,3,thrust,MSC30,10,260930401,"[150, 345, 529]","[50, 45, 29]",3,0,0,0,0,0
60,48330,2000,4,thrust,MSC30,10,260930401,"[331, 422, 529]","[None, 31, 29]",2,1,1,1,0,0
61,48331,2000,5,thrust,MSC30,10,260930401,"[88, 327, 417, 525]","[None, 27, 25]",2,1,2,1,0,1
62,48582,2000,6,thrust,MSC30,10,260930401,"[183, 325, 415, 515, 605]","[None, 25, 15]",2,1,3,3,0,0
63,48663,2000,7,thrust,MSC30,10,260930401,"[192, 325, 415, 529]","[None, 25, 29]",2,1,2,2,0,0
0,45197,500,0,thrust,MSC10,10,260930401,"[375, 606]","[None, None, None]",0,3,2,2,0,0
1,45693,500,1,thrust,MSC10,10,260930401,"[179, 335, 558]","[None, 35, 58]",2,1,1,1,0,0
2,47377,500,2,thrust,MSC10,10,260930401,"[181, 330, 529, 682]","[None, 30, 29]",2,1,2,1,0,1
3,47389,500,3,thrust,MSC10,10,260930401,"[152, 327, 532]","[52, 27, 32]",3,0,0,0,0,0
4,47390,500,4,thrust,MSC10,10,260930401,"[124, 214, 321, 419, 578]","[24, 21, None]",2,1,3,3,0,0
5,47391,500,5,thrust,MSC10,10,260930401,"[122, 212, 313, 403, 493]","[22, 13, None]",2,1,3,2,0,1
6,47650,500,6,thrust,MSC10,10,260930401,"[118, 208, 323, 413, 598]","[18, 23, None]",2,1,3,3,0,0
7,48287,500,7,thrust,MSC10,10,260930401,"[118, 208, 298, 388, 678]","[18, None, None]",1,2,4,2,0,2
8,48291,500,0,thrust,MSC10,10,260930401,"[199, 576]","[None, None, None]",0,3,2,2,0,0
9,48687,500,1,thrust,MSC10,10,260930401,"[157, 369, 541]","[57, None, 41]",2,1,1,1,0,0
10,51862,500,2,thrust,MSC10,10,260930401,"[130, 274, 541]","[30, None, 41]",2,1,1,0,0,1
11,51867,500,3,thrust,MSC10,10,260930401,"[123, 231, 382, 533]","[23, None, 33]",2,1,2,2,0,0
12,52471,500,4,thrust,MSC10,10,260930401,"[152, 327, 535]","[52, 27, 35]",3,0,0,0,0,0
13,52472,500,5,thrust,MSC10,10,260930401,"[133, 319, 409, 547]","[33, 19, 47]",3,0,1,1,0,0
14,52482,500,6,thrust,MSC10,10,260930401,"[138, 317, 407, 497, 587, 677]","[38, 17, None]",2,1,4,2,0,2
15,52484,500,7,thrust,MSC10,10,260930401,"[137, 318, 408, 517, 607]","[37, 18, 17]",3,0,2,2,0,0
16,45187,1000,0,thrust,MSC10,10,260930401,"[209, 415]","[None, None, None]",0,3,2,2,0,0
17,45235,1000,1,thrust,MSC10,10,260930401,"[170, 348]","[None, 48, None]",1,2,1,1,0,0
18,45377,1000,2,thrust,MSC10,10,260930401,"[151, 340, 667]","[51, 40, None]",2,1,1,0,0,1
19,45387,1000,3,thrust,MSC10,10,260930401,"[146, 331, 599]","[46, 31, None]",2,1,1,1,0,0
20,45399,1000,4,thrust,MSC10,10,260930401,"[124, 302, 526, 630]","[24, 2, 26]",3,0,1,1,0,0
21,45531,1000,5,thrust,MSC10,10,260930401,"[138, 352, 518, 608]","[38, 52, 18]",3,0,1,1,0,0
22,45542,1000,6,thrust,MSC10,10,260930401,"[130, 333, 522, 612]","[30, 33, 22]",3,0,1,1,0,0
23,45564,1000,7,thrust,MSC10,10,260930401,"[118, 208, 374, 524, 653]","[18, None, 24]",2,1,3,2,0,1
24,45578,1000,0,thrust,MSC10,10,260930401,"[368, 585]","[None, None, None]",0,3,2,2,0,0
25,45660,1000,1,thrust,MSC10,10,260930401,"[353, 561]","[None, 53, None]",1,2,1,1,0,0
26,45675,1000,2,thrust,MSC10,10,260930401,"[180, 330, 543]","[None, 30, 43]",2,1,1,1,0,0
27,45677,1000,3,thrust,MSC10,10,260930401,"[297, 387, 484, 574, 681]","[None, None, None]",0,3,5,2,0,3
28,47356,1000,4,thrust,MSC10,10,260930401,"[127, 263, 353, 444, 578]","[27, 53, None]",2,1,3,2,0,1
29,47361,1000,5,thrust,MSC10,10,260930401,"[134, 323, 413, 556]","[34, 23, 56]",3,0,1,1,0,0
30,47362,1000,6,thrust,MSC10,10,260930401,"[124, 214, 328, 527]","[24, 28, 27]",3,0,1,1,0,0
31,47367,1000,7,thrust,MSC10,10,260930401,"[120, 210, 323, 418, 612]","[20, 23, None]",2,1,3,3,0,0
32,45189,1500,0,thrust,MSC10,10,260930401,[250],"[None, None, None]",0,3,1,0,0,1
33,45383,1500,1,thrust,MSC10,10,260930401,"[174, 390, 572]","[None, None, None]",0,3,3,3,0,0
34,45408,1500,2,thrust,MSC10,10,260930401,"[135, 433, 581]","[35, None, None]",1,2,2,2,0,0
35,45686,1500,3,thrust,MSC10,10,260930401,"[137, 424, 549]","[37, None, 49]",2,1,1,1,0,0
36,45696,1500,4,thrust,MSC10,10,260930401,"[328, 527]","[None, 28, 27]",2,1,0,0,0,0
37,46077,1500,5,thrust,MSC10,10,260930401,"[273, 363, 453, 543]","[None, None, 43]",1,2,3,1,0,2
38,47371,1500,6,thrust,MSC10,10,260930401,"[330, 529]","[None, 30, 29]",2,1,0,0,0,0
39,47373,1500,7,thrust,MSC10,10,260930401,"[283, 373, 463, 553, 645]","[None, None, 53]",1,2,4,2,0,2
40,47397,1500,0,thrust,MSC10,10,260930401,[585],"[None, None, None]",0,3,1,1,0,0
41,47630,1500,1,thrust,MSC10,10,260930401,"[222, 350]","[None, 50, None]",1,2,1,1,0,0
42,47655,1500,2,thrust,MSC10,10,260930401,"[142, 365, 626]","[42, None, None]",1,2,2,2,0,0
43,48143,1500,3,thrust,MSC10,10,260930401,"[144, 325, 450]","[44, 25, None]",2,1,1,0,0,1
44,48276,1500,4,thrust,MSC10,10,260930401,"[145, 474, 564]","[45, None, None]",1,2,2,1,0,1
45,48292,1500,5,thrust,MSC10,10,260930401,"[133, 361, 525, 627]","[33, None, 25]",2,1,2,2,0,0
46,48293,1500,6,thrust,MSC10,10,260930401,"[131, 359, 527, 644]","[31, 59, 27]",3,0,1,1,0,0
47,48294,1500,7,thrust,MSC10,10,260930401,"[132, 358, 527, 624]","[32, 58, 27]",3,0,1,1,0,0
48,45397,2000,0,thrust,MSC10,10,260930401,"[365, 492]","[None, None, None]",0,3,2,1,0,1
49,45582,2000,1,thrust,MSC10,10,260930401,"[349, 460]","[None, 49, None]",1,2,1,0,0,1
50,46074,2000,2,thrust,MSC10,10,260930401,"[346, 540]","[None, 46, 40]",2,1,0,0,0,0
51,46079,2000,3,thrust,MSC10,10,260930401,"[334, 534]","[None, 34, 34]",2,1,0,0,0,0
52,46355,2000,4,thrust,MSC10,10,260930401,"[135, 326, 427, 572]","[35, 26, None]",2,1,2,2,0,0
53,48303,2000,5,thrust,MSC10,10,260930401,"[143, 333, 544]","[43, 33, 44]",3,0,0,0,0,0
54,48304,2000,6,thrust,MSC10,10,260930401,"[133, 325, 415, 562]","[33, 25, None]",2,1,2,2,0,0
55,48306,2000,7,thrust,MSC10,10,260930401,"[133, 325, 415, 549]","[33, 25, 49]",3,0,1,1,0,0
56,48311,2000,0,thrust,MSC10,10,260930401,"[378, 561]","[None, None, None]",0,3,2,2,0,0
57,48317,2000,1,thrust,MSC10,10,260930401,"[183, 554]","[None, None, 54]",1,2,1,1,0,0
58,48321,2000,2,thrust,MSC10,10,260930401,"[138, 362, 529, 680]","[38, None, 29]",2,1,2,1,0,1
59,48325,2000,3,thrust,MSC10,10,260930401,"[150, 346, 530]","[50, 46, 30]",3,0,0,0,0,0
60,48330,2000,4,thrust,MSC10,10,260930401,"[330, 422, 529]","[None, 30, 29]",2,1,1,1,0,0
61,48331,2000,5,thrust,MSC10,10,260930401,"[85, 327, 417, 524]","[None, 27, 24]",2,1,2,1,0,1
62,48582,2000,6,thrust,MSC10,10,260930401,"[325, 415, 516, 613]","[None, 25, 16]",2,1,2,2,0,0
63,48663,2000,7,thrust,MSC10,10,260930401,"[223, 326, 424, 531]","[None, 26, 31]",2,1,2,2,0,0
0,45197,500,0,thrust,SS2,10,260930402,[572],"[None, None, None]",0,3,1,1,0,0
1,45693,500,1,thrust,SS2,10,260930402,"[236, 329, 560]","[None, 29, 60]",2,1,1,1,0,0
2,47377,500,2,thrust,SS2,10,260930402,"[174, 325, 420, 547]","[None, 25, 47]",2,1,2,2,0,0
3,47389,500,3,thrust,SS2,10,260930402,"[157, 332, 525]","[57, 32, 25]",3,0,0,0,0,0
4,47390,500,4,thrust,SS2,10,260930402,"[129, 322, 573]","[29, 22, None]",2,1,1,1,0,0
5,47391,500,5,thrust,SS2,10,260930402,"[122, 218, 318, 408, 546]","[22, 18, 46]",3,0,2,2,0,0
6,47650,500,6,thrust,SS2,10,260930402,"[117, 207, 319, 409, 609]","[17, 19, None]",2,1,3,3,0,0
7,48287,500,7,thrust,SS2,10,260930402,"[123, 214, 320, 506]","[23, 20, 6]",3,0,1,1,0,0
8,48291,500,0,thrust,SS2,10,260930402,[335],"[None, 35, None]",1,2,0,0,0,0
9,48687,500,1,thrust,SS2,10,260930402,"[162, 444, 545]","[None, None, 45]",1,2,2,2,0,0
10,51862,500,2,thrust,SS2,10,260930402,"[138, 410, 558]","[38, None, 58]",2,1,1,1,0,0
11,51867,500,3,thrust,SS2,10,260930402,"[125, 310, 493, 583]","[25, 10, None]",2,1,2,1,0,1
12,52471,500,4,thrust,SS2,10,260930402,"[166, 329, 544]","[None, 29, 44]",2,1,1,1,0,0
13,52472,500,5,thrust,SS2,10,260930402,"[145, 327, 533]","[45, 27, 33]",3,0,0,0,0,0
14,52482,500,6,thrust,SS2,10,260930402,"[135, 319, 409, 527, 663]","[35, 19, 27]",3,0,2,1,0,1
15,52484,500,7,thrust,SS2,10,260930402,"[130, 326, 453, 543]","[30, 26, 43]",3,0,1,0,0,1
16,45187,1000,0,thrust,SS2,10,260930402,[224],"[None, None, None]",0,3,1,1,0,0
17,45235,1000,1,thrust,SS2,10,260930402,"[170, 347]","[None, 47, None]",1,2,1,1,0,0
18,45377,1000,2,thrust,SS2,10,260930402,"[243, 365]","[None, None, None]",0,3,2,2,0,0
19,45387,1000,3,thrust,SS2,10,260930402,"[141, 335, 650]","[41, 35, None]",2,1,1,0,0,1
20,45399,1000,4,thrust,SS2,10,260930402,"[133, 419, 528]","[33, None, 28]",2,1,1,1,0,0
21,45531,1000,5,thrust,SS2,10,260930402,"[140, 354, 526]","[40, 54, 26]",3,0,0,0,0,0
22,45542,1000,6,thrust,SS2,10,260930402,"[131, 379, 525, 615]","[31, None, 25]",2,1,2,2,0,0
23,45564,1000,7,thrust,SS2,10,260930402,"[127, 339, 526]","[27, 39, 26]",3,0,0,0,0,0
24,45578,1000,0,thrust,SS2,10,260930402,[],"[None, None, None]",0,3,0,0,0,0
25,45660,1000,1,thrust,SS2,10,260930402,"[360, 556]","[None, 60, 56]",2,1,0,0,0,0
26,45675,1000,2,thrust,SS2,10,260930402,"[224, 338, 532]","[None, 38, 32]",2,1,1,1,0,0
27,45677,1000,3,thrust,SS2,10,260930402,"[338, 428, 547]","[None, 38, 47]",2,1,1,1,0,0
28,47356,1000,4,thrust,SS2,10,260930402,"[129, 334, 582]","[29, 34, None]",2,1,1,1,0,0
29,47361,1000,5,thrust,SS2,10,260930402,"[144, 327, 465]","[44, 27, None]",2,1,1,0,0,1
30,47362,1000,6,thrust,SS2,10,260930402,"[133, 281, 371, 634]","[33, None, None]",1,2,3,2,0,1
31,47367,1000,7,thrust,SS2,10,260930402,"[127, 264, 354, 595]","[27, 54, None]",2,1,2,1,0,1
32,45189,1500,0,thrust,SS2,10,260930402,[],"[None, None, None]",0,3,0,0,0,0
33,45383,1500,1,thrust,SS2,10,260930402,"[184, 469]","[None, None, None]",0,3,2,1,0,1
34,45408,1500,2,thrust,SS2,10,260930402,"[212, 560]","[None, None, 60]",1,2,1,1,0,0
35,45686,1500,3,thrust,SS2,10,260930402,"[146, 498, 682]","[46, None, None]",1,2,2,0,0,2
36,45696,1500,4,thrust,SS2,10,260930402,"[334, 536]","[None, 34, 36]",2,1,0,0,0,0
37,46077,1500,5,thrust,SS2,10,260930402,"[268, 358, 499, 593]","[None, 58, None]",1,2,3,1,0,2
38,47371,1500,6,thrust,SS2,10,260930402,"[339, 540]","[None, 39, 40]",2,1,0,0,0,0
39,47373,1500,7,thrust,SS2,10,260930402,"[324, 497, 602]","[None, 24, None]",1,2,2,1,0,1
40,47397,1500,0,thrust,SS2,10,260930402,[],"[None, None, None]",0,3,0,0,0,0
41,47630,1500,1,thrust,SS2,10,260930402,[326],"[None, 26, None]",1,2,0,0,0,0
42,47655,1500,2,thrust,SS2,10,260930402,"[160, 374]","[60, None, None]",1,2,1,1,0,0
43,48143,1500,3,thrust,SS2,10,260930402,"[139, 330, 586]","[39, 30, None]",2,1,1,1,0,0
44,48276,1500,4,thrust,SS2,10,260930402,"[154, 532]","[54, None, 32]",2,1,0,0,0,0
45,48292,1500,5,thrust,SS2,10,260930402,"[141, 401, 530]","[41, None, 30]",2,1,1,1,0,0
46,48293,1500,6,thrust,SS2,10,260930402,"[135, 363, 532]","[35, None, 32]",2,1,1,1,0,0
47,48294,1500,7,thrust,SS2,10,260930402,"[143, 370, 526]","[43, None, 26]",2,1,1,1,0,0
48,45397,2000,0,thrust,SS2,10,260930402,[404],"[None, None, None]",0,3,1,1,0,0
49,45582,2000,1,thrust,SS2,10,260930402,"[360, 572]","[None, 60, None]",1,2,1,1,0,0
50,46074,2000,2,thrust,SS2,10,260930402,"[347, 547]","[None, 47, 47]",2,1,0,0,0,0
51,46079,2000,3,thrust,SS2,10,260930402,"[346, 536]","[None, 46, 36]",2,1,0,0,0,0
52,46355,2000,4,thrust,SS2,10,260930402,"[145, 333, 601]","[45, 33, None]",2,1,1,1,0,0
53,48303,2000,5,thrust,SS2,10,260930402,"[154, 329, 554]","[54, 29, 54]",3,0,0,0,0,0
54,48304,2000,6,thrust,SS2,10,260930402,"[72, 162, 329, 439, 556]","[None, 29, 56]",2,1,3,2,0,1
55,48306,2000,7,thrust,SS2,10,260930402,"[130, 322, 412, 558]","[30, 22, 58]",3,0,1,1,0,0
56,48311,2000,0,thrust,SS2,10,260930402,"[245, 606]","[None, None, None]",0,3,2,2,0,0
57,48317,2000,1,thrust,SS2,10,260930402,"[179, 534]","[None, None, 34]",1,2,1,1,0,0
58,48321,2000,2,thrust,SS2,10,260930402,"[169, 366, 544]","[None, None, 44]",1,2,2,2,0,0
59,48325,2000,3,thrust,SS2,10,260930402,"[163, 362, 542]","[None, None, 42]",1,2,2,2,0,0
60,48330,2000,4,thrust,SS2,10,260930402,"[342, 530]","[None, 42, 30]",2,1,0,0,0,0
61,48331,2000,5,thrust,SS2,10,260930402,"[326, 419, 521, 651]","[None, 26, 21]",2,1,2,1,0,1
62,48582,2000,6,thrust,SS2,10,260930402,"[322, 413, 516, 618]","[None, 22, 16]",2,1,2,2,0,0
63,48663,2000,7,thrust,SS2,10,260930402,"[208, 330, 531]","[None, 30, 31]",2,1,1,1,0,0
0,45197,500,0,thrust,SS8,10,260930402,"[392, 572]","[None, None, None]",0,3,2,2,0,0
1,45693,500,1,thrust,SS8,10,260930402,"[171, 332, 512, 686]","[None, 32, 12]",2,1,2,1,0,1
2,47377,500,2,thrust,SS8,10,260930402,"[172, 323, 543]","[None, 23, 43]",2,1,1,1,0,0
3,47389,500,3,thrust,SS8,10,260930402,"[147, 327, 526]","[47, 27, 26]",3,0,0,0,0,0
4,47390,500,4,thrust,SS8,10,260930402,"[120, 210, 323, 446, 595]","[20, 23, None]",2,1,3,3,0,0
5,47391,500,5,thrust,SS8,10,260930402,"[123, 213, 318, 408, 507]","[23, 18, 7]",3,0,2,2,0,0
6,47650,500,6,thrust,SS8,10,260930402,"[117, 207, 297, 387, 477, 582]","[17, None, None]",1,2,5,3,0,2
7,48287,500,7,thrust,SS8,10,260930402,"[120, 210, 321, 411]","[20, 21, None]",2,1,2,2,0,0
8,48291,500,0,thrust,SS8,10,260930402,"[227, 608]","[None, None, None]",0,3,2,2,0,0
9,48687,500,1,thrust,SS8,10,260930402,"[162, 395, 542]","[None, None, 42]",1,2,2,2,0,0
10,51862,500,2,thrust,SS8,10,260930402,"[124, 364, 534]","[24, None, 34]",2,1,1,1,0,0
11,51867,500,3,thrust,SS8,10,260930402,"[127, 217, 383, 498, 588]","[27, None, None]",1,2,4,3,0,1
12,52471,500,4,thrust,SS8,10,260930402,"[162, 327, 507, 597]","[None, 27, 7]",2,1,2,2,0,0
13,52472,500,5,thrust,SS8,10,260930402,"[127, 323, 413, 539]","[27, 23, 39]",3,0,1,1,0,0
14,52482,500,6,thrust,SS8,10,260930402,"[63, 159, 318, 408, 498, 588, 694]","[59, 18, None]",2,1,5,2,0,3
15,52484,500,7,thrust,SS8,10,260930402,"[131, 317, 407, 528]","[31, 17, 28]",3,0,1,1,0,0
16,45187,1000,0,thrust,SS8,10,260930402,"[237, 442]","[None, None, None]",0,3,2,2,0,0
17,45235,1000,1,thrust,SS8,10,260930402,"[170, 338, 695]","[None, 38, None]",1,2,2,1,0,1
18,45377,1000,2,thrust,SS8,10,260930402,"[131, 348, 658]","[31, 48, None]",2,1,1,0,0,1
19,45387,1000,3,thrust,SS8,10,260930402,"[141, 331, 590]","[41, 31, None]",2,1,1,1,0,0
20,45399,1000,4,thrust,SS8,10,260930402,"[133, 361, 525, 694]","[33, None, 25]",2,1,2,1,0,1
21,45531,1000,5,thrust,SS8,10,260930402,"[131, 237, 355, 526]","[31, 55, 26]",3,0,1,1,0,0
22,45542,1000,6,thrust,SS8,10,260930402,"[132, 351, 522, 612]","[32, 51, 22]",3,0,1,1,0,0
23,45564,1000,7,thrust,SS8,10,260930402,"[126, 250, 402, 528, 662]","[26, None, 28]",2,1,3,1,0,2
24,45578,1000,0,thrust,SS8,10,260930402,"[387, 617]","[None, None, None]",0,3,2,2,0,0
25,45660,1000,1,thrust,SS8,10,260930402,"[352, 470, 563]","[None, 52, None]",1,2,2,1,0,1
26,45675,1000,2,thrust,SS8,10,260930402,"[199, 333, 531]","[None, 33, 31]",2,1,1,1,0,0
27,45677,1000,3,thrust,SS8,10,260930402,"[334, 429, 536]","[None, 34, 36]",2,1,1,1,0,0
28,47356,1000,4,thrust,SS8,10,260930402,"[130, 274, 364, 454, 587]","[30, None, None]",1,2,4,2,0,2
29,47361,1000,5,thrust,SS8,10,260930402,"[135, 322, 412, 541]","[35, 22, 41]",3,0,1,1,0,0
30,47362,1000,6,thrust,SS8,10,260930402,"[127, 281, 371, 496]","[27, None, None]",1,2,3,1,0,2
31,47367,1000,7,thrust,SS8,10,260930402,"[127, 221, 323, 426, 582]","[27, 23, None]",2,1,3,3,0,0
32,45189,1500,0,thrust,SS8,10,260930402,"[92, 584]","[None, None, None]",0,3,2,1,0,1
33,45383,1500,1,thrust,SS8,10,260930402,"[151, 385, 596]","[51, None, None]",1,2,2,2,0,0
34,45408,1500,2,thrust,SS8,10,260930402,"[173, 561, 652]","[None, None, None]",0,3,3,2,0,1
35,45686,1500,3,thrust,SS8,10,260930402,"[137, 416, 549]","[37, None, 49]",2,1,1,1,0,0
36,45696,1500,4,thrust,SS8,10,260930402,"[332, 529]","[None, 32, 29]",2,1,0,0,0,0
37,46077,1500,5,thrust,SS8,10,260930402,"[203, 334, 531]","[None, 34, 31]",2,1,1,1,0,0
38,47371,1500,6,thrust,SS8,10,260930402,"[332, 533]","[None, 32, 33]",2,1,0,0,0,0
39,47373,1500,7,thrust,SS8,10,260930402,"[313, 403, 529, 680]","[None, 13, 29]",2,1,2,1,0,1
40,47397,1500,0,thrust,SS8,10,260930402,[500],"[None, None, None]",0,3,1,0,0,1
41,47630,1500,1,thrust,SS8,10,260930402,"[166, 364]","[None, None, None]",0,3,2,2,0,0
42,47655,1500,2,thrust,SS8,10,260930402,"[156, 252, 353, 625]","[56, 53, None]",2,1,2,1,0,1
43,48143,1500,3,thrust,SS8,10,260930402,"[138, 327, 583]","[38, 27, None]",2,1,1,1,0,0
44,48276,1500,4,thrust,SS8,10,260930402,"[145, 532]","[45, None, 32]",2,1,0,0,0,0
45,48292,1500,5,thrust,SS8,10,260930402,"[134, 382, 517, 607]","[34, None, 17]",2,1,2,2,0,0
46,48293,1500,6,thrust,SS8,10,260930402,"[131, 362, 517, 607]","[31, None, 17]",2,1,2,2,0,0
47,48294,1500,7,thrust,SS8,10,260930402,"[133, 358, 526, 626]","[33, 58, 26]",3,0,1,1,0,0
48,45397,2000,0,thrust,SS8,10,260930402,[381],"[None, None, None]",0,3,1,1,0,0
49,45582,2000,1,thrust,SS8,10,260930402,"[332, 560]","[None, 32, 60]",2,1,0,0,0,0
50,46074,2000,2,thrust,SS8,10,260930402,"[342, 539]","[None, 42, 39]",2,1,0,0,0,0
51,46079,2000,3,thrust,SS8,10,260930402,"[341, 526]","[None, 41, 26]",2,1,0,0,0,0
52,46355,2000,4,thrust,SS8,10,260930402,"[138, 332, 554]","[38, 32, 54]",3,0,0,0,0,0
53,48303,2000,5,thrust,SS8,10,260930402,"[155, 327, 427, 552]","[55, 27, 52]",3,0,1,1,0,0
54,48304,2000,6,thrust,SS8,10,260930402,"[128, 243, 333, 425, 555, 657]","[28, 33, 55]",3,0,3,2,0,1
55,48306,2000,7,thrust,SS8,10,260930402,"[130, 323, 413, 551]","[30, 23, 51]",3,0,1,1,0,0
56,48311,2000,0,thrust,SS8,10,260930402,"[408, 606]","[None, None, None]",0,3,2,2,0,0
57,48317,2000,1,thrust,SS8,10,260930402,"[166, 550]","[None, None, 50]",1,2,1,1,0,0
58,48321,2000,2,thrust,SS8,10,260930402,"[168, 300, 531]","[None, None, 31]",1,2,2,1,0,1
59,48325,2000,3,thrust,SS8,10,260930402,"[151, 346, 530]","[51, 46, 30]",3,0,0,0,0,0
60,48330,2000,4,thrust,SS8,10,260930402,"[328, 418, 528]","[None, 28, 28]",2,1,1,1,0,0
61,48331,2000,5,thrust,SS8,10,260930402,"[323, 413, 517, 647]","[None, 23, 17]",2,1,2,2,0,0
62,48582,2000,6,thrust,SS8,10,260930402,"[323, 413, 516, 606]","[None, 23, 16]",2,1,2,2,0,0
63,48663,2000,7,thrust,SS8,10,260930402,"[208, 319, 409, 519, 609]","[None, 19, 19]",2,1,3,3,0,0
0,45197,500,0,thrust,SS30,10,260930402,"[250, 490, 581]","[None, None, None]",0,3,3,1,0,2
1,45693,500,1,thrust,SS30,10,260930402,"[165, 335, 530]","[None, 35, 30]",2,1,1,1,0,0
2,47377,500,2,thrust,SS30,10,260930402,"[167, 330, 542, 670]","[None, 30, 42]",2,1,2,1,0,1
3,47389,500,3,thrust,SS30,10,260930402,"[149, 331, 531]","[49, 31, 31]",3,0,0,0,0,0
4,47390,500,4,thrust,SS30,10,260930402,"[125, 215, 322, 423, 579]","[25, 22, None]",2,1,3,3,0,0
5,47391,500,5,thrust,SS30,10,260930402,"[128, 218, 321, 411, 501]","[28, 21, 1]",3,0,2,2,0,0
6,47650,500,6,thrust,SS30,10,260930402,"[121, 211, 301, 391, 481, 571]","[21, 1, None]",2,1,4,3,0,1
7,48287,500,7,thrust,SS30,10,260930402,"[123, 213, 303, 393, 483]","[23, 3, None]",2,1,3,2,0,1
8,48291,500,0,thrust,SS30,10,260930402,"[152, 520]","[52, None, 20]",2,1,0,0,0,0
9,48687,500,1,thrust,SS30,10,260930402,"[160, 354, 539]","[60, 54, 39]",3,0,0,0,0,0
10,51862,500,2,thrust,SS30,10,260930402,"[133, 364, 534]","[33, None, 34]",2,1,1,1,0,0
11,51867,500,3,thrust,SS30,10,260930402,"[129, 219, 381, 538, 628]","[29, None, 38]",2,1,3,3,0,0
12,52471,500,4,thrust,SS30,10,260930402,"[146, 334, 433, 536]","[46, 34, 36]",3,0,1,1,0,0
13,52472,500,5,thrust,SS30,10,260930402,"[140, 324, 414, 538]","[40, 24, 38]",3,0,1,1,0,0
14,52482,500,6,thrust,SS30,10,260930402,"[137, 320, 410, 500, 590, 680]","[37, 20, None]",2,1,4,2,0,2
15,52484,500,7,thrust,SS30,10,260930402,"[139, 245, 335, 533]","[39, 35, 33]",3,0,1,1,0,0
16,45187,1000,0,thrust,SS30,10,260930402,"[239, 393]","[None, None, None]",0,3,2,2,0,0
17,45235,1000,1,thrust,SS30,10,260930402,"[163, 254, 356]","[None, 56, None]",1,2,2,1,0,1
18,45377,1000,2,thrust,SS30,10,260930402,"[136, 343, 557]","[36, 43, 57]",3,0,0,0,0,0
19,45387,1000,3,thrust,SS30,10,260930402,"[130, 334, 590]","[30, 34, None]",2,1,1,1,0,0
20,45399,1000,4,thrust,SS30,10,260930402,"[138, 379, 526, 616]","[38, None, 26]",2,1,2,2,0,0
21,45531,1000,5,thrust,SS30,10,260930402,"[135, 240, 357, 528]","[35, 57, 28]",3,0,1,1,0,0
22,45542,1000,6,thrust,SS30,10,260930402,"[130, 244, 391, 525, 615]","[30, None, 25]",2,1,3,3,0,0
23,45564,1000,7,thrust,SS30,10,260930402,"[127, 217, 360, 526, 663]","[27, 60, 26]",3,0,2,1,0,1
24,45578,1000,0,thrust,SS30,10,260930402,"[351, 567]","[None, 51, None]",1,2,1,1,0,0
25,45660,1000,1,thrust,SS30,10,260930402,"[349, 464, 556]","[None, 49, 56]",2,1,1,0,0,1
26,45675,1000,2,thrust,SS30,10,260930402,"[172, 333, 532]","[None, 33, 32]",2,1,1,1,0,0
27,45677,1000,3,thrust,SS30,10,260930402,"[189, 335, 537]","[None, 35, 37]",2,1,1,1,0,0
28,47356,1000,4,thrust,SS30,10,260930402,"[133, 333, 508]","[33, 33, 8]",3,0,0,0,0,0
29,47361,1000,5,thrust,SS30,10,260930402,"[137, 329, 424, 570]","[37, 29, None]",2,1,2,2,0,0
30,47362,1000,6,thrust,SS30,10,260930402,"[128, 218, 325, 417, 581]","[28, 25, None]",2,1,3,3,0,0
31,47367,1000,7,thrust,SS30,10,260930402,"[126, 216, 327, 429, 519]","[26, 27, 19]",3,0,2,2,0,0
32,45189,1500,0,thrust,SS30,10,260930402,"[184, 583]","[None, None, None]",0,3,2,2,0,0
33,45383,1500,1,thrust,SS30,10,260930402,"[154, 378, 573, 686]","[54, None, None]",1,2,3,2,0,1
34,45408,1500,2,thrust,SS30,10,260930402,"[144, 396, 560, 672]","[44, None, 60]",2,1,2,1,0,1
35,45686,1500,3,thrust,SS30,10,260930402,"[137, 367, 538]","[37, None, 38]",2,1,1,1,0,0
36,45696,1500,4,thrust,SS30,10,260930402,"[204, 339, 531]","[None, 39, 31]",2,1,1,1,0,0
37,46077,1500,5,thrust,SS30,10,260930402,"[205, 335, 534]","[None, 35, 34]",2,1,1,1,0,0
38,47371,1500,6,thrust,SS30,10,260930402,"[332, 533]","[None, 32, 33]",2,1,0,0,0,0
39,47373,1500,7,thrust,SS30,10,260930402,"[293, 383, 473, 563, 653]","[None, None, None]",0,3,5,2,0,3
40,47397,1500,0,thrust,SS30,10,260930402,"[231, 557]","[None, None, 57]",1,2,1,1,0,0
41,47630,1500,1,thrust,SS30,10,260930402,"[164, 356]","[None, 56, None]",1,2,1,1,0,0
42,47655,1500,2,thrust,SS30,10,260930402,"[143, 352, 623]","[43, 52, None]",2,1,1,1,0,0
43,48143,1500,3,thrust,SS30,10,260930402,"[137, 326, 427, 590]","[37, 26, None]",2,1,2,2,0,0
44,48276,1500,4,thrust,SS30,10,260930402,"[141, 481, 571, 661]","[41, None, None]",1,2,3,1,0,2
45,48292,1500,5,thrust,SS30,10,260930402,"[137, 382, 502, 592]","[37, None, 2]",2,1,2,2,0,0
46,48293,1500,6,thrust,SS30,10,260930402,"[128, 226, 367, 525, 615]","[28, None, 25]",2,1,3,3,0,0
47,48294,1500,7,thrust,SS30,10,260930402,"[130, 294, 528, 675]","[30, None, 28]",2,1,2,0,0,2
48,45397,2000,0,thrust,SS30,10,260930402,"[360, 600]","[None, 60, None]",1,2,1,1,0,0
49,45582,2000,1,thrust,SS30,10,260930402,"[346, 493]","[None, 46, None]",1,2,1,0,0,1
50,46074,2000,2,thrust,SS30,10,260930402,"[339, 535]","[None, 39, 35]",2,1,0,0,0,0
51,46079,2000,3,thrust,SS30,10,260930402,"[245, 350, 530]","[None, 50, 30]",2,1,1,1,0,0
52,46355,2000,4,thrust,SS30,10,260930402,"[139, 270, 360, 450, 572]","[39, 60, None]",2,1,3,1,0,2
53,48303,2000,5,thrust,SS30,10,260930402,"[143, 331, 546]","[43, 31, 46]",3,0,0,0,0,0
54,48304,2000,6,thrust,SS30,10,260930402,"[134, 329, 419, 548, 657]","[34, 29, 48]",3,0,2,1,0,1
55,48306,2000,7,thrust,SS30,10,260930402,"[134, 323, 413, 552]","[34, 23, 52]",3,0,1,1,0,0
56,48311,2000,0,thrust,SS30,10,260930402,"[301, 585]","[None, 1, None]",1,2,1,1,0,0
57,48317,2000,1,thrust,SS30,10,260930402,"[152, 450, 556]","[52, None, 56]",2,1,1,0,0,1
58,48321,2000,2,thrust,SS30,10,260930402,"[165, 293, 536]","[None, None, 36]",1,2,2,1,0,1
59,48325,2000,3,thrust,SS30,10,260930402,"[145, 350, 529]","[45, 50, 29]",3,0,0,0,0,0
60,48330,2000,4,thrust,SS30,10,260930402,"[334, 433, 528]","[None, 34, 28]",2,1,1,1,0,0
61,48331,2000,5,thrust,SS30,10,260930402,"[328, 418, 516, 606]","[None, 28, 16]",2,1,2,2,0,0
62,48582,2000,6,thrust,SS30,10,260930402,"[236, 329, 419, 517, 607]","[None, 29, 17]",2,1,3,3,0,0
63,48663,2000,7,thrust,SS30,10,260930402,"[183, 317, 407, 507, 597, 687]","[None, 17, 7]",2,1,4,3,0,1
0,45197,500,0,thrust,MSC16,10,260930402,"[316, 570]","[None, 16, None]",1,2,1,1,0,0
1,45693,500,1,thrust,MSC16,10,260930402,"[170, 331, 554]","[None, 31, 54]",2,1,1,1,0,0
2,47377,500,2,thrust,MSC16,10,260930402,"[168, 323, 431, 535]","[None, 23, 35]",2,1,2,2,0,0
3,47389,500,3,thrust,MSC16,10,260930402,"[148, 332, 532]","[48, 32, 32]",3,0,0,0,0,0
4,47390,500,4,thrust,MSC16,10,260930402,"[120, 210, 315, 405, 588]","[20, 15, None]",2,1,3,3,0,0
5,47391,500,5,thrust,MSC16,10,260930402,"[123, 213, 318, 408, 498]","[23, 18, None]",2,1,3,2,0,1
6,47650,500,6,thrust,MSC16,10,260930402,"[117, 207, 297, 387, 477, 582]","[17, None, None]",1,2,5,3,0,2
7,48287,500,7,thrust,MSC16,10,260930402,"[121, 211, 321, 412]","[21, 21, None]",2,1,2,2,0,0
8,48291,500,0,thrust,MSC16,10,260930402,"[215, 578]","[None, None, None]",0,3,2,2,0,0
9,48687,500,1,thrust,MSC16,10,260930402,"[162, 393, 530]","[None, None, 30]",1,2,2,2,0,0
10,51862,500,2,thrust,MSC16,10,260930402,"[125, 239, 408, 534]","[25, None, 34]",2,1,2,2,0,0
11,51867,500,3,thrust,MSC16,10,260930402,"[128, 224, 382, 537]","[28, None, 37]",2,1,2,2,0,0
12,52471,500,4,thrust,MSC16,10,260930402,"[161, 327, 457, 547, 637]","[None, 27, 47]",2,1,3,2,0,1
13,52472,500,5,thrust,MSC16,10,260930402,"[134, 324, 414, 539]","[34, 24, 39]",3,0,1,1,0,0
14,52482,500,6,thrust,MSC16,10,260930402,"[63, 157, 318, 408, 498, 588, 678]","[57, 18, None]",2,1,5,2,0,3
15,52484,500,7,thrust,MSC16,10,260930402,"[131, 318, 408, 529]","[31, 18, 29]",3,0,1,1,0,0
16,45187,1000,0,thrust,MSC16,10,260930402,"[237, 442]","[None, None, None]",0,3,2,2,0,0
17,45235,1000,1,thrust,MSC16,10,260930402,"[169, 335, 696]","[None, 35, None]",1,2,2,1,0,1
18,45377,1000,2,thrust,MSC16,10,260930402,"[131, 348, 655]","[31, 48, None]",2,1,1,0,0,1
19,45387,1000,3,thrust,MSC16,10,260930402,"[141, 331, 593]","[41, 31, None]",2,1,1,1,0,0
20,45399,1000,4,thrust,MSC16,10,260930402,"[133, 407, 525, 669]","[33, None, 25]",2,1,2,1,0,1
21,45531,1000,5,thrust,MSC16,10,260930402,"[133, 238, 355, 526]","[33, 55, 26]",3,0,1,1,0,0
22,45542,1000,6,thrust,MSC16,10,260930402,"[131, 348, 522, 612]","[31, 48, 22]",3,0,1,1,0,0
23,45564,1000,7,thrust,MSC16,10,260930402,"[127, 232, 373, 526, 662]","[27, None, 26]",2,1,3,2,0,1
24,45578,1000,0,thrust,MSC16,10,260930402,"[386, 613]","[None, None, None]",0,3,2,2,0,0
25,45660,1000,1,thrust,MSC16,10,260930402,"[351, 467, 562]","[None, 51, None]",1,2,2,1,0,1
26,45675,1000,2,thrust,MSC16,10,260930402,"[177, 330, 531]","[None, 30, 31]",2,1,1,1,0,0
27,45677,1000,3,thrust,MSC16,10,260930402,"[326, 418, 538]","[None, 26, 38]",2,1,1,1,0,0
28,47356,1000,4,thrust,MSC16,10,260930402,"[131, 274, 364, 454, 591]","[31, None, None]",1,2,4,2,0,2
29,47361,1000,5,thrust,MSC16,10,260930402,"[135, 325, 415, 567]","[35, 25, None]",2,1,2,2,0,0
30,47362,1000,6,thrust,MSC16,10,260930402,"[128, 281, 371, 461]","[28, None, None]",1,2,3,1,0,2
31,47367,1000,7,thrust,MSC16,10,260930402,"[127, 222, 324, 427, 578]","[27, 24, None]",2,1,3,3,0,0
32,45189,1500,0,thrust,MSC16,10,260930402,"[97, 584]","[None, None, None]",0,3,2,1,0,1
33,45383,1500,1,thrust,MSC16,10,260930402,"[151, 379, 568]","[51, None, None]",1,2,2,2,0,0
34,45408,1500,2,thrust,MSC16,10,260930402,"[149, 440, 562]","[49, None, None]",1,2,2,2,0,0
35,45686,1500,3,thrust,MSC16,10,260930402,"[137, 396, 543]","[37, None, 43]",2,1,1,1,0,0
36,45696,1500,4,thrust,MSC16,10,260930402,"[327, 525, 676]","[None, 27, 25]",2,1,1,0,0,1
37,46077,1500,5,thrust,MSC16,10,260930402,"[271, 361, 451, 541]","[None, None, 41]",1,2,3,1,0,2
38,47371,1500,6,thrust,MSC16,10,260930402,"[329, 531]","[None, 29, 31]",2,1,0,0,0,0
39,47373,1500,7,thrust,MSC16,10,260930402,"[313, 403, 528, 676]","[None, 13, 28]",2,1,2,1,0,1
40,47397,1500,0,thrust,MSC16,10,260930402,"[220, 552]","[None, None, 52]",1,2,1,1,0,0
41,47630,1500,1,thrust,MSC16,10,260930402,"[165, 357]","[None, 57, None]",1,2,1,1,0,0
42,47655,1500,2,thrust,MSC16,10,260930402,"[144, 352, 622]","[44, 52, None]",2,1,1,1,0,0
43,48143,1500,3,thrust,MSC16,10,260930402,"[135, 324, 425, 593]","[35, 24, None]",2,1,2,2,0,0
44,48276,1500,4,thrust,MSC16,10,260930402,"[145, 522]","[45, None, 22]",2,1,0,0,0,0
45,48292,1500,5,thrust,MSC16,10,260930402,"[134, 383, 515, 605]","[34, None, 15]",2,1,2,2,0,0
46,48293,1500,6,thrust,MSC16,10,260930402,"[131, 363, 518, 608]","[31, None, 18]",2,1,2,2,0,0
47,48294,1500,7,thrust,MSC16,10,260930402,"[130, 351, 526, 626]","[30, 51, 26]",3,0,1,1,0,0
48,45397,2000,0,thrust,MSC16,10,260930402,"[371, 605]","[None, None, None]",0,3,2,2,0,0
49,45582,2000,1,thrust,MSC16,10,260930402,"[333, 562]","[None, 33, None]",1,2,1,1,0,0
50,46074,2000,2,thrust,MSC16,10,260930402,"[340, 539]","[None, 40, 39]",2,1,0,0,0,0
51,46079,2000,3,thrust,MSC16,10,260930402,"[339, 526]","[None, 39, 26]",2,1,0,0,0,0
52,46355,2000,4,thrust,MSC16,10,260930402,"[138, 332, 554]","[38, 32, 54]",3,0,0,0,0,0
53,48303,2000,5,thrust,MSC16,10,260930402,"[135, 327, 431, 549]","[35, 27, 49]",3,0,1,1,0,0
54,48304,2000,6,thrust,MSC16,10,260930402,"[129, 269, 359, 539, 657]","[29, 59, 39]",3,0,2,0,0,2
55,48306,2000,7,thrust,MSC16,10,260930402,"[129, 227, 326, 416, 551]","[29, 26, 51]",3,0,2,2,0,0
56,48311,2000,0,thrust,MSC16,10,260930402,"[410, 606]","[None, None, None]",0,3,2,2,0,0
57,48317,2000,1,thrust,MSC16,10,260930402,"[166, 546]","[None, None, 46]",1,2,1,1,0,0
58,48321,2000,2,thrust,MSC16,10,260930402,"[160, 312, 531]","[60, 12, 31]",3,0,0,0,0,0
59,48325,2000,3,thrust,MSC16,10,260930402,"[138, 352, 530]","[38, 52, 30]",3,0,0,0,0,0
60,48330,2000,4,thrust,MSC16,10,260930402,"[329, 419, 529]","[None, 29, 29]",2,1,1,1,0,0
61,48331,2000,5,thrust,MSC16,10,260930402,"[323, 413, 516, 606]","[None, 23, 16]",2,1,2,2,0,0
62,48582,2000,6,thrust,MSC16,10,260930402,"[323, 413, 515, 605]","[None, 23, 15]",2,1,2,2,0,0
63,48663,2000,7,thrust,MSC16,10,260930402,"[206, 319, 409, 513, 603]","[None, 19, 13]",2,1,3,3,0,0
0,45197,500,0,thrust,MSC30,10,260930402,"[252, 493, 590]","[None, None, None]",0,3,3,1,0,2
1,45693,500,1,thrust,MSC30,10,260930402,"[165, 329, 512, 686]","[None, 29, 12]",2,1,2,1,0,1
2,47377,500,2,thrust,MSC30,10,260930402,"[168, 323, 413, 533]","[None, 23, 33]",2,1,2,2,0,0
3,47389,500,3,thrust,MSC30,10,260930402,"[148, 331, 532]","[48, 31, 32]",3,0,0,0,0,0
4,47390,500,4,thrust,MSC30,10,260930402,"[120, 210, 312, 402, 579]","[20, 12, None]",2,1,3,3,0,0
5,47391,500,5,thrust,MSC30,10,260930402,"[123, 213, 318, 408, 498, 588]","[23, 18, None]",2,1,4,3,0,1
6,47650,500,6,thrust,MSC30,10,260930402,"[117, 207, 297, 387, 477, 567]","[17, None, None]",1,2,5,3,0,2
7,48287,500,7,thrust,MSC30,10,260930402,"[121, 211, 301, 391, 481]","[21, 1, None]",2,1,3,2,0,1
8,48291,500,0,thrust,MSC30,10,260930402,"[152, 521]","[52, None, 21]",2,1,0,0,0,0
9,48687,500,1,thrust,MSC30,10,260930402,"[161, 357, 538]","[None, 57, 38]",2,1,1,1,0,0
10,51862,500,2,thrust,MSC30,10,260930402,"[124, 217, 401, 534]","[24, None, 34]",2,1,2,2,0,0
11,51867,500,3,thrust,MSC30,10,260930402,"[127, 217, 381, 538, 628]","[27, None, 38]",2,1,3,3,0,0
12,52471,500,4,thrust,MSC30,10,260930402,"[147, 327, 462, 552, 642]","[47, 27, 52]",3,0,2,1,0,1
13,52472,500,5,thrust,MSC30,10,260930402,"[140, 324, 414, 539, 638]","[40, 24, 39]",3,0,2,2,0,0
14,52482,500,6,thrust,MSC30,10,260930402,"[63, 153, 318, 408, 498, 588, 678]","[53, 18, None]",2,1,5,2,0,3
15,52484,500,7,thrust,MSC30,10,260930402,"[131, 318, 408, 498, 588, 678]","[31, 18, None]",2,1,4,2,0,2
16,45187,1000,0,thrust,MSC30,10,260930402,"[238, 394]","[None, None, None]",0,3,2,2,0,0
17,45235,1000,1,thrust,MSC30,10,260930402,"[164, 255, 361, 696]","[None, None, None]",0,3,4,2,0,2
18,45377,1000,2,thrust,MSC30,10,260930402,"[131, 345, 557]","[31, 45, 57]",3,0,0,0,0,0
19,45387,1000,3,thrust,MSC30,10,260930402,"[130, 331, 590]","[30, 31, None]",2,1,1,1,0,0
20,45399,1000,4,thrust,MSC30,10,260930402,"[133, 407, 524, 614]","[33, None, 24]",2,1,2,2,0,0
21,45531,1000,5,thrust,MSC30,10,260930402,"[136, 239, 355, 527, 622]","[36, 55, 27]",3,0,2,2,0,0
22,45542,1000,6,thrust,MSC30,10,260930402,"[131, 247, 393, 522, 612]","[31, None, 22]",2,1,3,3,0,0
23,45564,1000,7,thrust,MSC30,10,260930402,"[126, 216, 360, 526, 662]","[26, 60, 26]",3,0,2,1,0,1
24,45578,1000,0,thrust,MSC30,10,260930402,"[364, 563]","[None, None, None]",0,3,2,2,0,0
25,45660,1000,1,thrust,MSC30,10,260930402,"[349, 464, 556]","[None, 49, 56]",2,1,1,0,0,1
26,45675,1000,2,thrust,MSC30,10,260930402,"[173, 328, 516, 647]","[None, 28, 16]",2,1,2,2,0,0
27,45677,1000,3,thrust,MSC30,10,260930402,"[189, 334, 536]","[None, 34, 36]",2,1,1,1,0,0
28,47356,1000,4,thrust,MSC30,10,260930402,"[130, 274, 364, 454, 544]","[30, None, 44]",2,1,3,1,0,2
29,47361,1000,5,thrust,MSC30,10,260930402,"[135, 322, 412, 542]","[35, 22, 42]",3,0,1,1,0,0
30,47362,1000,6,thrust,MSC30,10,260930402,"[128, 218, 322, 412, 583]","[28, 22, None]",2,1,3,3,0,0
31,47367,1000,7,thrust,MSC30,10,260930402,"[127, 217, 324, 414, 515]","[27, 24, 15]",3,0,2,2,0,0
32,45189,1500,0,thrust,MSC30,10,260930402,"[190, 584]","[None, None, None]",0,3,2,2,0,0
33,45383,1500,1,thrust,MSC30,10,260930402,"[153, 378, 573]","[53, None, None]",1,2,2,2,0,0
34,45408,1500,2,thrust,MSC30,10,260930402,"[145, 432, 561, 674]","[45, None, None]",1,2,3,2,0,1
35,45686,1500,3,thrust,MSC30,10,260930402,"[137, 371, 539]","[37, None, 39]",2,1,1,1,0,0
36,45696,1500,4,thrust,MSC30,10,260930402,"[318, 408, 532]","[None, 18, 32]",2,1,1,1,0,0
37,46077,1500,5,thrust,MSC30,10,260930402,"[203, 335, 531]","[None, 35, 31]",2,1,1,1,0,0
38,47371,1500,6,thrust,MSC30,10,260930402,"[332, 533]","[None, 32, 33]",2,1,0,0,0,0
39,47373,1500,7,thrust,MSC30,10,260930402,"[306, 396, 486, 576, 666]","[None, 6, None]",1,2,4,2,0,2
40,47397,1500,0,thrust,MSC30,10,260930402,"[231, 501]","[None, None, 1]",1,2,1,1,0,0
41,47630,1500,1,thrust,MSC30,10,260930402,"[165, 356]","[None, 56, None]",1,2,1,1,0,0
42,47655,1500,2,thrust,MSC30,10,260930402,"[145, 352, 624]","[45, 52, None]",2,1,1,1,0,0
43,48143,1500,3,thrust,MSC30,10,260930402,"[137, 327, 573]","[37, 27, None]",2,1,1,1,0,0
44,48276,1500,4,thrust,MSC30,10,260930402,"[142, 481, 571, 661]","[42, None, None]",1,2,3,1,0,2
45,48292,1500,5,thrust,MSC30,10,260930402,"[134, 381, 515, 605]","[34, None, 15]",2,1,2,2,0,0
46,48293,1500,6,thrust,MSC30,10,260930402,"[129, 231, 369, 518, 608]","[29, None, 18]",2,1,3,3,0,0
47,48294,1500,7,thrust,MSC30,10,260930402,"[130, 295, 525, 615]","[30, None, 25]",2,1,2,1,0,1
48,45397,2000,0,thrust,MSC30,10,260930402,"[363, 603]","[None, None, None]",0,3,2,2,0,0
49,45582,2000,1,thrust,MSC30,10,260930402,"[332, 559]","[None, 32, 59]",2,1,0,0,0,0
50,46074,2000,2,thrust,MSC30,10,260930402,"[339, 535]","[None, 39, 35]",2,1,0,0,0,0
51,46079,2000,3,thrust,MSC30,10,260930402,"[249, 349, 526]","[None, 49, 26]",2,1,1,1,0,0
52,46355,2000,4,thrust,MSC30,10,260930402,"[138, 333, 559]","[38, 33, 59]",3,0,0,0,0,0
53,48303,2000,5,thrust,MSC30,10,260930402,"[144, 327, 427, 546]","[44, 27, 46]",3,0,1,1,0,0
54,48304,2000,6,thrust,MSC30,10,260930402,"[129, 244, 334, 424, 549, 657]","[29, 34, 49]",3,0,3,2,0,1
55,48306,2000,7,thrust,MSC30,10,260930402,"[130, 323, 413, 551]","[30, 23, 51]",3,0,1,1,0,0
56,48311,2000,0,thrust,MSC30,10,260930402,"[309, 585]","[None, 9, None]",1,2,1,1,0,0
57,48317,2000,1,thrust,MSC30,10,260930402,"[154, 451, 556]","[54, None, 56]",2,1,1,0,0,1
58,48321,2000,2,thrust,MSC30,10,260930402,"[166, 294, 531]","[None, None, 31]",1,2,2,1,0,1
59,48325,2000,3,thrust,MSC30,10,260930402,"[146, 350, 530]","[46, 50, 30]",3,0,0,0,0,0
60,48330,2000,4,thrust,MSC30,10,260930402,"[329, 419, 528]","[None, 29, 28]",2,1,1,1,0,0
61,48331,2000,5,thrust,MSC30,10,260930402,"[323, 413, 514, 604]","[None, 23, 14]",2,1,2,2,0,0
62,48582,2000,6,thrust,MSC30,10,260930402,"[237, 327, 417, 516, 606]","[None, 27, 16]",2,1,3,3,0,0
63,48663,2000,7,thrust,MSC30,10,260930402,"[183, 318, 408, 508, 598, 688]","[None, 18, 8]",2,1,4,3,0,1
0,45197,500,0,thrust,MSC10,10,260930402,"[388, 573]","[None, None, None]",0,3,2,2,0,0
1,45693,500,1,thrust,MSC10,10,260930402,"[173, 329, 512, 687]","[None, 29, 12]",2,1,2,1,0,1
2,47377,500,2,thrust,MSC10,10,260930402,"[172, 322, 420, 528]","[None, 22, 28]",2,1,2,2,0,0
3,47389,500,3,thrust,MSC10,10,260930402,"[147, 329, 530]","[47, 29, 30]",3,0,0,0,0,0
4,47390,500,4,thrust,MSC10,10,260930402,"[121, 211, 322, 439, 596]","[21, 22, None]",2,1,3,3,0,0
5,47391,500,5,thrust,MSC10,10,260930402,"[123, 213, 318, 408, 507]","[23, 18, 7]",3,0,2,2,0,0
6,47650,500,6,thrust,MSC10,10,260930402,"[117, 207, 297, 387, 477, 581]","[17, None, None]",1,2,5,3,0,2
7,48287,500,7,thrust,MSC10,10,260930402,"[121, 211, 320, 410]","[21, 20, None]",2,1,2,2,0,0
8,48291,500,0,thrust,MSC10,10,260930402,"[228, 586]","[None, None, None]",0,3,2,2,0,0
9,48687,500,1,thrust,MSC10,10,260930402,"[163, 394, 543]","[None, None, 43]",1,2,2,2,0,0
10,51862,500,2,thrust,MSC10,10,260930402,"[126, 365, 533]","[26, None, 33]",2,1,1,1,0,0
11,51867,500,3,thrust,MSC10,10,260930402,"[126, 216, 381, 538]","[26, None, 38]",2,1,2,2,0,0
12,52471,500,4,thrust,MSC10,10,260930402,"[162, 327, 508, 598]","[None, 27, 8]",2,1,2,2,0,0
13,52472,500,5,thrust,MSC10,10,260930402,"[128, 324, 438, 538]","[28, 24, 38]",3,0,1,1,0,0
14,52482,500,6,thrust,MSC10,10,260930402,"[62, 158, 317, 407, 497, 587, 694]","[58, 17, None]",2,1,5,2,0,3
15,52484,500,7,thrust,MSC10,10,260930402,"[131, 317, 407, 528]","[31, 17, 28]",3,0,1,1,0,0
16,45187,1000,0,thrust,MSC10,10,260930402,"[225, 442]","[None, None, None]",0,3,2,2,0,0
17,45235,1000,1,thrust,MSC10,10,260930402,"[169, 337, 696]","[None, 37, None]",1,2,2,1,0,1
18,45377,1000,2,thrust,MSC10,10,260930402,"[132, 348, 659]","[32, 48, None]",2,1,1,0,0,1
19,45387,1000,3,thrust,MSC10,10,260930402,"[142, 328, 589]","[42, 28, None]",2,1,1,1,0,0
20,45399,1000,4,thrust,MSC10,10,260930402,"[132, 360, 525, 694]","[32, 60, 25]",3,0,1,0,0,1
21,45531,1000,5,thrust,MSC10,10,260930402,"[134, 237, 354, 526]","[34, 54, 26]",3,0,1,1,0,0
22,45542,1000,6,thrust,MSC10,10,260930402,"[132, 351, 520, 610]","[32, 51, 20]",3,0,1,1,0,0
23,45564,1000,7,thrust,MSC10,10,260930402,"[127, 260, 407, 527, 662]","[27, None, 27]",2,1,3,1,0,2
24,45578,1000,0,thrust,MSC10,10,260930402,"[387, 618]","[None, None, None]",0,3,2,2,0,0
25,45660,1000,1,thrust,MSC10,10,260930402,"[351, 471, 563]","[None, 51, None]",1,2,2,1,0,1
26,45675,1000,2,thrust,MSC10,10,260930402,"[177, 329, 530]","[None, 29, 30]",2,1,1,1,0,0
27,45677,1000,3,thrust,MSC10,10,260930402,"[324, 414, 536]","[None, 24, 36]",2,1,1,1,0,0
28,47356,1000,4,thrust,MSC10,10,260930402,"[131, 274, 364, 455, 587]","[31, None, None]",1,2,4,2,0,2
29,47361,1000,5,thrust,MSC10,10,260930402,"[136, 323, 413, 543]","[36, 23, 43]",3,0,1,1,0,0
30,47362,1000,6,thrust,MSC10,10,260930402,"[127, 281, 371, 496]","[27, None, None]",1,2,3,1,0,2
31,47367,1000,7,thrust,MSC10,10,260930402,"[127, 222, 324, 427, 596]","[27, 24, None]",2,1,3,3,0,0
32,45189,1500,0,thrust,MSC10,10,260930402,"[92, 584]","[None, None, None]",0,3,2,1,0,1
33,45383,1500,1,thrust,MSC10,10,260930402,"[151, 383, 581]","[51, None, None]",1,2,2,2,0,0
34,45408,1500,2,thrust,MSC10,10,260930402,"[172, 561, 654]","[None, None, None]",0,3,3,2,0,1
35,45686,1500,3,thrust,MSC10,10,260930402,"[137, 417, 547]","[37, None, 47]",2,1,1,1,0,0
36,45696,1500,4,thrust,MSC10,10,260930402,"[333, 530]","[None, 33, 30]",2,1,0,0,0,0
37,46077,1500,5,thrust,MSC10,10,260930402,"[201, 336, 531]","[None, 36, 31]",2,1,1,1,0,0
38,47371,1500,6,thrust,MSC10,10,260930402,"[333, 533]","[None, 33, 33]",2,1,0,0,0,0
39,47373,1500,7,thrust,MSC10,10,260930402,"[269, 359, 449, 539]","[None, 59, 39]",2,1,2,1,0,1
40,47397,1500,0,thrust,MSC10,10,260930402,[219],"[None, None, None]",0,3,1,1,0,0
41,47630,1500,1,thrust,MSC10,10,260930402,"[167, 364]","[None, None, None]",0,3,2,2,0,0
42,47655,1500,2,thrust,MSC10,10,260930402,"[154, 254, 352, 627]","[54, 52, None]",2,1,2,1,0,1
43,48143,1500,3,thrust,MSC10,10,260930402,"[139, 326, 579]","[39, 26, None]",2,1,1,1,0,0
44,48276,1500,4,thrust,MSC10,10,260930402,"[145, 531]","[45, None, 31]",2,1,0,0,0,0
45,48292,1500,5,thrust,MSC10,10,260930402,"[133, 383, 516, 606]","[33, None, 16]",2,1,2,2,0,0
46,48293,1500,6,thrust,MSC10,10,260930402,"[129, 362, 518, 608]","[29, None, 18]",2,1,2,2,0,0
47,48294,1500,7,thrust,MSC10,10,260930402,"[134, 358, 525, 626]","[34, 58, 25]",3,0,1,1,0,0
48,45397,2000,0,thrust,MSC10,10,260930402,"[379, 606]","[None, None, None]",0,3,2,2,0,0
49,45582,2000,1,thrust,MSC10,10,260930402,"[331, 560]","[None, 31, 60]",2,1,0,0,0,0
50,46074,2000,2,thrust,MSC10,10,260930402,"[340, 539]","[None, 40, 39]",2,1,0,0,0,0
51,46079,2000,3,thrust,MSC10,10,260930402,"[338, 527]","[None, 38, 27]",2,1,0,0,0,0
52,46355,2000,4,thrust,MSC10,10,260930402,"[138, 332, 558]","[38, 32, 58]",3,0,0,0,0,0
53,48303,2000,5,thrust,MSC10,10,260930402,"[154, 329, 432, 549]","[54, 29, 49]",3,0,1,1,0,0
54,48304,2000,6,thrust,MSC10,10,260930402,"[127, 243, 333, 439, 555, 658]","[27, 33, 55]",3,0,3,2,0,1
55,48306,2000,7,thrust,MSC10,10,260930402,"[130, 321, 411, 551]","[30, 21, 51]",3,0,1,1,0,0
56,48311,2000,0,thrust,MSC10,10,260930402,"[247, 603]","[None, None, None]",0,3,2,2,0,0
57,48317,2000,1,thrust,MSC10,10,260930402,"[164, 549]","[None, None, 49]",1,2,1,1,0,0
58,48321,2000,2,thrust,MSC10,10,260930402,"[156, 348, 530]","[56, 48, 30]",3,0,0,0,0,0
59,48325,2000,3,thrust,MSC10,10,260930402,"[152, 348, 530]","[52, 48, 30]",3,0,0,0,0,0
60,48330,2000,4,thrust,MSC10,10,260930402,"[329, 419, 528]","[None, 29, 28]",2,1,1,1,0,0
61,48331,2000,5,thrust,MSC10,10,260930402,"[323, 413, 519, 651]","[None, 23, 19]",2,1,2,1,0,1
62,48582,2000,6,thrust,MSC10,10,260930402,"[323, 413, 514, 604]","[None, 23, 14]",2,1,2,2,0,0
63,48663,2000,7,thrust,MSC10,10,260930402,"[208, 318, 408, 514, 604]","[None, 18, 14]",2,1,3,3,0,0
0,45197,500,0,thrust,SS2,10,260930403,[559],"[None, None, 59]",1,2,0,0,0,0
1,45693,500,1,thrust,SS2,10,260930403,"[206, 347, 537]","[None, 47, 37]",2,1,1,1,0,0
2,47377,500,2,thrust,SS2,10,260930403,"[191, 325, 540]","[None, 25, 40]",2,1,1,1,0,0
3,47389,500,3,thrust,SS2,10,260930403,"[153, 332, 529]","[53, 32, 29]",3,0,0,0,0,0
4,47390,500,4,thrust,SS2,10,260930403,"[125, 217, 328, 578]","[25, 28, None]",2,1,2,2,0,0
5,47391,500,5,thrust,SS2,10,260930403,"[124, 228, 320, 410, 566]","[24, 20, None]",2,1,3,3,0,0
6,47650,500,6,thrust,SS2,10,260930403,"[119, 209, 323, 413]","[19, 23, None]",2,1,2,2,0,0
7,48287,500,7,thrust,SS2,10,260930403,"[125, 215, 330, 695]","[25, 30, None]",2,1,2,1,0,1
8,48291,500,0,thrust,SS2,10,260930403,[698],"[None, None, None]",0,3,1,0,0,1
9,48687,500,1,thrust,SS2,10,260930403,"[140, 441, 559]","[40, None, 59]",2,1,1,1,0,0
10,51862,500,2,thrust,SS2,10,260930403,"[142, 421, 557]","[42, None, 57]",2,1,1,1,0,0
11,51867,500,3,thrust,SS2,10,260930403,"[132, 380, 544]","[32, None, 44]",2,1,1,1,0,0
12,52471,500,4,thrust,SS2,10,260930403,"[164, 327, 546]","[None, 27, 46]",2,1,1,1,0,0
13,52472,500,5,thrust,SS2,10,260930403,"[103, 329, 536]","[3, 29, 36]",3,0,0,0,0,0
14,52482,500,6,thrust,SS2,10,260930403,"[138, 319, 409, 531]","[38, 19, 31]",3,0,1,1,0,0
15,52484,500,7,thrust,SS2,10,260930403,"[136, 322, 412, 528]","[36, 22, 28]",3,0,1,1,0,0
16,45187,1000,0,thrust,SS2,10,260930403,[367],"[None, None, None]",0,3,1,1,0,0
17,45235,1000,1,thrust,SS2,10,260930403,"[192, 332]","[None, 32, None]",1,2,1,1,0,0
18,45377,1000,2,thrust,SS2,10,260930403,"[152, 337]","[52, 37, None]",2,1,0,0,0,0
19,45387,1000,3,thrust,SS2,10,260930403,"[155, 321, 614]","[55, 21, None]",2,1,1,1,0,0
20,45399,1000,4,thrust,SS2,10,260930403,"[140, 408, 531]","[40, None, 31]",2,1,1,1,0,0
21,45531,1000,5,thrust,SS2,10,260930403,"[138, 357, 529]","[38, 57, 29]",3,0,0,0,0,0
22,45542,1000,6,thrust,SS2,10,260930403,"[130, 255, 521, 617]","[30, None, 21]",2,1,2,1,0,1
23,45564,1000,7,thrust,SS2,10,260930403,"[120, 212, 388, 531]","[20, None, 31]",2,1,2,2,0,0
24,45578,1000,0,thrust,SS2,10,260930403,"[479, 697]","[None, None, None]",0,3,2,0,0,2
25,45660,1000,1,thrust,SS2,10,260930403,"[356, 577]","[None, 56, None]",1,2,1,1,0,0
26,45675,1000,2,thrust,SS2,10,260930403,"[223, 336, 534]","[None, 36, 34]",2,1,1,1,0,0
27,45677,1000,3,thrust,SS2,10,260930403,"[309, 407, 540]","[None, 9, 40]",2,1,1,1,0,0
28,47356,1000,4,thrust,SS2,10,260930403,"[138, 333, 577]","[38, 33, None]",2,1,1,1,0,0
29,47361,1000,5,thrust,SS2,10,260930403,"[135, 327, 548]","[35, 27, 48]",3,0,0,0,0,0
30,47362,1000,6,thrust,SS2,10,260930403,"[131, 332, 590]","[31, 32, None]",2,1,1,1,0,0
31,47367,1000,7,thrust,SS2,10,260930403,"[130, 328, 563]","[30, 28, None]",2,1,1,1,0,0
32,45189,1500,0,thrust,SS2,10,260930403,[257],"[None, None, None]",0,3,1,0,0,1
33,45383,1500,1,thrust,SS2,10,260930403,"[185, 473]","[None, None, None]",0,3,2,1,0,1
34,45408,1500,2,thrust,SS2,10,260930403,"[206, 567]","[None, None, None]",0,3,2,2,0,0
35,45686,1500,3,thrust,SS2,10,260930403,"[151, 481, 634]","[51, None, None]",1,2,2,1,0,1
36,45696,1500,4,thrust,SS2,10,260930403,"[331, 533]","[None, 31, 33]",2,1,0,0,0,0
37,46077,1500,5,thrust,SS2,10,260930403,"[335, 538]","[None, 35, 38]",2,1,0,0,0,0
38,47371,1500,6,thrust,SS2,10,260930403,"[332, 534]","[None, 32, 34]",2,1,0,0,0,0
39,47373,1500,7,thrust,SS2,10,260930403,"[329, 457, 547]","[None, 29, 47]",2,1,1,0,0,1
40,47397,1500,0,thrust,SS2,10,260930403,[],"[None, None, None]",0,3,0,0,0,0
41,47630,1500,1,thrust,SS2,10,260930403,"[193, 367]","[None, None, None]",0,3,2,2,0,0
42,47655,1500,2,thrust,SS2,10,260930403,"[156, 282, 450]","[56, None, None]",1,2,2,0,0,2
43,48143,1500,3,thrust,SS2,10,260930403,"[149, 331, 575]","[49, 31, None]",2,1,1,1,0,0
44,48276,1500,4,thrust,SS2,10,260930403,"[155, 540]","[55, None, 40]",2,1,0,0,0,0
45,48292,1500,5,thrust,SS2,10,260930403,"[139, 411, 533]","[39, None, 33]",2,1,1,1,0,0
46,48293,1500,6,thrust,SS2,10,260930403,"[145, 363, 531]","[45, None, 31]",2,1,1,1,0,0
47,48294,1500,7,thrust,SS2,10,260930403,"[137, 383, 529]","[37, None, 29]",2,1,1,1,0,0
48,45397,2000,0,thrust,SS2,10,260930403,[411],"[None, None, None]",0,3,1,1,0,0
49,45582,2000,1,thrust,SS2,10,260930403,"[359, 543]","[None, 59, 43]",2,1,0,0,0,0
50,46074,2000,2,thrust,SS2,10,260930403,"[352, 553]","[None, 52, 53]",2,1,0,0,0,0
51,46079,2000,3,thrust,SS2,10,260930403,"[337, 536]","[None, 37, 36]",2,1,0,0,0,0
52,46355,2000,4,thrust,SS2,10,260930403,"[148, 335, 587]","[48, 35, None]",2,1,1,1,0,0
53,48303,2000,5,thrust,SS2,10,260930403,"[183, 338, 554]","[None, 38, 54]",2,1,1,1,0,0
54,48304,2000,6,thrust,SS2,10,260930403,"[84, 174, 331, 554]","[None, 31, 54]",2,1,2,1,0,1
55,48306,2000,7,thrust,SS2,10,260930403,"[134, 320, 410, 557]","[34, 20, 57]",3,0,1,1,0,0
56,48311,2000,0,thrust,SS2,10,260930403,[],"[None, None, None]",0,3,0,0,0,0
57,48317,2000,1,thrust,SS2,10,260930403,"[228, 542]","[None, None, 42]",1,2,1,1,0,0
58,48321,2000,2,thrust,SS2,10,260930403,"[149, 342, 547]","[49, 42, 47]",3,0,0,0,0,0
59,48325,2000,3,thrust,SS2,10,260930403,"[154, 356, 534]","[54, 56, 34]",3,0,0,0,0,0
60,48330,2000,4,thrust,SS2,10,260930403,"[335, 524]","[None, 35, 24]",2,1,0,0,0,0
61,48331,2000,5,thrust,SS2,10,260930403,"[321, 411, 528, 667]","[None, 21, 28]",2,1,2,1,0,1
62,48582,2000,6,thrust,SS2,10,260930403,"[323, 415, 526]","[None, 23, 26]",2,1,1,1,0,0
63,48663,2000,7,thrust,SS2,10,260930403,"[327, 425, 520]","[None, 27, 20]",2,1,1,1,0,0
0,45197,500,0,thrust,SS8,10,260930403,"[283, 558]","[None, None, 58]",1,2,1,0,0,1
1,45693,500,1,thrust,SS8,10,260930403,"[195, 339, 534]","[None, 39, 34]",2,1,1,1,0,0
2,47377,500,2,thrust,SS8,10,260930403,"[150, 325, 476, 566, 661]","[50, 25, None]",2,1,3,1,0,2
3,47389,500,3,thrust,SS8,10,260930403,"[153, 331, 523, 649]","[53, 31, 23]",3,0,1,1,0,0
4,47390,500,4,thrust,SS8,10,260930403,"[118, 208, 301, 402, 582]","[18, 1, None]",2,1,3,3,0,0
5,47391,500,5,thrust,SS8,10,260930403,"[124, 216, 314, 404, 500]","[24, 14, None]",2,1,3,2,0,1
6,47650,500,6,thrust,SS8,10,260930403,"[120, 210, 321, 411, 513]","[20, 21, 13]",3,0,2,2,0,0
7,48287,500,7,thrust,SS8,10,260930403,"[120, 210, 326, 695]","[20, 26, None]",2,1,2,1,0,1
8,48291,500,0,thrust,SS8,10,260930403,"[160, 536]","[60, None, 36]",2,1,0,0,0,0
9,48687,500,1,thrust,SS8,10,260930403,"[140, 410, 547]","[40, None, 47]",2,1,1,1,0,0
10,51862,500,2,thrust,SS8,10,260930403,"[129, 250, 425, 553]","[29, None, 53]",2,1,2,1,0,1
11,51867,500,3,thrust,SS8,10,260930403,"[118, 216, 381, 534]","[18, None, 34]",2,1,2,2,0,0
12,52471,500,4,thrust,SS8,10,260930403,"[156, 317, 412, 538]","[56, 17, 38]",3,0,1,1,0,0
13,52472,500,5,thrust,SS8,10,260930403,"[142, 328, 525]","[42, 28, 25]",3,0,0,0,0,0
14,52482,500,6,thrust,SS8,10,260930403,"[138, 318, 408, 519, 612]","[38, 18, 19]",3,0,2,2,0,0
15,52484,500,7,thrust,SS8,10,260930403,"[132, 319, 409, 527]","[32, 19, 27]",3,0,1,1,0,0
16,45187,1000,0,thrust,SS8,10,260930403,[367],"[None, None, None]",0,3,1,1,0,0
17,45235,1000,1,thrust,SS8,10,260930403,"[178, 333, 667]","[None, 33, None]",1,2,2,1,0,1
18,45377,1000,2,thrust,SS8,10,260930403,"[153, 333, 504]","[53, 33, 4]",3,0,0,0,0,0
19,45387,1000,3,thrust,SS8,10,260930403,"[69, 182, 276, 366, 586]","[None, None, None]",0,3,5,3,0,2
20,45399,1000,4,thrust,SS8,10,260930403,"[126, 255, 529]","[26, None, 29]",2,1,1,0,0,1
21,45531,1000,5,thrust,SS8,10,260930403,"[124, 214, 355, 529, 671]","[24, 55, 29]",3,0,2,1,0,1
22,45542,1000,6,thrust,SS8,10,260930403,"[123, 248, 408, 520, 610]","[23, None, 20]",2,1,3,3,0,0
23,45564,1000,7,thrust,SS8,10,260930403,"[120, 210, 353, 462, 552]","[20, 53, 52]",3,0,2,1,0,1
24,45578,1000,0,thrust,SS8,10,260930403,"[427, 588]","[None, None, None]",0,3,2,2,0,0
25,45660,1000,1,thrust,SS8,10,260930403,"[344, 533]","[None, 44, 33]",2,1,0,0,0,0
26,45675,1000,2,thrust,SS8,10,260930403,"[208, 333, 534]","[None, 33, 34]",2,1,1,1,0,0
27,45677,1000,3,thrust,SS8,10,260930403,"[245, 339, 535]","[None, 39, 35]",2,1,1,1,0,0
28,47356,1000,4,thrust,SS8,10,260930403,"[124, 233, 323, 419, 580]","[24, 23, None]",2,1,3,3,0,0
29,47361,1000,5,thrust,SS8,10,260930403,"[129, 327, 421, 536]","[29, 27, 36]",3,0,1,1,0,0
30,47362,1000,6,thrust,SS8,10,260930403,"[122, 212, 332, 570]","[22, 32, None]",2,1,2,2,0,0
31,47367,1000,7,thrust,SS8,10,260930403,"[127, 223, 329, 462]","[27, 29, None]",2,1,2,1,0,1
32,45189,1500,0,thrust,SS8,10,260930403,[530],"[None, None, 30]",1,2,0,0,0,0
33,45383,1500,1,thrust,SS8,10,260930403,"[171, 400, 588]","[None, None, None]",0,3,3,3,0,0
34,45408,1500,2,thrust,SS8,10,260930403,"[157, 422, 567]","[57, None, None]",1,2,2,2,0,0
35,45686,1500,3,thrust,SS8,10,260930403,"[142, 393, 537]","[42, None, 37]",2,1,1,1,0,0
36,45696,1500,4,thrust,SS8,10,260930403,"[276, 368, 533]","[None, None, 33]",1,2,2,1,0,1
37,46077,1500,5,thrust,SS8,10,260930403,"[84, 331, 531]","[None, 31, 31]",2,1,1,0,0,1
38,47371,1500,6,thrust,SS8,10,260930403,"[332, 534]","[None, 32, 34]",2,1,0,0,0,0
39,47373,1500,7,thrust,SS8,10,260930403,"[241, 331, 458, 548]","[None, 31, 48]",2,1,2,1,0,1
40,47397,1500,0,thrust,SS8,10,260930403,[503],"[None, None, 3]",1,2,0,0,0,0
41,47630,1500,1,thrust,SS8,10,260930403,"[192, 348]","[None, 48, None]",1,2,1,1,0,0
42,47655,1500,2,thrust,SS8,10,260930403,"[147, 353, 629]","[47, 53, None]",2,1,1,1,0,0
43,48143,1500,3,thrust,SS8,10,260930403,"[140, 321, 434, 684]","[40, 21, None]",2,1,2,1,0,1
44,48276,1500,4,thrust,SS8,10,260930403,"[154, 423, 540]","[54, None, 40]",2,1,1,1,0,0
45,48292,1500,5,thrust,SS8,10,260930403,"[132, 379, 526, 616]","[32, None, 26]",2,1,2,2,0,0
46,48293,1500,6,thrust,SS8,10,260930403,"[134, 364, 527, 641]","[34, None, 27]",2,1,2,2,0,0
47,48294,1500,7,thrust,SS8,10,260930403,"[134, 355, 525, 615]","[34, 55, 25]",3,0,1,1,0,0
48,45397,2000,0,thrust,SS8,10,260930403,"[359, 663]","[None, 59, None]",1,2,1,0,0,1
49,45582,2000,1,thrust,SS8,10,260930403,"[343, 544]","[None, 43, 44]",2,1,0,0,0,0
50,46074,2000,2,thrust,SS8,10,260930403,"[347, 460, 550]","[None, 47, 50]",2,1,1,0,0,1
51,46079,2000,3,thrust,SS8,10,260930403,"[337, 526]","[None, 37, 26]",2,1,0,0,0,0
52,46355,2000,4,thrust,SS8,10,260930403,"[140, 327, 474]","[40, 27, None]",2,1,1,0,0,1
53,48303,2000,5,thrust,SS8,10,260930403,"[162, 328, 421, 542]","[None, 28, 42]",2,1,2,2,0,0
54,48304,2000,6,thrust,SS8,10,260930403,"[128, 318, 408, 546]","[28, 18, 46]",3,0,1,1,0,0
55,48306,2000,7,thrust,SS8,10,260930403,"[134, 319, 409, 546]","[34, 19, 46]",3,0,1,1,0,0
56,48311,2000,0,thrust,SS8,10,260930403,"[281, 596]","[None, None, None]",0,3,2,1,0,1
57,48317,2000,1,thrust,SS8,10,260930403,"[172, 458, 568]","[None, None, None]",0,3,3,2,0,1
58,48321,2000,2,thrust,SS8,10,260930403,"[147, 346, 539]","[47, 46, 39]",3,0,0,0,0,0
59,48325,2000,3,thrust,SS8,10,260930403,"[155, 285, 383, 529]","[55, None, 29]",2,1,2,1,0,1
60,48330,2000,4,thrust,SS8,10,260930403,"[332, 434, 524]","[None, 32, 24]",2,1,1,1,0,0
61,48331,2000,5,thrust,SS8,10,260930403,"[321, 411, 523, 668]","[None, 21, 23]",2,1,2,1,0,1
62,48582,2000,6,thrust,SS8,10,260930403,"[325, 415, 519, 620]","[None, 25, 19]",2,1,2,2,0,0
63,48663,2000,7,thrust,SS8,10,260930403,"[141, 326, 421, 523, 613]","[41, 26, 23]",3,0,2,2,0,0
0,45197,500,0,thrust,SS30,10,260930403,"[291, 556]","[None, None, 56]",1,2,1,0,0,1
1,45693,500,1,thrust,SS30,10,260930403,"[172, 341, 538]","[None, 41, 38]",2,1,1,1,0,0
2,47377,500,2,thrust,SS30,10,260930403,"[160, 328, 455, 545, 635]","[60, 28, 45]",3,0,2,1,0,1
3,47389,500,3,thrust,SS30,10,260930403,"[152, 331, 523, 614]","[52, 31, 23]",3,0,1,1,0,0
4,47390,500,4,thrust,SS30,10,260930403,"[120, 210, 300, 390, 585]","[20, None, None]",1,2,4,3,0,1
5,47391,500,5,thrust,SS30,10,260930403,"[87, 177, 267, 357, 447, 537, 697]","[None, 57, 37]",2,1,5,2,0,3
6,47650,500,6,thrust,SS30,10,260930403,"[124, 214, 304, 394, 484, 577]","[24, 4, None]",2,1,4,3,0,1
7,48287,500,7,thrust,SS30,10,260930403,"[125, 215, 305, 395, 485]","[25, 5, None]",2,1,3,2,0,1
8,48291,500,0,thrust,SS30,10,260930403,"[162, 535]","[None, None, 35]",1,2,1,1,0,0
9,48687,500,1,thrust,SS30,10,260930403,"[141, 381, 548, 656]","[41, None, 48]",2,1,2,1,0,1
10,51862,500,2,thrust,SS30,10,260930403,"[135, 377, 551]","[35, None, 51]",2,1,1,1,0,0
11,51867,500,3,thrust,SS30,10,260930403,"[122, 212, 361, 537]","[22, None, 37]",2,1,2,2,0,0
12,52471,500,4,thrust,SS30,10,260930403,"[156, 320, 410, 535]","[56, 20, 35]",3,0,1,1,0,0
13,52472,500,5,thrust,SS30,10,260930403,"[142, 326, 416, 535]","[42, 26, 35]",3,0,1,1,0,0
14,52482,500,6,thrust,SS30,10,260930403,"[138, 320, 410, 500, 590, 680]","[38, 20, None]",2,1,4,2,0,2
15,52484,500,7,thrust,SS30,10,260930403,"[134, 323, 413, 503, 593, 683]","[34, 23, 3]",3,0,3,2,0,1
16,45187,1000,0,thrust,SS30,10,260930403,[320],"[None, 20, None]",1,2,0,0,0,0
17,45235,1000,1,thrust,SS30,10,260930403,"[154, 334, 594]","[54, 34, None]",2,1,1,1,0,0
18,45377,1000,2,thrust,SS30,10,260930403,"[146, 337, 620]","[46, 37, None]",2,1,1,1,0,0
19,45387,1000,3,thrust,SS30,10,260930403,"[142, 336, 586]","[42, 36, None]",2,1,1,1,0,0
20,45399,1000,4,thrust,SS30,10,260930403,"[128, 255, 419, 531]","[28, None, 31]",2,1,2,1,0,1
21,45531,1000,5,thrust,SS30,10,260930403,"[127, 217, 348, 533]","[27, 48, 33]",3,0,1,1,0,0
22,45542,1000,6,thrust,SS30,10,260930403,"[129, 256, 423, 524, 614]","[29, None, 24]",2,1,3,2,0,1
23,45564,1000,7,thrust,SS30,10,260930403,"[120, 210, 330, 530]","[20, 30, 30]",3,0,1,1,0,0
24,45578,1000,0,thrust,SS30,10,260930403,"[372, 586]","[None, None, None]",0,3,2,2,0,0
25,45660,1000,1,thrust,SS30,10,260930403,"[344, 552]","[None, 44, 52]",2,1,0,0,0,0
26,45675,1000,2,thrust,SS30,10,260930403,"[190, 328, 495, 585]","[None, 28, None]",1,2,3,2,0,1
27,45677,1000,3,thrust,SS30,10,260930403,"[214, 329, 454, 544, 687]","[None, 29, 44]",2,1,3,1,0,2
28,47356,1000,4,thrust,SS30,10,260930403,"[127, 217, 332, 567, 671]","[27, 32, None]",2,1,3,2,0,1
29,47361,1000,5,thrust,SS30,10,260930403,"[131, 241, 331, 423, 547]","[31, 31, 47]",3,0,2,2,0,0
30,47362,1000,6,thrust,SS30,10,260930403,"[128, 218, 329, 451, 586]","[28, 29, None]",2,1,3,2,0,1
31,47367,1000,7,thrust,SS30,10,260930403,"[124, 214, 305, 395, 485]","[24, 5, None]",2,1,3,2,0,1
32,45189,1500,0,thrust,SS30,10,260930403,"[222, 621]","[None, None, None]",0,3,2,2,0,0
33,45383,1500,1,thrust,SS30,10,260930403,"[154, 366, 569]","[54, None, None]",1,2,2,2,0,0
34,45408,1500,2,thrust,SS30,10,260930403,"[142, 416, 561]","[42, None, None]",1,2,2,2,0,0
35,45686,1500,3,thrust,SS30,10,260930403,"[142, 388, 533]","[42, None, 33]",2,1,1,1,0,0
36,45696,1500,4,thrust,SS30,10,260930403,"[230, 335, 530]","[None, 35, 30]",2,1,1,1,0,0
37,46077,1500,5,thrust,SS30,10,260930403,"[232, 336, 439, 544]","[None, 36, 44]",2,1,2,2,0,0
38,47371,1500,6,thrust,SS30,10,260930403,"[332, 532]","[None, 32, 32]",2,1,0,0,0,0
39,47373,1500,7,thrust,SS30,10,260930403,"[211, 331, 462, 552, 642]","[None, 31, 52]",2,1,3,2,0,1
40,47397,1500,0,thrust,SS30,10,260930403,"[288, 521]","[None, None, 21]",1,2,1,0,0,1
41,47630,1500,1,thrust,SS30,10,260930403,"[192, 349]","[None, 49, None]",1,2,1,1,0,0
42,47655,1500,2,thrust,SS30,10,260930403,"[148, 294, 384, 680]","[48, None, None]",1,2,3,1,0,2
43,48143,1500,3,thrust,SS30,10,260930403,"[143, 330, 438, 581]","[43, 30, None]",2,1,2,2,0,0
44,48276,1500,4,thrust,SS30,10,260930403,"[156, 417, 541]","[56, None, 41]",2,1,1,1,0,0
45,48292,1500,5,thrust,SS30,10,260930403,"[131, 369, 459, 549, 658]","[31, None, 49]",2,1,3,1,0,2
46,48293,1500,6,thrust,SS30,10,260930403,"[128, 218, 356, 530, 660]","[28, 56, 30]",3,0,2,1,0,1
47,48294,1500,7,thrust,SS30,10,260930403,"[133, 291, 528, 623]","[33, None, 28]",2,1,2,1,0,1
48,45397,2000,0,thrust,SS30,10,260930403,"[353, 613]","[None, 53, None]",1,2,1,1,0,0
49,45582,2000,1,thrust,SS30,10,260930403,"[348, 534]","[None, 48, 34]",2,1,0,0,0,0
50,46074,2000,2,thrust,SS30,10,260930403,"[340, 538, 646]","[None, 40, 38]",2,1,1,1,0,0
51,46079,2000,3,thrust,SS30,10,260930403,"[337, 535]","[None, 37, 35]",2,1,0,0,0,0
52,46355,2000,4,thrust,SS30,10,260930403,"[141, 331, 473, 695]","[41, 31, None]",2,1,2,0,0,2
53,48303,2000,5,thrust,SS30,10,260930403,"[150, 240, 330, 423, 549]","[50, 30, 49]",3,0,2,2,0,0
54,48304,2000,6,thrust,SS30,10,260930403,"[128, 231, 330, 420, 552, 689]","[28, 30, 52]",3,0,3,2,0,1
55,48306,2000,7,thrust,SS30,10,260930403,"[134, 321, 411, 546]","[34, 21, 46]",3,0,1,1,0,0
56,48311,2000,0,thrust,SS30,10,260930403,"[282, 562]","[None, None, None]",0,3,2,1,0,1
57,48317,2000,1,thrust,SS30,10,260930403,"[169, 457, 547]","[None, None, 47]",1,2,2,1,0,1
58,48321,2000,2,thrust,SS30,10,260930403,"[149, 344, 540]","[49, 44, 40]",3,0,0,0,0,0
59,48325,2000,3,thrust,SS30,10,260930403,"[139, 352, 533]","[39, 52, 33]",3,0,0,0,0,0
60,48330,2000,4,thrust,SS30,10,260930403,"[253, 343, 530]","[None, 43, 30]",2,1,1,0,0,1
61,48331,2000,5,thrust,SS30,10,260930403,"[327, 417, 528]","[None, 27, 28]",2,1,1,1,0,0
62,48582,2000,6,thrust,SS30,10,260930403,"[238, 328, 418, 525, 636]","[None, 28, 25]",2,1,3,3,0,0
63,48663,2000,7,thrust,SS30,10,260930403,"[203, 328, 418, 527, 617]","[None, 28, 27]",2,1,3,3,0,0
0,45197,500,0,thrust,MSC16,10,260930403,"[284, 557]","[None, None, 57]",1,2,1,0,0,1
1,45693,500,1,thrust,MSC16,10,260930403,"[162, 339, 535]","[None, 39, 35]",2,1,1,1,0,0
2,47377,500,2,thrust,MSC16,10,260930403,"[158, 325, 459, 549]","[58, 25, 49]",3,0,1,0,0,1
3,47389,500,3,thrust,MSC16,10,260930403,"[146, 331, 523]","[46, 31, 23]",3,0,0,0,0,0
4,47390,500,4,thrust,MSC16,10,260930403,"[120, 210, 305, 402, 587]","[20, 5, None]",2,1,3,3,0,0
5,47391,500,5,thrust,MSC16,10,260930403,"[124, 216, 314, 404, 494, 608]","[24, 14, None]",2,1,4,3,0,1
6,47650,500,6,thrust,MSC16,10,260930403,"[120, 210, 300, 390, 480, 578]","[20, None, None]",1,2,5,3,0,2
7,48287,500,7,thrust,MSC16,10,260930403,"[122, 212, 323, 415]","[22, 23, None]",2,1,2,2,0,0
8,48291,500,0,thrust,MSC16,10,260930403,"[163, 536]","[None, None, 36]",1,2,1,1,0,0
9,48687,500,1,thrust,MSC16,10,260930403,"[140, 382, 547, 666]","[40, None, 47]",2,1,2,1,0,1
10,51862,500,2,thrust,MSC16,10,260930403,"[129, 257, 549]","[29, None, 49]",2,1,1,0,0,1
11,51867,500,3,thrust,MSC16,10,260930403,"[121, 216, 355, 534]","[21, 55, 34]",3,0,1,1,0,0
12,52471,500,4,thrust,MSC16,10,260930403,"[156, 319, 413, 536]","[56, 19, 36]",3,0,1,1,0,0
13,52472,500,5,thrust,MSC16,10,260930403,"[142, 327, 417, 536]","[42, 27, 36]",3,0,1,1,0,0
14,52482,500,6,thrust,MSC16,10,260930403,"[138, 318, 408, 498, 588, 678]","[38, 18, None]",2,1,4,2,0,2
15,52484,500,7,thrust,MSC16,10,260930403,"[132, 319, 409, 524, 614]","[32, 19, 24]",3,0,2,2,0,0
16,45187,1000,0,thrust,MSC16,10,260930403,[365],"[None, None, None]",0,3,1,1,0,0
17,45235,1000,1,thrust,MSC16,10,260930403,"[155, 336, 666]","[55, 36, None]",2,1,1,0,0,1
18,45377,1000,2,thrust,MSC16,10,260930403,"[152, 332, 504]","[52, 32, 4]",3,0,0,0,0,0
19,45387,1000,3,thrust,MSC16,10,260930403,"[136, 332, 586]","[36, 32, None]",2,1,1,1,0,0
20,45399,1000,4,thrust,MSC16,10,260930403,"[126, 255, 408, 529]","[26, None, 29]",2,1,2,1,0,1
21,45531,1000,5,thrust,MSC16,10,260930403,"[124, 216, 357, 529, 675]","[24, 57, 29]",3,0,2,1,0,1
22,45542,1000,6,thrust,MSC16,10,260930403,"[125, 254, 446, 536]","[25, None, 36]",2,1,2,1,0,1
23,45564,1000,7,thrust,MSC16,10,260930403,"[120, 210, 355, 462, 552]","[20, 55, 52]",3,0,2,1,0,1
24,45578,1000,0,thrust,MSC16,10,260930403,"[371, 595]","[None, None, None]",0,3,2,2,0,0
25,45660,1000,1,thrust,MSC16,10,260930403,"[344, 558, 699]","[None, 44, 58]",2,1,1,0,0,1
26,45675,1000,2,thrust,MSC16,10,260930403,"[209, 332, 534]","[None, 32, 34]",2,1,1,1,0,0
27,45677,1000,3,thrust,MSC16,10,260930403,"[245, 335, 532]","[None, 35, 32]",2,1,1,1,0,0
28,47356,1000,4,thrust,MSC16,10,260930403,"[125, 216, 323, 413, 572]","[25, 23, None]",2,1,3,3,0,0
29,47361,1000,5,thrust,MSC16,10,260930403,"[130, 327, 417, 542]","[30, 27, 42]",3,0,1,1,0,0
30,47362,1000,6,thrust,MSC16,10,260930403,"[122, 212, 329, 447, 591]","[22, 29, None]",2,1,3,3,0,0
31,47367,1000,7,thrust,MSC16,10,260930403,"[127, 217, 329, 463, 640]","[27, 29, None]",2,1,3,2,0,1
32,45189,1500,0,thrust,MSC16,10,260930403,[530],"[None, None, 30]",1,2,0,0,0,0
33,45383,1500,1,thrust,MSC16,10,260930403,"[169, 401, 594]","[None, None, None]",0,3,3,3,0,0
34,45408,1500,2,thrust,MSC16,10,260930403,"[141, 421, 567]","[41, None, None]",1,2,2,2,0,0
35,45686,1500,3,thrust,MSC16,10,260930403,"[142, 414, 536]","[42, None, 36]",2,1,1,1,0,0
36,45696,1500,4,thrust,MSC16,10,260930403,"[284, 374, 533]","[None, None, 33]",1,2,2,1,0,1
37,46077,1500,5,thrust,MSC16,10,260930403,"[277, 367, 492, 582]","[None, None, None]",0,3,4,2,0,2
38,47371,1500,6,thrust,MSC16,10,260930403,"[332, 534]","[None, 32, 34]",2,1,0,0,0,0
39,47373,1500,7,thrust,MSC16,10,260930403,"[215, 329, 458, 548]","[None, 29, 48]",2,1,2,1,0,1
40,47397,1500,0,thrust,MSC16,10,260930403,[508],"[None, None, 8]",1,2,0,0,0,0
41,47630,1500,1,thrust,MSC16,10,260930403,"[191, 348]","[None, 48, None]",1,2,1,1,0,0
42,47655,1500,2,thrust,MSC16,10,260930403,"[147, 293, 383, 631]","[47, None, None]",1,2,3,2,0,1
43,48143,1500,3,thrust,MSC16,10,260930403,"[140, 321, 416, 579]","[40, 21, None]",2,1,2,2,0,0
44,48276,1500,4,thrust,MSC16,10,260930403,"[155, 420, 536]","[55, None, 36]",2,1,1,1,0,0
45,48292,1500,5,thrust,MSC16,10,260930403,"[132, 376, 526, 616]","[32, None, 26]",2,1,2,2,0,0
46,48293,1500,6,thrust,MSC16,10,260930403,"[125, 215, 364, 528, 641]","[25, None, 28]",2,1,3,3,0,0
47,48294,1500,7,thrust,MSC16,10,260930403,"[131, 276, 461, 551, 652]","[31, None, 51]",2,1,3,0,0,3
48,45397,2000,0,thrust,MSC16,10,260930403,"[358, 664]","[None, 58, None]",1,2,1,0,0,1
49,45582,2000,1,thrust,MSC16,10,260930403,"[347, 543]","[None, 47, 43]",2,1,0,0,0,0
50,46074,2000,2,thrust,MSC16,10,260930403,"[347, 462, 552]","[None, 47, 52]",2,1,1,0,0,1
51,46079,2000,3,thrust,MSC16,10,260930403,"[334, 532]","[None, 34, 32]",2,1,0,0,0,0
52,46355,2000,4,thrust,MSC16,10,260930403,"[140, 326, 460, 600]","[40, 26, None]",2,1,2,1,0,1
53,48303,2000,5,thrust,MSC16,10,260930403,"[161, 331, 473, 569]","[None, 31, None]",1,2,3,2,0,1
54,48304,2000,6,thrust,MSC16,10,260930403,"[128, 231, 326, 416, 547]","[28, 26, 47]",3,0,2,2,0,0
55,48306,2000,7,thrust,MSC16,10,260930403,"[134, 319, 409, 544]","[34, 19, 44]",3,0,1,1,0,0
56,48311,2000,0,thrust,MSC16,10,260930403,"[282, 557]","[None, None, 57]",1,2,1,0,0,1
57,48317,2000,1,thrust,MSC16,10,260930403,"[171, 466, 569]","[None, None, None]",0,3,3,2,0,1
58,48321,2000,2,thrust,MSC16,10,260930403,"[148, 343, 537]","[48, 43, 37]",3,0,0,0,0,0
59,48325,2000,3,thrust,MSC16,10,260930403,"[145, 346, 532]","[45, 46, 32]",3,0,0,0,0,0
60,48330,2000,4,thrust,MSC16,10,260930403,"[333, 524]","[None, 33, 24]",2,1,0,0,0,0
61,48331,2000,5,thrust,MSC16,10,260930403,"[322, 412, 524, 668]","[None, 22, 24]",2,1,2,1,0,1
62,48582,2000,6,thrust,MSC16,10,260930403,"[323, 413, 520, 622]","[None, 23, 20]",2,1,2,2,0,0
63,48663,2000,7,thrust,MSC16,10,260930403,"[238, 328, 418, 523, 613]","[None, 28, 23]",2,1,3,3,0,0
0,45197,500,0,thrust,MSC30,10,260930403,"[284, 556]","[None, None, 56]",1,2,1,0,0,1
1,45693,500,1,thrust,MSC30,10,260930403,"[172, 339, 535]","[None, 39, 35]",2,1,1,1,0,0
2,47377,500,2,thrust,MSC30,10,260930403,"[150, 325, 435, 537]","[50, 25, 37]",3,0,1,1,0,0
3,47389,500,3,thrust,MSC30,10,260930403,"[152, 331, 523, 615]","[52, 31, 23]",3,0,1,1,0,0
4,47390,500,4,thrust,MSC30,10,260930403,"[120, 210, 300, 394, 491]","[20, None, None]",1,2,4,2,0,2
5,47391,500,5,thrust,MSC30,10,260930403,"[88, 178, 268, 358, 448, 538, 698]","[None, 58, 38]",2,1,5,2,0,3
6,47650,500,6,thrust,MSC30,10,260930403,"[120, 210, 300, 390, 480, 577]","[20, None, None]",1,2,5,3,0,2
7,48287,500,7,thrust,MSC30,10,260930403,"[121, 211, 301, 391, 481]","[21, 1, None]",2,1,3,2,0,1
8,48291,500,0,thrust,MSC30,10,260930403,"[161, 535]","[None, None, 35]",1,2,1,1,0,0
9,48687,500,1,thrust,MSC30,10,260930403,"[140, 382, 547, 658]","[40, None, 47]",2,1,2,1,0,1
10,51862,500,2,thrust,MSC30,10,260930403,"[124, 223, 377, 551]","[24, None, 51]",2,1,2,2,0,0
11,51867,500,3,thrust,MSC30,10,260930403,"[121, 211, 361, 534]","[21, None, 34]",2,1,2,2,0,0
12,52471,500,4,thrust,MSC30,10,260930403,"[156, 317, 407, 500, 590, 680]","[56, 17, None]",2,1,4,2,0,2
13,52472,500,5,thrust,MSC30,10,260930403,"[142, 328, 418, 536]","[42, 28, 36]",3,0,1,1,0,0
14,52482,500,6,thrust,MSC30,10,260930403,"[138, 318, 408, 498, 588, 678]","[38, 18, None]",2,1,4,2,0,2
15,52484,500,7,thrust,MSC30,10,260930403,"[133, 319, 409, 499, 589, 679]","[33, 19, None]",2,1,4,2,0,2
16,45187,1000,0,thrust,MSC30,10,260930403,[322],"[None, 22, None]",1,2,0,0,0,0
17,45235,1000,1,thrust,MSC30,10,260930403,"[154, 335, 595]","[54, 35, None]",2,1,1,1,0,0
18,45377,1000,2,thrust,MSC30,10,260930403,"[147, 333, 504]","[47, 33, 4]",3,0,0,0,0,0
19,45387,1000,3,thrust,MSC30,10,260930403,"[130, 333, 587]","[30, 33, None]",2,1,1,1,0,0
20,45399,1000,4,thrust,MSC30,10,260930403,"[126, 251, 419, 530]","[26, None, 30]",2,1,2,1,0,1
21,45531,1000,5,thrust,MSC30,10,260930403,"[124, 214, 348, 529, 675]","[24, 48, 29]",3,0,2,1,0,1
22,45542,1000,6,thrust,MSC30,10,260930403,"[124, 251, 412, 521, 611]","[24, None, 21]",2,1,3,2,0,1
23,45564,1000,7,thrust,MSC30,10,260930403,"[120, 210, 330, 530]","[20, 30, 30]",3,0,1,1,0,0
24,45578,1000,0,thrust,MSC30,10,260930403,"[373, 588]","[None, None, None]",0,3,2,2,0,0
25,45660,1000,1,thrust,MSC30,10,260930403,"[344, 533]","[None, 44, 33]",2,1,0,0,0,0
26,45675,1000,2,thrust,MSC30,10,260930403,"[204, 329, 534]","[None, 29, 34]",2,1,1,1,0,0
27,45677,1000,3,thrust,MSC30,10,260930403,"[221, 329, 454, 544]","[None, 29, 44]",2,1,2,1,0,1
28,47356,1000,4,thrust,MSC30,10,260930403,"[124, 214, 322, 412, 572]","[24, 22, None]",2,1,3,3,0,0
29,47361,1000,5,thrust,MSC30,10,260930403,"[130, 241, 331, 423, 538]","[30, 31, 38]",3,0,2,2,0,0
30,47362,1000,6,thrust,MSC30,10,260930403,"[122, 212, 325, 416, 586]","[22, 25, None]",2,1,3,3,0,0
31,47367,1000,7,thrust,MSC30,10,260930403,"[124, 214, 305, 395, 485]","[24, 5, None]",2,1,3,2,0,1
32,45189,1500,0,thrust,MSC30,10,260930403,"[223, 623]","[None, None, None]",0,3,2,2,0,0
33,45383,1500,1,thrust,MSC30,10,260930403,"[164, 366, 569]","[None, None, None]",0,3,3,3,0,0
34,45408,1500,2,thrust,MSC30,10,260930403,"[145, 416, 562]","[45, None, None]",1,2,2,2,0,0
35,45686,1500,3,thrust,MSC30,10,260930403,"[142, 388, 534]","[42, None, 34]",2,1,1,1,0,0
36,45696,1500,4,thrust,MSC30,10,260930403,"[230, 335, 531]","[None, 35, 31]",2,1,1,1,0,0
37,46077,1500,5,thrust,MSC30,10,260930403,"[242, 332, 471, 561, 651]","[None, 32, None]",1,2,4,2,0,2
38,47371,1500,6,thrust,MSC30,10,260930403,"[332, 533]","[None, 32, 33]",2,1,0,0,0,0
39,47373,1500,7,thrust,MSC30,10,260930403,"[212, 329, 423, 530]","[None, 29, 30]",2,1,2,2,0,0
40,47397,1500,0,thrust,MSC30,10,260930403,[503],"[None, None, 3]",1,2,0,0,0,0
41,47630,1500,1,thrust,MSC30,10,260930403,"[192, 348]","[None, 48, None]",1,2,1,1,0,0
42,47655,1500,2,thrust,MSC30,10,260930403,"[147, 300, 390, 675]","[47, None, None]",1,2,3,1,0,2
43,48143,1500,3,thrust,MSC30,10,260930403,"[140, 321, 411, 576]","[40, 21, None]",2,1,2,2,0,0
44,48276,1500,4,thrust,MSC30,10,260930403,"[154, 417, 540]","[54, None, 40]",2,1,1,1,0,0
45,48292,1500,5,thrust,MSC30,10,260930403,"[132, 369, 526, 616]","[32, None, 26]",2,1,2,2,0,0
46,48293,1500,6,thrust,MSC30,10,260930403,"[128, 351, 526, 618]","[28, 51, 26]",3,0,1,1,0,0
47,48294,1500,7,thrust,MSC30,10,260930403,"[134, 352, 525, 615]","[34, 52, 25]",3,0,1,1,0,0
48,45397,2000,0,thrust,MSC30,10,260930403,"[354, 614]","[None, 54, None]",1,2,1,1,0,0
49,45582,2000,1,thrust,MSC30,10,260930403,"[344, 539]","[None, 44, 39]",2,1,0,0,0,0
50,46074,2000,2,thrust,MSC30,10,260930403,"[342, 538]","[None, 42, 38]",2,1,0,0,0,0
51,46079,2000,3,thrust,MSC30,10,260930403,"[337, 526]","[None, 37, 26]",2,1,0,0,0,0
52,46355,2000,4,thrust,MSC30,10,260930403,"[140, 327, 417, 577]","[40, 27, None]",2,1,2,2,0,0
53,48303,2000,5,thrust,MSC30,10,260930403,"[150, 240, 330, 484, 576]","[50, 30, None]",2,1,3,2,0,1
54,48304,2000,6,thrust,MSC30,10,260930403,"[128, 231, 330, 420, 546]","[28, 30, 46]",3,0,2,2,0,0
55,48306,2000,7,thrust,MSC30,10,260930403,"[134, 319, 409, 546]","[34, 19, 46]",3,0,1,1,0,0
56,48311,2000,0,thrust,MSC30,10,260930403,"[282, 565]","[None, None, None]",0,3,2,1,0,1
57,48317,2000,1,thrust,MSC30,10,260930403,"[170, 457, 547]","[None, None, 47]",1,2,2,1,0,1
58,48321,2000,2,thrust,MSC30,10,260930403,"[147, 346, 540]","[47, 46, 40]",3,0,0,0,0,0
59,48325,2000,3,thrust,MSC30,10,260930403,"[143, 347, 529]","[43, 47, 29]",3,0,0,0,0,0
60,48330,2000,4,thrust,MSC30,10,260930403,"[256, 346, 524, 660]","[None, 46, 24]",2,1,2,0,0,2
61,48331,2000,5,thrust,MSC30,10,260930403,"[321, 411, 501, 591]","[None, 21, 1]",2,1,2,2,0,0
62,48582,2000,6,thrust,MSC30,10,260930403,"[241, 331, 421, 524, 635]","[None, 31, 24]",2,1,3,3,0,0
63,48663,2000,7,thrust,MSC30,10,260930403,"[209, 327, 417, 523, 613]","[None, 27, 23]",2,1,3,3,0,0
0,45197,500,0,thrust,MSC10,10,260930403,"[285, 558]","[None, None, 58]",1,2,1,0,0,1
1,45693,500,1,thrust,MSC10,10,260930403,"[192, 341, 536]","[None, 41, 36]",2,1,1,1,0,0
2,47377,500,2,thrust,MSC10,10,260930403,"[168, 324, 435, 535]","[None, 24, 35]",2,1,2,2,0,0
3,47389,500,3,thrust,MSC10,10,260930403,"[153, 331, 522]","[53, 31, 22]",3,0,0,0,0,0
4,47390,500,4,thrust,MSC10,10,260930403,"[119, 209, 305, 403, 585]","[19, 5, None]",2,1,3,3,0,0
5,47391,500,5,thrust,MSC10,10,260930403,"[124, 215, 314, 404, 494, 608]","[24, 14, None]",2,1,4,3,0,1
6,47650,500,6,thrust,MSC10,10,260930403,"[120, 210, 322, 412, 514]","[20, 22, 14]",3,0,2,2,0,0
7,48287,500,7,thrust,MSC10,10,260930403,"[120, 210, 323, 422]","[20, 23, None]",2,1,2,2,0,0
8,48291,500,0,thrust,MSC10,10,260930403,"[161, 537]","[None, None, 37]",1,2,1,1,0,0
9,48687,500,1,thrust,MSC10,10,260930403,"[140, 411, 549]","[40, None, 49]",2,1,1,1,0,0
10,51862,500,2,thrust,MSC10,10,260930403,"[124, 246, 423, 553]","[24, None, 53]",2,1,2,2,0,0
11,51867,500,3,thrust,MSC10,10,260930403,"[117, 209, 356, 534]","[17, 56, 34]",3,0,1,1,0,0
12,52471,500,4,thrust,MSC10,10,260930403,"[155, 317, 408, 539]","[55, 17, 39]",3,0,1,1,0,0
13,52472,500,5,thrust,MSC10,10,260930403,"[141, 328, 526]","[41, 28, 26]",3,0,0,0,0,0
14,52482,500,6,thrust,MSC10,10,260930403,"[139, 318, 408, 498, 588, 678]","[39, 18, None]",2,1,4,2,0,2
15,52484,500,7,thrust,MSC10,10,260930403,"[132, 320, 410, 527]","[32, 20, 27]",3,0,1,1,0,0
16,45187,1000,0,thrust,MSC10,10,260930403,[361],"[None, None, None]",0,3,1,1,0,0
17,45235,1000,1,thrust,MSC10,10,260930403,"[176, 332, 669]","[None, 32, None]",1,2,2,1,0,1
18,45377,1000,2,thrust,MSC10,10,260930403,"[153, 332, 503]","[53, 32, 3]",3,0,0,0,0,0
19,45387,1000,3,thrust,MSC10,10,260930403,"[131, 332, 588]","[31, 32, None]",2,1,1,1,0,0
20,45399,1000,4,thrust,MSC10,10,260930403,"[128, 256, 527, 675]","[28, None, 27]",2,1,2,0,0,2
21,45531,1000,5,thrust,MSC10,10,260930403,"[124, 215, 356, 529, 672]","[24, 56, 29]",3,0,2,1,0,1
22,45542,1000,6,thrust,MSC10,10,260930403,"[123, 250, 408, 520, 610]","[23, None, 20]",2,1,3,2,0,1
23,45564,1000,7,thrust,MSC10,10,260930403,"[120, 210, 354, 462, 552]","[20, 54, 52]",3,0,2,1,0,1
24,45578,1000,0,thrust,MSC10,10,260930403,"[371, 589]","[None, None, None]",0,3,2,2,0,0
25,45660,1000,1,thrust,MSC10,10,260930403,"[334, 535]","[None, 34, 35]",2,1,0,0,0,0
26,45675,1000,2,thrust,MSC10,10,260930403,"[208, 333, 535]","[None, 33, 35]",2,1,1,1,0,0
27,45677,1000,3,thrust,MSC10,10,260930403,"[246, 338, 536]","[None, 38, 36]",2,1,1,1,0,0
28,47356,1000,4,thrust,MSC10,10,260930403,"[126, 233, 323, 419, 582]","[26, 23, None]",2,1,3,3,0,0
29,47361,1000,5,thrust,MSC10,10,260930403,"[130, 327, 421, 535]","[30, 27, 35]",3,0,1,1,0,0
30,47362,1000,6,thrust,MSC10,10,260930403,"[122, 212, 332, 568]","[22, 32, None]",2,1,2,2,0,0
31,47367,1000,7,thrust,MSC10,10,260930403,"[128, 228, 329, 565]","[28, 29, None]",2,1,2,2,0,0
32,45189,1500,0,thrust,MSC10,10,260930403,[530],"[None, None, 30]",1,2,0,0,0,0
33,45383,1500,1,thrust,MSC10,10,260930403,"[171, 401, 591]","[None, None, None]",0,3,3,3,0,0
34,45408,1500,2,thrust,MSC10,10,260930403,"[159, 424, 567]","[59, None, None]",1,2,2,2,0,0
35,45686,1500,3,thrust,MSC10,10,260930403,"[142, 394, 537]","[42, None, 37]",2,1,1,1,0,0
36,45696,1500,4,thrust,MSC10,10,260930403,"[325, 527]","[None, 25, 27]",2,1,0,0,0,0
37,46077,1500,5,thrust,MSC10,10,260930403,"[277, 367, 494, 584]","[None, None, None]",0,3,4,2,0,2
38,47371,1500,6,thrust,MSC10,10,260930403,"[332, 534]","[None, 32, 34]",2,1,0,0,0,0
39,47373,1500,7,thrust,MSC10,10,260930403,"[239, 329, 457, 547]","[None, 29, 47]",2,1,2,1,0,1
40,47397,1500,0,thrust,MSC10,10,260930403,[503],"[None, None, 3]",1,2,0,0,0,0
41,47630,1500,1,thrust,MSC10,10,260930403,"[192, 348]","[None, 48, None]",1,2,1,1,0,0
42,47655,1500,2,thrust,MSC10,10,260930403,"[145, 353, 625]","[45, 53, None]",2,1,1,1,0,0
43,48143,1500,3,thrust,MSC10,10,260930403,"[139, 328, 564]","[39, 28, None]",2,1,1,1,0,0
44,48276,1500,4,thrust,MSC10,10,260930403,"[155, 500, 590]","[55, None, None]",1,2,2,1,0,1
45,48292,1500,5,thrust,MSC10,10,260930403,"[131, 378, 526, 616]","[31, None, 26]",2,1,2,2,0,0
46,48293,1500,6,thrust,MSC10,10,260930403,"[134, 364, 529, 640]","[34, None, 29]",2,1,2,2,0,0
47,48294,1500,7,thrust,MSC10,10,260930403,"[130, 353, 525, 615]","[30, 53, 25]",3,0,1,1,0,0
48,45397,2000,0,thrust,MSC10,10,260930403,[360],"[None, 60, None]",1,2,0,0,0,0
49,45582,2000,1,thrust,MSC10,10,260930403,"[197, 360, 543]","[None, 60, 43]",2,1,1,1,0,0
50,46074,2000,2,thrust,MSC10,10,260930403,"[347, 462, 552]","[None, 47, 52]",2,1,1,0,0,1
51,46079,2000,3,thrust,MSC10,10,260930403,"[336, 526]","[None, 36, 26]",2,1,0,0,0,0
52,46355,2000,4,thrust,MSC10,10,260930403,"[140, 329, 498]","[40, 29, None]",2,1,1,0,0,1
53,48303,2000,5,thrust,MSC10,10,260930403,"[162, 328, 422, 542]","[None, 28, 42]",2,1,2,2,0,0
54,48304,2000,6,thrust,MSC10,10,260930403,"[85, 175, 268, 358, 545]","[None, 58, 45]",2,1,3,1,0,2
55,48306,2000,7,thrust,MSC10,10,260930403,"[133, 319, 409, 546]","[33, 19, 46]",3,0,1,1,0,0
56,48311,2000,0,thrust,MSC10,10,260930403,"[283, 551]","[None, None, 51]",1,2,1,0,0,1
57,48317,2000,1,thrust,MSC10,10,260930403,"[169, 483, 573]","[None, None, None]",0,3,3,2,0,1
58,48321,2000,2,thrust,MSC10,10,260930403,"[148, 346, 541]","[48, 46, 41]",3,0,0,0,0,0
59,48325,2000,3,thrust,MSC10,10,260930403,"[145, 283, 383, 532]","[45, None, 32]",2,1,2,1,0,1
60,48330,2000,4,thrust,MSC10,10,260930403,"[333, 524]","[None, 33, 24]",2,1,0,0,0,0
61,48331,2000,5,thrust,MSC10,10,260930403,"[321, 411, 523, 667]","[None, 21, 23]",2,1,2,1,0,1
62,48582,2000,6,thrust,MSC10,10,260930403,"[323, 413, 518, 618]","[None, 23, 18]",2,1,2,2,0,0
63,48663,2000,7,thrust,MSC10,10,260930403,"[139, 326, 421, 523, 613]","[39, 26, 23]",3,0,2,2,0,0
0,45197,500,0,thrust,SS2,15,260930401,[534],"[None, None, 34]",1,2,0,0,0,0
1,45693,500,1,thrust,SS2,15,260930401,"[175, 310, 401, 578]","[None, 10, None]",1,2,3,3,0,0
2,47377,500,2,thrust,SS2,15,260930401,"[171, 329, 546]","[None, 29, 46]",2,1,1,1,0,0
3,47389,500,3,thrust,SS2,15,260930401,"[151, 329, 531]","[51, 29, 31]",3,0,0,0,0,0
4,47390,500,4,thrust,SS2,15,260930401,"[118, 208, 327, 571]","[18, 27, None]",2,1,2,2,0,0
5,47391,500,5,thrust,SS2,15,260930401,"[121, 214, 317, 407, 498, 677]","[21, 17, None]",2,1,4,2,0,2
6,47650,500,6,thrust,SS2,15,260930401,"[120, 210, 323, 413]","[20, 23, None]",2,1,2,2,0,0
7,48287,500,7,thrust,SS2,15,260930401,"[115, 205, 316, 424]","[15, 16, None]",2,1,2,2,0,0
8,48291,500,0,thrust,SS2,15,260930401,[235],"[None, None, None]",0,3,1,1,0,0
9,48687,500,1,thrust,SS2,15,260930401,"[221, 538]","[None, None, 38]",1,2,1,1,0,0
10,51862,500,2,thrust,SS2,15,260930401,"[132, 375, 551]","[32, None, 51]",2,1,1,1,0,0
11,51867,500,3,thrust,SS2,15,260930401,"[122, 213, 421, 526]","[22, None, 26]",2,1,2,2,0,0
12,52471,500,4,thrust,SS2,15,260930401,"[152, 323, 541]","[52, 23, 41]",3,0,0,0,0,0
13,52472,500,5,thrust,SS2,15,260930401,"[132, 326, 521]","[32, 26, 21]",3,0,0,0,0,0
14,52482,500,6,thrust,SS2,15,260930401,"[142, 314, 404, 494, 584]","[42, 14, None]",2,1,3,2,0,1
15,52484,500,7,thrust,SS2,15,260930401,"[136, 316, 406, 509, 600]","[36, 16, 9]",3,0,2,2,0,0
16,45187,1000,0,thrust,SS2,15,260930401,[353],"[None, 53, None]",1,2,0,0,0,0
17,45235,1000,1,thrust,SS2,15,260930401,"[183, 346, 648]","[None, 46, None]",1,2,2,2,0,0
18,45377,1000,2,thrust,SS2,15,260930401,"[170, 336]","[None, 36, None]",1,2,1,1,0,0
19,45387,1000,3,thrust,SS2,15,260930401,"[137, 330, 633]","[37, 30, None]",2,1,1,1,0,0
20,45399,1000,4,thrust,SS2,15,260930401,"[129, 403, 525, 666]","[29, None, 25]",2,1,2,1,0,1
21,45531,1000,5,thrust,SS2,15,260930401,"[133, 346, 529]","[33, 46, 29]",3,0,0,0,0,0
22,45542,1000,6,thrust,SS2,15,260930401,"[130, 349, 522, 612]","[30, 49, 22]",3,0,1,1,0,0
23,45564,1000,7,thrust,SS2,15,260930401,"[124, 297, 520]","[24, None, 20]",2,1,1,0,0,1
24,45578,1000,0,thrust,SS2,15,260930401,"[352, 558]","[None, 52, 58]",2,1,0,0,0,0
25,45660,1000,1,thrust,SS2,15,260930401,"[357, 551]","[None, 57, 51]",2,1,0,0,0,0
26,45675,1000,2,thrust,SS2,15,260930401,"[192, 333, 540]","[None, 33, 40]",2,1,1,1,0,0
27,45677,1000,3,thrust,SS2,15,260930401,"[259, 349, 501, 591]","[None, 49, 1]",2,1,2,1,0,1
28,47356,1000,4,thrust,SS2,15,260930401,"[137, 326, 536]","[37, 26, 36]",3,0,0,0,0,0
29,47361,1000,5,thrust,SS2,15,260930401,"[133, 317, 407, 546]","[33, 17, 46]",3,0,1,1,0,0
30,47362,1000,6,thrust,SS2,15,260930401,"[126, 258, 348, 448]","[26, 48, None]",2,1,2,1,0,1
31,47367,1000,7,thrust,SS2,15,260930401,"[122, 212, 328, 437, 614]","[22, 28, None]",2,1,3,3,0,0
32,45189,1500,0,thrust,SS2,15,260930401,[636],"[None, None, None]",0,3,1,1,0,0
33,45383,1500,1,thrust,SS2,15,260930401,"[166, 398, 604]","[None, None, None]",0,3,3,3,0,0
34,45408,1500,2,thrust,SS2,15,260930401,"[159, 553]","[59, None, 53]",2,1,0,0,0,0
35,45686,1500,3,thrust,SS2,15,260930401,"[141, 414, 548]","[41, None, 48]",2,1,1,1,0,0
36,45696,1500,4,thrust,SS2,15,260930401,"[330, 531]","[None, 30, 31]",2,1,0,0,0,0
37,46077,1500,5,thrust,SS2,15,260930401,"[313, 403, 539]","[None, 13, 39]",2,1,1,1,0,0
38,47371,1500,6,thrust,SS2,15,260930401,"[329, 529, 686]","[None, 29, 29]",2,1,1,0,0,1
39,47373,1500,7,thrust,SS2,15,260930401,"[210, 325, 416, 529]","[None, 25, 29]",2,1,2,2,0,0
40,47397,1500,0,thrust,SS2,15,260930401,[519],"[None, None, 19]",1,2,0,0,0,0
41,47630,1500,1,thrust,SS2,15,260930401,"[194, 342]","[None, 42, None]",1,2,1,1,0,0
42,47655,1500,2,thrust,SS2,15,260930401,"[160, 367, 629]","[60, None, None]",1,2,2,2,0,0
43,48143,1500,3,thrust,SS2,15,260930401,"[141, 328, 554]","[41, 28, 54]",3,0,0,0,0,0
44,48276,1500,4,thrust,SS2,15,260930401,"[139, 515, 670]","[39, None, 15]",2,1,1,0,0,1
45,48292,1500,5,thrust,SS2,15,260930401,"[132, 374, 526]","[32, None, 26]",2,1,1,1,0,0
46,48293,1500,6,thrust,SS2,15,260930401,"[128, 369, 464, 554]","[28, None, 54]",2,1,2,1,0,1
47,48294,1500,7,thrust,SS2,15,260930401,"[131, 364, 526]","[31, None, 26]",2,1,1,1,0,0
48,45397,2000,0,thrust,SS2,15,260930401,[395],"[None, None, None]",0,3,1,1,0,0
49,45582,2000,1,thrust,SS2,15,260930401,"[342, 551]","[None, 42, 51]",2,1,0,0,0,0
50,46074,2000,2,thrust,SS2,15,260930401,"[331, 532]","[None, 31, 32]",2,1,0,0,0,0
51,46079,2000,3,thrust,SS2,15,260930401,"[339, 522]","[None, 39, 22]",2,1,0,0,0,0
52,46355,2000,4,thrust,SS2,15,260930401,"[138, 322, 412, 584]","[38, 22, None]",2,1,2,2,0,0
53,48303,2000,5,thrust,SS2,15,260930401,"[143, 325, 426, 551]","[43, 25, 51]",3,0,1,1,0,0
54,48304,2000,6,thrust,SS2,15,260930401,"[135, 328, 419, 557]","[35, 28, 57]",3,0,1,1,0,0
55,48306,2000,7,thrust,SS2,15,260930401,"[134, 325, 415, 547]","[34, 25, 47]",3,0,1,1,0,0
56,48311,2000,0,thrust,SS2,15,260930401,"[251, 623]","[None, None, None]",0,3,2,1,0,1
57,48317,2000,1,thrust,SS2,15,260930401,"[205, 487, 607]","[None, None, None]",0,3,3,2,0,1
58,48321,2000,2,thrust,SS2,15,260930401,"[162, 358, 535]","[None, 58, 35]",2,1,1,1,0,0
59,48325,2000,3,thrust,SS2,15,260930401,"[157, 247, 372, 529]","[57, None, 29]",2,1,2,2,0,0
60,48330,2000,4,thrust,SS2,15,260930401,"[333, 530]","[None, 33, 30]",2,1,0,0,0,0
61,48331,2000,5,thrust,SS2,15,260930401,"[321, 411, 522, 642]","[None, 21, 22]",2,1,2,2,0,0
62,48582,2000,6,thrust,SS2,15,260930401,"[321, 411, 519, 642]","[None, 21, 19]",2,1,2,2,0,0
63,48663,2000,7,thrust,SS2,15,260930401,"[194, 323, 413, 523]","[None, 23, 23]",2,1,2,2,0,0
0,45197,500,0,thrust,SS8,15,260930401,"[371, 603]","[None, None, None]",0,3,2,2,0,0
1,45693,500,1,thrust,SS8,15,260930401,"[177, 340, 479, 665]","[None, 40, None]",1,2,3,1,0,2
2,47377,500,2,thrust,SS8,15,260930401,"[161, 322, 428, 536]","[None, 22, 36]",2,1,2,2,0,0
3,47389,500,3,thrust,SS8,15,260930401,"[145, 329, 531]","[45, 29, 31]",3,0,0,0,0,0
4,47390,500,4,thrust,SS8,15,260930401,"[118, 208, 298, 388, 571]","[18, None, None]",1,2,4,3,0,1
5,47391,500,5,thrust,SS8,15,260930401,"[120, 210, 314, 404, 494, 594]","[20, 14, None]",2,1,4,3,0,1
6,47650,500,6,thrust,SS8,15,260930401,"[116, 206, 324, 414, 576]","[16, 24, None]",2,1,3,3,0,0
7,48287,500,7,thrust,SS8,15,260930401,"[115, 205, 302, 392, 490]","[15, 2, None]",2,1,3,2,0,1
8,48291,500,0,thrust,SS8,15,260930401,"[213, 602]","[None, None, None]",0,3,2,2,0,0
9,48687,500,1,thrust,SS8,15,260930401,"[132, 395, 539]","[32, None, 39]",2,1,1,1,0,0
10,51862,500,2,thrust,SS8,15,260930401,"[120, 212, 404, 548]","[20, None, 48]",2,1,2,2,0,0
11,51867,500,3,thrust,SS8,15,260930401,"[124, 214, 350, 527]","[24, 50, 27]",3,0,1,1,0,0
12,52471,500,4,thrust,SS8,15,260930401,"[148, 320, 410, 536]","[48, 20, 36]",3,0,1,1,0,0
13,52472,500,5,thrust,SS8,15,260930401,"[128, 326, 436, 529]","[28, 26, 29]",3,0,1,1,0,0
14,52482,500,6,thrust,SS8,15,260930401,"[138, 315, 405, 495, 585, 675]","[38, 15, None]",2,1,4,2,0,2
15,52484,500,7,thrust,SS8,15,260930401,"[137, 318, 408, 512, 602]","[37, 18, 12]",3,0,2,2,0,0
16,45187,1000,0,thrust,SS8,15,260930401,"[228, 425]","[None, None, None]",0,3,2,2,0,0
17,45235,1000,1,thrust,SS8,15,260930401,"[144, 346]","[44, 46, None]",2,1,0,0,0,0
18,45377,1000,2,thrust,SS8,15,260930401,"[121, 337, 626]","[21, 37, None]",2,1,1,1,0,0
19,45387,1000,3,thrust,SS8,15,260930401,"[134, 325, 435, 574]","[34, 25, None]",2,1,2,2,0,0
20,45399,1000,4,thrust,SS8,15,260930401,"[127, 403, 519, 609]","[27, None, 19]",2,1,2,2,0,0
21,45531,1000,5,thrust,SS8,15,260930401,"[130, 326, 528, 654]","[30, 26, 28]",3,0,1,0,0,1
22,45542,1000,6,thrust,SS8,15,260930401,"[131, 274, 519, 609]","[31, None, 19]",2,1,2,1,0,1
23,45564,1000,7,thrust,SS8,15,260930401,"[118, 208, 363, 516, 624]","[18, None, 16]",2,1,3,3,0,0
24,45578,1000,0,thrust,SS8,15,260930401,"[390, 559]","[None, None, 59]",1,2,1,1,0,0
25,45660,1000,1,thrust,SS8,15,260930401,"[351, 551]","[None, 51, 51]",2,1,0,0,0,0
26,45675,1000,2,thrust,SS8,15,260930401,"[180, 324, 429, 554]","[None, 24, 54]",2,1,2,2,0,0
27,45677,1000,3,thrust,SS8,15,260930401,"[203, 332, 529]","[None, 32, 29]",2,1,1,1,0,0
28,47356,1000,4,thrust,SS8,15,260930401,"[131, 327, 436, 574]","[31, 27, None]",2,1,2,2,0,0
29,47361,1000,5,thrust,SS8,15,260930401,"[127, 237, 327, 417, 545]","[27, 27, 45]",3,0,2,2,0,0
30,47362,1000,6,thrust,SS8,15,260930401,"[125, 215, 325, 454]","[25, 25, None]",2,1,2,1,0,1
31,47367,1000,7,thrust,SS8,15,260930401,"[121, 211, 323, 419, 573]","[21, 23, None]",2,1,3,3,0,0
32,45189,1500,0,thrust,SS8,15,260930401,[551],"[None, None, 51]",1,2,0,0,0,0
33,45383,1500,1,thrust,SS8,15,260930401,"[166, 319, 551]","[None, 19, 51]",2,1,1,1,0,0
34,45408,1500,2,thrust,SS8,15,260930401,"[159, 463, 564]","[59, None, None]",1,2,2,1,0,1
35,45686,1500,3,thrust,SS8,15,260930401,"[136, 395, 534]","[36, None, 34]",2,1,1,1,0,0
36,45696,1500,4,thrust,SS8,15,260930401,"[313, 409, 531]","[None, 13, 31]",2,1,1,1,0,0
37,46077,1500,5,thrust,SS8,15,260930401,"[278, 368, 458, 548]","[None, None, 48]",1,2,3,1,0,2
38,47371,1500,6,thrust,SS8,15,260930401,"[329, 520, 641]","[None, 29, 20]",2,1,1,1,0,0
39,47373,1500,7,thrust,SS8,15,260930401,"[213, 323, 413, 528, 635]","[None, 23, 28]",2,1,3,3,0,0
40,47397,1500,0,thrust,SS8,15,260930401,"[207, 523]","[None, None, 23]",1,2,1,1,0,0
41,47630,1500,1,thrust,SS8,15,260930401,"[182, 342]","[None, 42, None]",1,2,1,1,0,0
42,47655,1500,2,thrust,SS8,15,260930401,"[135, 341, 592]","[35, 41, None]",2,1,1,1,0,0
43,48143,1500,3,thrust,SS8,15,260930401,"[134, 327, 554]","[34, 27, 54]",3,0,0,0,0,0
44,48276,1500,4,thrust,SS8,15,260930401,"[139, 464, 554]","[39, None, 54]",2,1,1,0,0,1
45,48292,1500,5,thrust,SS8,15,260930401,"[131, 367, 521, 615]","[31, None, 21]",2,1,2,2,0,0
46,48293,1500,6,thrust,SS8,15,260930401,"[127, 344, 523, 613]","[27, 44, 23]",3,0,1,1,0,0
47,48294,1500,7,thrust,SS8,15,260930401,"[132, 360, 510, 600, 698]","[32, 60, 10]",3,0,2,1,0,1
48,45397,2000,0,thrust,SS8,15,260930401,"[373, 603]","[None, None, None]",0,3,2,2,0,0
49,45582,2000,1,thrust,SS8,15,260930401,"[341, 551]","[None, 41, 51]",2,1,0,0,0,0
50,46074,2000,2,thrust,SS8,15,260930401,"[332, 532]","[None, 32, 32]",2,1,0,0,0,0
51,46079,2000,3,thrust,SS8,15,260930401,"[329, 448, 538]","[None, 29, 38]",2,1,1,1,0,0
52,46355,2000,4,thrust,SS8,15,260930401,"[138, 321, 411, 547]","[38, 21, 47]",3,0,1,1,0,0
53,48303,2000,5,thrust,SS8,15,260930401,"[144, 323, 413, 551]","[44, 23, 51]",3,0,1,1,0,0
54,48304,2000,6,thrust,SS8,15,260930401,"[127, 258, 348, 535]","[27, 48, 35]",3,0,1,0,0,1
55,48306,2000,7,thrust,SS8,15,260930401,"[130, 324, 414, 547]","[30, 24, 47]",3,0,1,1,0,0
56,48311,2000,0,thrust,SS8,15,260930401,"[251, 603]","[None, None, None]",0,3,2,1,0,1
57,48317,2000,1,thrust,SS8,15,260930401,"[200, 429, 530]","[None, None, 30]",1,2,2,2,0,0
58,48321,2000,2,thrust,SS8,15,260930401,"[148, 358, 532]","[48, 58, 32]",3,0,0,0,0,0
59,48325,2000,3,thrust,SS8,15,260930401,"[142, 346, 526, 661]","[42, 46, 26]",3,0,1,0,0,1
60,48330,2000,4,thrust,SS8,15,260930401,"[251, 341, 530]","[None, 41, 30]",2,1,1,0,0,1
61,48331,2000,5,thrust,SS8,15,260930401,"[321, 411, 522, 647]","[None, 21, 22]",2,1,2,2,0,0
62,48582,2000,6,thrust,SS8,15,260930401,"[317, 407, 507, 597]","[None, 17, 7]",2,1,2,2,0,0
63,48663,2000,7,thrust,SS8,15,260930401,"[195, 324, 414, 519, 609]","[None, 24, 19]",2,1,3,3,0,0
0,45197,500,0,thrust,SS30,15,260930401,"[236, 469, 684]","[None, None, None]",0,3,3,1,0,2
1,45693,500,1,thrust,SS30,15,260930401,"[167, 300, 390, 480, 664]","[None, None, None]",0,3,5,2,0,3
2,47377,500,2,thrust,SS30,15,260930401,"[168, 325, 415, 535]","[None, 25, 35]",2,1,2,2,0,0
3,47389,500,3,thrust,SS30,15,260930401,"[145, 331, 528, 641]","[45, 31, 28]",3,0,1,1,0,0
4,47390,500,4,thrust,SS30,15,260930401,"[123, 213, 303, 393, 554]","[23, 3, 54]",3,0,2,2,0,0
5,47391,500,5,thrust,SS30,15,260930401,"[125, 215, 317, 407, 497, 596]","[25, 17, None]",2,1,4,3,0,1
6,47650,500,6,thrust,SS30,15,260930401,"[120, 210, 300, 390, 480, 570]","[20, None, None]",1,2,5,3,0,2
7,48287,500,7,thrust,SS30,15,260930401,"[120, 210, 300, 390, 480]","[20, None, None]",1,2,4,2,0,2
8,48291,500,0,thrust,SS30,15,260930401,"[177, 563]","[None, None, None]",0,3,2,2,0,0
9,48687,500,1,thrust,SS30,15,260930401,"[147, 381, 537]","[47, None, 37]",2,1,1,1,0,0
10,51862,500,2,thrust,SS30,15,260930401,"[126, 228, 383, 541]","[26, None, 41]",2,1,2,2,0,0
11,51867,500,3,thrust,SS30,15,260930401,"[129, 221, 364, 533]","[29, None, 33]",2,1,2,2,0,0
12,52471,500,4,thrust,SS30,15,260930401,"[148, 324, 414, 533]","[48, 24, 33]",3,0,1,1,0,0
13,52472,500,5,thrust,SS30,15,260930401,"[132, 328, 450, 540]","[32, 28, 40]",3,0,1,0,0,1
14,52482,500,6,thrust,SS30,15,260930401,"[137, 318, 408, 498, 588, 678]","[37, 18, None]",2,1,4,2,0,2
15,52484,500,7,thrust,SS30,15,260930401,"[137, 323, 413, 503, 593, 683]","[37, 23, 3]",3,0,3,2,0,1
16,45187,1000,0,thrust,SS30,15,260930401,"[232, 426]","[None, None, None]",0,3,2,2,0,0
17,45235,1000,1,thrust,SS30,15,260930401,"[149, 346, 489]","[49, 46, None]",2,1,1,0,0,1
18,45377,1000,2,thrust,SS30,15,260930401,"[139, 337, 627]","[39, 37, None]",2,1,1,1,0,0
19,45387,1000,3,thrust,SS30,15,260930401,"[139, 326, 446, 610]","[39, 26, None]",2,1,2,2,0,0
20,45399,1000,4,thrust,SS30,15,260930401,"[127, 217, 409, 527, 617]","[27, None, 27]",2,1,3,3,0,0
21,45531,1000,5,thrust,SS30,15,260930401,"[132, 289, 379, 529, 653]","[32, None, 29]",2,1,3,1,0,2
22,45542,1000,6,thrust,SS30,15,260930401,"[133, 273, 385, 525, 615]","[33, None, 25]",2,1,3,2,0,1
23,45564,1000,7,thrust,SS30,15,260930401,"[124, 214, 363, 525, 645]","[24, None, 25]",2,1,3,3,0,0
24,45578,1000,0,thrust,SS30,15,260930401,"[372, 462]","[None, None, None]",0,3,2,1,0,1
25,45660,1000,1,thrust,SS30,15,260930401,"[356, 477, 567]","[None, 56, None]",1,2,2,1,0,1
26,45675,1000,2,thrust,SS30,15,260930401,"[180, 331, 539]","[None, 31, 39]",2,1,1,1,0,0
27,45677,1000,3,thrust,SS30,15,260930401,"[202, 334, 533]","[None, 34, 33]",2,1,1,1,0,0
28,47356,1000,4,thrust,SS30,15,260930401,"[132, 330, 491]","[32, 30, None]",2,1,1,0,0,1
29,47361,1000,5,thrust,SS30,15,260930401,"[132, 259, 349, 439, 554]","[32, 49, 54]",3,0,2,1,0,1
30,47362,1000,6,thrust,SS30,15,260930401,"[126, 216, 327, 452, 556]","[26, 27, 56]",3,0,2,1,0,1
31,47367,1000,7,thrust,SS30,15,260930401,"[129, 222, 327, 420, 573]","[29, 27, None]",2,1,3,3,0,0
32,45189,1500,0,thrust,SS30,15,260930401,"[179, 598]","[None, None, None]",0,3,2,2,0,0
33,45383,1500,1,thrust,SS30,15,260930401,"[153, 378, 567, 684]","[53, None, None]",1,2,3,2,0,1
34,45408,1500,2,thrust,SS30,15,260930401,"[159, 395, 554]","[59, None, 54]",2,1,1,1,0,0
35,45686,1500,3,thrust,SS30,15,260930401,"[141, 384, 533]","[41, None, 33]",2,1,1,1,0,0
36,45696,1500,4,thrust,SS30,15,260930401,"[317, 423, 535]","[None, 17, 35]",2,1,1,1,0,0
37,46077,1500,5,thrust,SS30,15,260930401,"[204, 333, 530]","[None, 33, 30]",2,1,1,1,0,0
38,47371,1500,6,thrust,SS30,15,260930401,"[326, 529, 658]","[None, 26, 29]",2,1,1,0,0,1
39,47373,1500,7,thrust,SS30,15,260930401,"[206, 324, 414, 529, 633]","[None, 24, 29]",2,1,3,3,0,0
40,47397,1500,0,thrust,SS30,15,260930401,"[229, 442]","[None, None, None]",0,3,2,2,0,0
41,47630,1500,1,thrust,SS30,15,260930401,"[186, 343]","[None, 43, None]",1,2,1,1,0,0
42,47655,1500,2,thrust,SS30,15,260930401,"[135, 336, 595]","[35, 36, None]",2,1,1,1,0,0
43,48143,1500,3,thrust,SS30,15,260930401,"[136, 328, 457, 554]","[36, 28, 54]",3,0,1,0,0,1
44,48276,1500,4,thrust,SS30,15,260930401,"[142, 406, 544]","[42, None, 44]",2,1,1,1,0,0
45,48292,1500,5,thrust,SS30,15,260930401,"[136, 374, 526, 625]","[36, None, 26]",2,1,2,2,0,0
46,48293,1500,6,thrust,SS30,15,260930401,"[129, 241, 369, 527, 618]","[29, None, 27]",2,1,3,3,0,0
47,48294,1500,7,thrust,SS30,15,260930401,"[136, 358, 529, 640]","[36, 58, 29]",3,0,1,1,0,0
48,45397,2000,0,thrust,SS30,15,260930401,"[369, 584]","[None, None, None]",0,3,2,2,0,0
49,45582,2000,1,thrust,SS30,15,260930401,"[342, 534]","[None, 42, 34]",2,1,0,0,0,0
50,46074,2000,2,thrust,SS30,15,260930401,"[341, 537]","[None, 41, 37]",2,1,0,0,0,0
51,46079,2000,3,thrust,SS30,15,260930401,"[334, 535]","[None, 34, 35]",2,1,0,0,0,0
52,46355,2000,4,thrust,SS30,15,260930401,"[138, 326, 416, 548]","[38, 26, 48]",3,0,1,1,0,0
53,48303,2000,5,thrust,SS30,15,260930401,"[143, 331, 546]","[43, 31, 46]",3,0,0,0,0,0
54,48304,2000,6,thrust,SS30,15,260930401,"[134, 326, 416, 548]","[34, 26, 48]",3,0,1,1,0,0
55,48306,2000,7,thrust,SS30,15,260930401,"[130, 294, 384, 474, 566]","[30, None, None]",1,2,4,2,0,2
56,48311,2000,0,thrust,SS30,15,260930401,"[257, 567]","[None, None, None]",0,3,2,1,0,1
57,48317,2000,1,thrust,SS30,15,260930401,"[162, 424, 538]","[None, None, 38]",1,2,2,2,0,0
58,48321,2000,2,thrust,SS30,15,260930401,"[145, 358, 533]","[45, 58, 33]",3,0,0,0,0,0
59,48325,2000,3,thrust,SS30,15,260930401,"[145, 346, 530]","[45, 46, 30]",3,0,0,0,0,0
60,48330,2000,4,thrust,SS30,15,260930401,"[336, 531]","[None, 36, 31]",2,1,0,0,0,0
61,48331,2000,5,thrust,SS30,15,260930401,"[327, 417, 521, 631]","[None, 27, 21]",2,1,2,2,0,0
62,48582,2000,6,thrust,SS30,15,260930401,"[317, 407, 497, 587, 677]","[None, 17, None]",1,2,4,2,0,2
63,48663,2000,7,thrust,SS30,15,260930401,"[180, 328, 418, 522, 612]","[None, 28, 22]",2,1,3,3,0,0
0,45197,500,0,thrust,MSC16,15,260930401,"[371, 605]","[None, None, None]",0,3,2,2,0,0
1,45693,500,1,thrust,MSC16,15,260930401,"[175, 339, 551]","[None, 39, 51]",2,1,1,1,0,0
2,47377,500,2,thrust,MSC16,15,260930401,"[167, 322, 412, 535]","[None, 22, 35]",2,1,2,2,0,0
3,47389,500,3,thrust,MSC16,15,260930401,"[141, 330, 527]","[41, 30, 27]",3,0,0,0,0,0
4,47390,500,4,thrust,MSC16,15,260930401,"[120, 210, 300, 390, 570]","[20, None, None]",1,2,4,3,0,1
5,47391,500,5,thrust,MSC16,15,260930401,"[120, 210, 314, 404, 494, 595]","[20, 14, None]",2,1,4,3,0,1
6,47650,500,6,thrust,MSC16,15,260930401,"[117, 207, 297, 387, 477, 623]","[17, None, None]",1,2,5,3,0,2
7,48287,500,7,thrust,MSC16,15,260930401,"[115, 205, 298, 388, 478]","[15, None, None]",1,2,4,2,0,2
8,48291,500,0,thrust,MSC16,15,260930401,"[179, 602]","[None, None, None]",0,3,2,2,0,0
9,48687,500,1,thrust,MSC16,15,260930401,"[164, 373, 538]","[None, None, 38]",1,2,2,2,0,0
10,51862,500,2,thrust,MSC16,15,260930401,"[120, 210, 404, 547]","[20, None, 47]",2,1,2,2,0,0
11,51867,500,3,thrust,MSC16,15,260930401,"[124, 214, 358, 527]","[24, 58, 27]",3,0,1,1,0,0
12,52471,500,4,thrust,MSC16,15,260930401,"[147, 322, 412, 528]","[47, 22, 28]",3,0,1,1,0,0
13,52472,500,5,thrust,MSC16,15,260930401,"[128, 326, 436, 528]","[28, 26, 28]",3,0,1,1,0,0
14,52482,500,6,thrust,MSC16,15,260930401,"[137, 315, 405, 495, 585, 675]","[37, 15, None]",2,1,4,2,0,2
15,52484,500,7,thrust,MSC16,15,260930401,"[135, 317, 407, 497, 587, 677]","[35, 17, None]",2,1,4,2,0,2
16,45187,1000,0,thrust,MSC16,15,260930401,"[251, 445]","[None, None, None]",0,3,2,1,0,1
17,45235,1000,1,thrust,MSC16,15,260930401,"[147, 346, 661]","[47, 46, None]",2,1,1,0,0,1
18,45377,1000,2,thrust,MSC16,15,260930401,"[146, 336, 647]","[46, 36, None]",2,1,1,1,0,0
19,45387,1000,3,thrust,MSC16,15,260930401,"[137, 327, 436]","[37, 27, None]",2,1,1,1,0,0
20,45399,1000,4,thrust,MSC16,15,260930401,"[127, 402, 524, 614]","[27, None, 24]",2,1,2,2,0,0
21,45531,1000,5,thrust,MSC16,15,260930401,"[129, 223, 353, 529, 656]","[29, 53, 29]",3,0,2,1,0,1
22,45542,1000,6,thrust,MSC16,15,260930401,"[131, 273, 521, 611]","[31, None, 21]",2,1,2,1,0,1
23,45564,1000,7,thrust,MSC16,15,260930401,"[121, 211, 363, 519, 629]","[21, None, 19]",2,1,3,3,0,0
24,45578,1000,0,thrust,MSC16,15,260930401,"[390, 559]","[None, None, 59]",1,2,1,1,0,0
25,45660,1000,1,thrust,MSC16,15,260930401,"[352, 551]","[None, 52, 51]",2,1,0,0,0,0
26,45675,1000,2,thrust,MSC16,15,260930401,"[174, 328, 534]","[None, 28, 34]",2,1,1,1,0,0
27,45677,1000,3,thrust,MSC16,15,260930401,"[205, 332, 529]","[None, 32, 29]",2,1,1,1,0,0
28,47356,1000,4,thrust,MSC16,15,260930401,"[125, 215, 325, 415, 572]","[25, 25, None]",2,1,3,3,0,0
29,47361,1000,5,thrust,MSC16,15,260930401,"[128, 237, 327, 417, 544]","[28, 27, 44]",3,0,2,2,0,0
30,47362,1000,6,thrust,MSC16,15,260930401,"[123, 213, 324, 414, 591]","[23, 24, None]",2,1,3,3,0,0
31,47367,1000,7,thrust,MSC16,15,260930401,"[122, 212, 326, 420, 573]","[22, 26, None]",2,1,3,3,0,0
32,45189,1500,0,thrust,MSC16,15,260930401,[506],"[None, None, 6]",1,2,0,0,0,0
33,45383,1500,1,thrust,MSC16,15,260930401,"[159, 367, 554]","[59, None, 54]",2,1,1,1,0,0
34,45408,1500,2,thrust,MSC16,15,260930401,"[159, 407, 553]","[59, None, 53]",2,1,1,1,0,0
35,45686,1500,3,thrust,MSC16,15,260930401,"[138, 403, 533]","[38, None, 33]",2,1,1,1,0,0
36,45696,1500,4,thrust,MSC16,15,260930401,"[313, 415, 533]","[None, 13, 33]",2,1,1,1,0,0
37,46077,1500,5,thrust,MSC16,15,260930401,"[210, 330, 529]","[None, 30, 29]",2,1,1,1,0,0
38,47371,1500,6,thrust,MSC16,15,260930401,"[328, 527, 650]","[None, 28, 27]",2,1,1,0,0,1
39,47373,1500,7,thrust,MSC16,15,260930401,"[213, 324, 414, 528, 639]","[None, 24, 28]",2,1,3,3,0,0
40,47397,1500,0,thrust,MSC16,15,260930401,"[208, 531]","[None, None, 31]",1,2,1,1,0,0
41,47630,1500,1,thrust,MSC16,15,260930401,"[186, 343]","[None, 43, None]",1,2,1,1,0,0
42,47655,1500,2,thrust,MSC16,15,260930401,"[137, 342, 589]","[37, 42, None]",2,1,1,1,0,0
43,48143,1500,3,thrust,MSC16,15,260930401,"[135, 328, 551]","[35, 28, 51]",3,0,0,0,0,0
44,48276,1500,4,thrust,MSC16,15,260930401,"[139, 415, 541]","[39, None, 41]",2,1,1,1,0,0
45,48292,1500,5,thrust,MSC16,15,260930401,"[131, 367, 522, 617]","[31, None, 22]",2,1,2,2,0,0
46,48293,1500,6,thrust,MSC16,15,260930401,"[128, 297, 523, 613]","[28, None, 23]",2,1,2,1,0,1
47,48294,1500,7,thrust,MSC16,15,260930401,"[133, 356, 526, 621]","[33, 56, 26]",3,0,1,1,0,0
48,45397,2000,0,thrust,MSC16,15,260930401,"[374, 604]","[None, None, None]",0,3,2,2,0,0
49,45582,2000,1,thrust,MSC16,15,260930401,"[342, 551]","[None, 42, 51]",2,1,0,0,0,0
50,46074,2000,2,thrust,MSC16,15,260930401,"[332, 532]","[None, 32, 32]",2,1,0,0,0,0
51,46079,2000,3,thrust,MSC16,15,260930401,"[332, 532]","[None, 32, 32]",2,1,0,0,0,0
52,46355,2000,4,thrust,MSC16,15,260930401,"[138, 322, 412, 547]","[38, 22, 47]",3,0,1,1,0,0
53,48303,2000,5,thrust,MSC16,15,260930401,"[142, 325, 415, 544]","[42, 25, 44]",3,0,1,1,0,0
54,48304,2000,6,thrust,MSC16,15,260930401,"[128, 232, 331, 421, 538]","[28, 31, 38]",3,0,2,2,0,0
55,48306,2000,7,thrust,MSC16,15,260930401,"[127, 230, 325, 415, 545]","[27, 25, 45]",3,0,2,2,0,0
56,48311,2000,0,thrust,MSC16,15,260930401,"[252, 563]","[None, None, None]",0,3,2,1,0,1
57,48317,2000,1,thrust,MSC16,15,260930401,"[159, 427, 533]","[59, None, 33]",2,1,1,1,0,0
58,48321,2000,2,thrust,MSC16,15,260930401,"[145, 355, 530]","[45, 55, 30]",3,0,0,0,0,0
59,48325,2000,3,thrust,MSC16,15,260930401,"[141, 347, 527, 670]","[41, 47, 27]",3,0,1,0,0,1
60,48330,2000,4,thrust,MSC16,15,260930401,"[332, 531]","[None, 32, 31]",2,1,0,0,0,0
61,48331,2000,5,thrust,MSC16,15,260930401,"[321, 411, 515, 615]","[None, 21, 15]",2,1,2,2,0,0
62,48582,2000,6,thrust,MSC16,15,260930401,"[317, 407, 498, 588, 678]","[None, 17, None]",1,2,4,2,0,2
63,48663,2000,7,thrust,MSC16,15,260930401,"[184, 323, 413, 518, 608]","[None, 23, 18]",2,1,3,3,0,0
0,45197,500,0,thrust,MSC30,15,260930401,"[236, 470]","[None, None, None]",0,3,2,1,0,1
1,45693,500,1,thrust,MSC30,15,260930401,"[167, 300, 390, 480, 666]","[None, None, None]",0,3,5,2,0,3
2,47377,500,2,thrust,MSC30,15,260930401,"[169, 322, 412, 534]","[None, 22, 34]",2,1,2,2,0,0
3,47389,500,3,thrust,MSC30,15,260930401,"[145, 330, 528, 643]","[45, 30, 28]",3,0,1,1,0,0
4,47390,500,4,thrust,MSC30,15,260930401,"[120, 210, 300, 390, 554]","[20, None, 54]",2,1,3,2,0,1
5,47391,500,5,thrust,MSC30,15,260930401,"[120, 210, 315, 405, 495, 585]","[20, 15, None]",2,1,4,3,0,1
6,47650,500,6,thrust,MSC30,15,260930401,"[117, 207, 297, 387, 477, 567]","[17, None, None]",1,2,5,3,0,2
7,48287,500,7,thrust,MSC30,15,260930401,"[115, 205, 295, 385, 475]","[15, None, None]",1,2,4,2,0,2
8,48291,500,0,thrust,MSC30,15,260930401,"[177, 566]","[None, None, None]",0,3,2,2,0,0
9,48687,500,1,thrust,MSC30,15,260930401,"[147, 382, 537]","[47, None, 37]",2,1,1,1,0,0
10,51862,500,2,thrust,MSC30,15,260930401,"[126, 229, 385, 542]","[26, None, 42]",2,1,2,2,0,0
11,51867,500,3,thrust,MSC30,15,260930401,"[124, 214, 362, 527]","[24, None, 27]",2,1,2,2,0,0
12,52471,500,4,thrust,MSC30,15,260930401,"[148, 322, 412, 533]","[48, 22, 33]",3,0,1,1,0,0
13,52472,500,5,thrust,MSC30,15,260930401,"[128, 326, 416, 531]","[28, 26, 31]",3,0,1,1,0,0
14,52482,500,6,thrust,MSC30,15,260930401,"[137, 315, 405, 495, 585, 675]","[37, 15, None]",2,1,4,2,0,2
15,52484,500,7,thrust,MSC30,15,260930401,"[137, 317, 407, 497, 587, 677]","[37, 17, None]",2,1,4,2,0,2
16,45187,1000,0,thrust,MSC30,15,260930401,"[238, 428]","[None, None, None]",0,3,2,2,0,0
17,45235,1000,1,thrust,MSC30,15,260930401,"[147, 347, 489]","[47, 47, None]",2,1,1,0,0,1
18,45377,1000,2,thrust,MSC30,15,260930401,"[140, 336, 640]","[40, 36, None]",2,1,1,1,0,0
19,45387,1000,3,thrust,MSC30,15,260930401,"[137, 326, 435, 610]","[37, 26, None]",2,1,2,2,0,0
20,45399,1000,4,thrust,MSC30,15,260930401,"[127, 217, 409, 527, 617]","[27, None, 27]",2,1,3,3,0,0
21,45531,1000,5,thrust,MSC30,15,260930401,"[132, 325, 529, 656]","[32, 25, 29]",3,0,1,0,0,1
22,45542,1000,6,thrust,MSC30,15,260930401,"[131, 243, 369, 521, 611]","[31, None, 21]",2,1,3,3,0,0
23,45564,1000,7,thrust,MSC30,15,260930401,"[123, 213, 363, 519, 630]","[23, None, 19]",2,1,3,3,0,0
24,45578,1000,0,thrust,MSC30,15,260930401,"[372, 462]","[None, None, None]",0,3,2,1,0,1
25,45660,1000,1,thrust,MSC30,15,260930401,"[352, 551]","[None, 52, 51]",2,1,0,0,0,0
26,45675,1000,2,thrust,MSC30,15,260930401,"[180, 333, 540]","[None, 33, 40]",2,1,1,1,0,0
27,45677,1000,3,thrust,MSC30,15,260930401,"[206, 334, 530]","[None, 34, 30]",2,1,1,1,0,0
28,47356,1000,4,thrust,MSC30,15,260930401,"[132, 326, 416, 574]","[32, 26, None]",2,1,2,2,0,0
29,47361,1000,5,thrust,MSC30,15,260930401,"[128, 224, 322, 412, 502]","[28, 22, 2]",3,0,2,2,0,0
30,47362,1000,6,thrust,MSC30,15,260930401,"[125, 215, 325, 423, 556]","[25, 25, 56]",3,0,2,2,0,0
31,47367,1000,7,thrust,MSC30,15,260930401,"[122, 212, 302, 392, 482]","[22, 2, None]",2,1,3,2,0,1
32,45189,1500,0,thrust,MSC30,15,260930401,"[179, 604]","[None, None, None]",0,3,2,2,0,0
33,45383,1500,1,thrust,MSC30,15,260930401,"[154, 379, 567]","[54, None, None]",1,2,2,2,0,0
34,45408,1500,2,thrust,MSC30,15,260930401,"[159, 396, 554]","[59, None, 54]",2,1,1,1,0,0
35,45686,1500,3,thrust,MSC30,15,260930401,"[141, 385, 533]","[41, None, 33]",2,1,1,1,0,0
36,45696,1500,4,thrust,MSC30,15,260930401,"[313, 407, 533]","[None, 13, 33]",2,1,1,1,0,0
37,46077,1500,5,thrust,MSC30,15,260930401,"[205, 331, 529]","[None, 31, 29]",2,1,1,1,0,0
38,47371,1500,6,thrust,MSC30,15,260930401,"[326, 520, 610]","[None, 26, 20]",2,1,1,1,0,0
39,47373,1500,7,thrust,MSC30,15,260930401,"[209, 324, 414, 528, 632]","[None, 24, 28]",2,1,3,3,0,0
40,47397,1500,0,thrust,MSC30,15,260930401,"[208, 442, 596]","[None, None, None]",0,3,3,3,0,0
41,47630,1500,1,thrust,MSC30,15,260930401,"[186, 343]","[None, 43, None]",1,2,1,1,0,0
42,47655,1500,2,thrust,MSC30,15,260930401,"[136, 337, 595]","[36, 37, None]",2,1,1,1,0,0
43,48143,1500,3,thrust,MSC30,15,260930401,"[136, 328, 461, 554]","[36, 28, 54]",3,0,1,0,0,1
44,48276,1500,4,thrust,MSC30,15,260930401,"[139, 409, 541]","[39, None, 41]",2,1,1,1,0,0
45,48292,1500,5,thrust,MSC30,15,260930401,"[131, 367, 522, 616]","[31, None, 22]",2,1,2,2,0,0
46,48293,1500,6,thrust,MSC30,15,260930401,"[128, 240, 372, 524, 614]","[28, None, 24]",2,1,3,3,0,0
47,48294,1500,7,thrust,MSC30,15,260930401,"[133, 347, 526, 621]","[33, 47, 26]",3,0,1,1,0,0
48,45397,2000,0,thrust,MSC30,15,260930401,"[369, 586]","[None, None, None]",0,3,2,2,0,0
49,45582,2000,1,thrust,MSC30,15,260930401,"[342, 534]","[None, 42, 34]",2,1,0,0,0,0
50,46074,2000,2,thrust,MSC30,15,260930401,"[332, 532]","[None, 32, 32]",2,1,0,0,0,0
51,46079,2000,3,thrust,MSC30,15,260930401,"[332, 533]","[None, 32, 33]",2,1,0,0,0,0
52,46355,2000,4,thrust,MSC30,15,260930401,"[138, 322, 412, 548]","[38, 22, 48]",3,0,1,1,0,0
53,48303,2000,5,thrust,MSC30,15,260930401,"[143, 325, 415, 550]","[43, 25, 50]",3,0,1,1,0,0
54,48304,2000,6,thrust,MSC30,15,260930401,"[129, 319, 409, 548]","[29, 19, 48]",3,0,1,1,0,0
55,48306,2000,7,thrust,MSC30,15,260930401,"[130, 298, 388, 478, 568]","[30, None, None]",1,2,4,2,0,2
56,48311,2000,0,thrust,MSC30,15,260930401,"[252, 567]","[None, None, None]",0,3,2,1,0,1
57,48317,2000,1,thrust,MSC30,15,260930401,"[162, 427, 538]","[None, None, 38]",1,2,2,2,0,0
58,48321,2000,2,thrust,MSC30,15,260930401,"[146, 358, 532]","[46, 58, 32]",3,0,0,0,0,0
59,48325,2000,3,thrust,MSC30,15,260930401,"[146, 346, 527, 677]","[46, 46, 27]",3,0,1,0,0,1
60,48330,2000,4,thrust,MSC30,15,260930401,"[333, 531]","[None, 33, 31]",2,1,0,0,0,0
61,48331,2000,5,thrust,MSC30,15,260930401,"[321, 411, 511, 601]","[None, 21, 11]",2,1,2,2,0,0
62,48582,2000,6,thrust,MSC30,15,260930401,"[317, 407, 497, 587, 677]","[None, 17, None]",1,2,4,2,0,2
63,48663,2000,7,thrust,MSC30,15,260930401,"[182, 323, 413, 518, 608, 698]","[None, 23, 18]",2,1,4,3,0,1
0,45197,500,0,thrust,MSC10,15,260930401,"[235, 554]","[None, None, 54]",1,2,1,1,0,0
1,45693,500,1,thrust,MSC10,15,260930401,"[166, 338, 546]","[None, 38, 46]",2,1,1,1,0,0
2,47377,500,2,thrust,MSC10,15,260930401,"[162, 319, 409, 535]","[None, 19, 35]",2,1,2,2,0,0
3,47389,500,3,thrust,MSC10,15,260930401,"[139, 328, 527, 640]","[39, 28, 27]",3,0,1,1,0,0
4,47390,500,4,thrust,MSC10,15,260930401,"[119, 209, 299, 389, 571]","[19, None, None]",1,2,4,3,0,1
5,47391,500,5,thrust,MSC10,15,260930401,"[120, 210, 314, 404, 494, 595]","[20, 14, None]",2,1,4,3,0,1
6,47650,500,6,thrust,MSC10,15,260930401,"[117, 207, 297, 387, 477, 591]","[17, None, None]",1,2,5,3,0,2
7,48287,500,7,thrust,MSC10,15,260930401,"[115, 205, 300, 390, 480]","[15, None, None]",1,2,4,2,0,2
8,48291,500,0,thrust,MSC10,15,260930401,"[175, 547]","[None, None, 47]",1,2,1,1,0,0
9,48687,500,1,thrust,MSC10,15,260930401,"[222, 409, 539]","[None, None, 39]",1,2,2,2,0,0
10,51862,500,2,thrust,MSC10,15,260930401,"[117, 207, 404, 548]","[17, None, 48]",2,1,2,2,0,0
11,51867,500,3,thrust,MSC10,15,260930401,"[123, 213, 352, 526]","[23, 52, 26]",3,0,1,1,0,0
12,52471,500,4,thrust,MSC10,15,260930401,"[147, 321, 411, 532]","[47, 21, 32]",3,0,1,1,0,0
13,52472,500,5,thrust,MSC10,15,260930401,"[126, 326, 439, 529]","[26, 26, 29]",3,0,1,1,0,0
14,52482,500,6,thrust,MSC10,15,260930401,"[137, 314, 404, 494, 584, 674]","[37, 14, None]",2,1,4,2,0,2
15,52484,500,7,thrust,MSC10,15,260930401,"[137, 316, 406, 498, 588, 678]","[37, 16, None]",2,1,4,2,0,2
16,45187,1000,0,thrust,MSC10,15,260930401,"[230, 425]","[None, None, None]",0,3,2,2,0,0
17,45235,1000,1,thrust,MSC10,15,260930401,"[145, 346]","[45, 46, None]",2,1,0,0,0,0
18,45377,1000,2,thrust,MSC10,15,260930401,"[123, 337, 623]","[23, 37, None]",2,1,1,1,0,0
19,45387,1000,3,thrust,MSC10,15,260930401,"[135, 326, 435, 570]","[35, 26, None]",2,1,2,2,0,0
20,45399,1000,4,thrust,MSC10,15,260930401,"[128, 402, 525, 615]","[28, None, 25]",2,1,2,2,0,0
21,45531,1000,5,thrust,MSC10,15,260930401,"[128, 218, 352, 526, 649]","[28, 52, 26]",3,0,2,2,0,0
22,45542,1000,6,thrust,MSC10,15,260930401,"[130, 259, 455, 545, 635]","[30, None, 45]",2,1,3,1,0,2
23,45564,1000,7,thrust,MSC10,15,260930401,"[118, 208, 358, 517, 626]","[18, 58, 17]",3,0,2,2,0,0
24,45578,1000,0,thrust,MSC10,15,260930401,"[391, 557]","[None, None, 57]",1,2,1,1,0,0
25,45660,1000,1,thrust,MSC10,15,260930401,"[351, 550]","[None, 51, 50]",2,1,0,0,0,0
26,45675,1000,2,thrust,MSC10,15,260930401,"[194, 324, 429, 554]","[None, 24, 54]",2,1,2,2,0,0
27,45677,1000,3,thrust,MSC10,15,260930401,"[203, 332, 527]","[None, 32, 27]",2,1,1,1,0,0
28,47356,1000,4,thrust,MSC10,15,260930401,"[128, 326, 436, 573]","[28, 26, None]",2,1,2,2,0,0
29,47361,1000,5,thrust,MSC10,15,260930401,"[127, 238, 328, 418, 546]","[27, 28, 46]",3,0,2,2,0,0
30,47362,1000,6,thrust,MSC10,15,260930401,"[124, 214, 325, 445, 593]","[24, 25, None]",2,1,3,3,0,0
31,47367,1000,7,thrust,MSC10,15,260930401,"[121, 211, 323, 417, 574]","[21, 23, None]",2,1,3,3,0,0
32,45189,1500,0,thrust,MSC10,15,260930401,[547],"[None, None, 47]",1,2,0,0,0,0
33,45383,1500,1,thrust,MSC10,15,260930401,"[167, 319, 551]","[None, 19, 51]",2,1,1,1,0,0
34,45408,1500,2,thrust,MSC10,15,260930401,"[159, 463, 565]","[59, None, None]",1,2,2,1,0,1
35,45686,1500,3,thrust,MSC10,15,260930401,"[136, 393, 534]","[36, None, 34]",2,1,1,1,0,0
36,45696,1500,4,thrust,MSC10,15,260930401,"[313, 411, 532]","[None, 13, 32]",2,1,1,1,0,0
37,46077,1500,5,thrust,MSC10,15,260930401,"[278, 368, 458, 548]","[None, None, 48]",1,2,3,1,0,2
38,47371,1500,6,thrust,MSC10,15,260930401,"[329, 520, 610]","[None, 29, 20]",2,1,1,1,0,0
39,47373,1500,7,thrust,MSC10,15,260930401,"[213, 324, 414, 528, 638]","[None, 24, 28]",2,1,3,3,0,0
40,47397,1500,0,thrust,MSC10,15,260930401,"[209, 519]","[None, None, 19]",1,2,1,1,0,0
41,47630,1500,1,thrust,MSC10,15,260930401,"[184, 342]","[None, 42, None]",1,2,1,1,0,0
42,47655,1500,2,thrust,MSC10,15,260930401,"[135, 343, 594]","[35, 43, None]",2,1,1,1,0,0
43,48143,1500,3,thrust,MSC10,15,260930401,"[133, 327, 553]","[33, 27, 53]",3,0,0,0,0,0
44,48276,1500,4,thrust,MSC10,15,260930401,"[139, 465, 555]","[39, None, 55]",2,1,1,0,0,1
45,48292,1500,5,thrust,MSC10,15,260930401,"[130, 367, 522, 615]","[30, None, 22]",2,1,2,2,0,0
46,48293,1500,6,thrust,MSC10,15,260930401,"[126, 293, 522, 612]","[26, None, 22]",2,1,2,1,0,1
47,48294,1500,7,thrust,MSC10,15,260930401,"[132, 350, 526, 621]","[32, 50, 26]",3,0,1,1,0,0
48,45397,2000,0,thrust,MSC10,15,260930401,"[332, 586]","[None, 32, None]",1,2,1,1,0,0
49,45582,2000,1,thrust,MSC10,15,260930401,"[341, 550]","[None, 41, 50]",2,1,0,0,0,0
50,46074,2000,2,thrust,MSC10,15,260930401,"[331, 531]","[None, 31, 31]",2,1,0,0,0,0
51,46079,2000,3,thrust,MSC10,15,260930401,"[330, 451, 541]","[None, 30, 41]",2,1,1,0,0,1
52,46355,2000,4,thrust,MSC10,15,260930401,"[138, 321, 411, 548]","[38, 21, 48]",3,0,1,1,0,0
53,48303,2000,5,thrust,MSC10,15,260930401,"[139, 324, 414, 540]","[39, 24, 40]",3,0,1,1,0,0
54,48304,2000,6,thrust,MSC10,15,260930401,"[128, 309, 399, 538]","[28, 9, 38]",3,0,1,1,0,0
55,48306,2000,7,thrust,MSC10,15,260930401,"[127, 218, 325, 415, 547]","[27, 25, 47]",3,0,2,2,0,0
56,48311,2000,0,thrust,MSC10,15,260930401,"[251, 601]","[None, None, None]",0,3,2,1,0,1
57,48317,2000,1,thrust,MSC10,15,260930401,"[153, 427, 532]","[53, None, 32]",2,1,1,1,0,0
58,48321,2000,2,thrust,MSC10,15,260930401,"[146, 358, 530]","[46, 58, 30]",3,0,0,0,0,0
59,48325,2000,3,thrust,MSC10,15,260930401,"[138, 347, 526, 623]","[38, 47, 26]",3,0,1,1,0,0
60,48330,2000,4,thrust,MSC10,15,260930401,"[333, 530]","[None, 33, 30]",2,1,0,0,0,0
61,48331,2000,5,thrust,MSC10,15,260930401,"[322, 412, 520, 643]","[None, 22, 20]",2,1,2,2,0,0
62,48582,2000,6,thrust,MSC10,15,260930401,"[317, 407, 506, 596, 686]","[None, 17, 6]",2,1,3,2,0,1
63,48663,2000,7,thrust,MSC10,15,260930401,"[194, 323, 413, 517, 607]","[None, 23, 17]",2,1,3,3,0,0
0,45197,500,0,thrust,SS2,15,260930402,[409],"[None, None, None]",0,3,1,1,0,0
1,45693,500,1,thrust,SS2,15,260930402,"[165, 338, 550]","[None, 38, 50]",2,1,1,1,0,0
2,47377,500,2,thrust,SS2,15,260930402,"[165, 330, 535]","[None, 30, 35]",2,1,1,1,0,0
3,47389,500,3,thrust,SS2,15,260930402,"[156, 322, 467, 557]","[56, 22, 57]",3,0,1,0,0,1
4,47390,500,4,thrust,SS2,15,260930402,"[119, 209, 324, 436, 662]","[19, 24, None]",2,1,3,2,0,1
5,47391,500,5,thrust,SS2,15,260930402,"[122, 212, 318, 408, 528]","[22, 18, 28]",3,0,2,2,0,0
6,47650,500,6,thrust,SS2,15,260930402,"[121, 211, 319, 409]","[21, 19, None]",2,1,2,2,0,0
7,48287,500,7,thrust,SS2,15,260930402,"[120, 210, 319, 424, 638]","[20, 19, None]",2,1,3,3,0,0
8,48291,500,0,thrust,SS2,15,260930402,"[224, 584]","[None, None, None]",0,3,2,2,0,0
9,48687,500,1,thrust,SS2,15,260930402,"[241, 516]","[None, None, 16]",1,2,1,1,0,0
10,51862,500,2,thrust,SS2,15,260930402,"[122, 393, 563]","[22, None, None]",1,2,2,2,0,0
11,51867,500,3,thrust,SS2,15,260930402,"[130, 329, 539]","[30, 29, 39]",3,0,0,0,0,0
12,52471,500,4,thrust,SS2,15,260930402,"[147, 276, 366, 523]","[47, None, 23]",2,1,2,1,0,1
13,52472,500,5,thrust,SS2,15,260930402,"[132, 326, 459, 549]","[32, 26, 49]",3,0,1,0,0,1
14,52482,500,6,thrust,SS2,15,260930402,"[142, 318, 408, 502, 611]","[42, 18, 2]",3,0,2,2,0,0
15,52484,500,7,thrust,SS2,15,260930402,"[140, 322, 412, 526]","[40, 22, 26]",3,0,1,1,0,0
16,45187,1000,0,thrust,SS2,15,260930402,[334],"[None, 34, None]",1,2,0,0,0,0
17,45235,1000,1,thrust,SS2,15,260930402,"[162, 358, 464]","[None, 58, None]",1,2,2,1,0,1
18,45377,1000,2,thrust,SS2,15,260930402,"[166, 342]","[None, 42, None]",1,2,1,1,0,0
19,45387,1000,3,thrust,SS2,15,260930402,"[144, 337, 593]","[44, 37, None]",2,1,1,1,0,0
20,45399,1000,4,thrust,SS2,15,260930402,"[133, 399, 528, 626]","[33, None, 28]",2,1,2,2,0,0
21,45531,1000,5,thrust,SS2,15,260930402,"[129, 342, 526, 661]","[29, 42, 26]",3,0,1,0,0,1
22,45542,1000,6,thrust,SS2,15,260930402,"[125, 226, 396, 522, 613]","[25, None, 22]",2,1,3,3,0,0
23,45564,1000,7,thrust,SS2,15,260930402,"[121, 218, 369, 523, 658]","[21, None, 23]",2,1,3,2,0,1
24,45578,1000,0,thrust,SS2,15,260930402,[525],"[None, None, 25]",1,2,0,0,0,0
25,45660,1000,1,thrust,SS2,15,260930402,"[283, 375, 571]","[None, None, None]",0,3,3,2,0,1
26,45675,1000,2,thrust,SS2,15,260930402,"[187, 328, 531]","[None, 28, 31]",2,1,1,1,0,0
27,45677,1000,3,thrust,SS2,15,260930402,"[286, 376, 540]","[None, None, 40]",1,2,2,1,0,1
28,47356,1000,4,thrust,SS2,15,260930402,"[132, 329, 574]","[32, 29, None]",2,1,1,1,0,0
29,47361,1000,5,thrust,SS2,15,260930402,"[129, 323, 413, 565]","[29, 23, None]",2,1,2,2,0,0
30,47362,1000,6,thrust,SS2,15,260930402,"[124, 249, 339, 591]","[24, 39, None]",2,1,2,2,0,0
31,47367,1000,7,thrust,SS2,15,260930402,"[124, 234, 326, 416, 598]","[24, 26, None]",2,1,3,3,0,0
32,45189,1500,0,thrust,SS2,15,260930402,"[60, 586]","[None, None, None]",0,3,2,1,0,1
33,45383,1500,1,thrust,SS2,15,260930402,"[176, 403, 594]","[None, None, None]",0,3,3,3,0,0
34,45408,1500,2,thrust,SS2,15,260930402,"[166, 305, 563]","[None, 5, None]",1,2,2,2,0,0
35,45686,1500,3,thrust,SS2,15,260930402,"[141, 429, 544]","[41, None, 44]",2,1,1,1,0,0
36,45696,1500,4,thrust,SS2,15,260930402,"[325, 527, 641]","[None, 25, 27]",2,1,1,1,0,0
37,46077,1500,5,thrust,SS2,15,260930402,"[318, 415, 541]","[None, 18, 41]",2,1,1,1,0,0
38,47371,1500,6,thrust,SS2,15,260930402,"[332, 533]","[None, 32, 33]",2,1,0,0,0,0
39,47373,1500,7,thrust,SS2,15,260930402,"[324, 418, 539]","[None, 24, 39]",2,1,1,1,0,0
40,47397,1500,0,thrust,SS2,15,260930402,[576],"[None, None, None]",0,3,1,1,0,0
41,47630,1500,1,thrust,SS2,15,260930402,"[213, 377, 539]","[None, None, 39]",1,2,2,2,0,0
42,47655,1500,2,thrust,SS2,15,260930402,"[142, 343, 677]","[42, 43, None]",2,1,1,0,0,1
43,48143,1500,3,thrust,SS2,15,260930402,"[143, 330, 575]","[43, 30, None]",2,1,1,1,0,0
44,48276,1500,4,thrust,SS2,15,260930402,"[151, 503, 599]","[51, None, 3]",2,1,1,1,0,0
45,48292,1500,5,thrust,SS2,15,260930402,"[136, 385, 523]","[36, None, 23]",2,1,1,1,0,0
46,48293,1500,6,thrust,SS2,15,260930402,"[138, 378, 530]","[38, None, 30]",2,1,1,1,0,0
47,48294,1500,7,thrust,SS2,15,260930402,"[123, 227, 397, 521, 616]","[23, None, 21]",2,1,3,3,0,0
48,45397,2000,0,thrust,SS2,15,260930402,"[411, 603]","[None, None, None]",0,3,2,2,0,0
49,45582,2000,1,thrust,SS2,15,260930402,"[355, 542]","[None, 55, 42]",2,1,0,0,0,0
50,46074,2000,2,thrust,SS2,15,260930402,"[340, 541]","[None, 40, 41]",2,1,0,0,0,0
51,46079,2000,3,thrust,SS2,15,260930402,"[334, 532]","[None, 34, 32]",2,1,0,0,0,0
52,46355,2000,4,thrust,SS2,15,260930402,"[137, 324, 419, 582]","[37, 24, None]",2,1,2,2,0,0
53,48303,2000,5,thrust,SS2,15,260930402,"[147, 329, 553]","[47, 29, 53]",3,0,0,0,0,0
54,48304,2000,6,thrust,SS2,15,260930402,"[139, 321, 411, 551]","[39, 21, 51]",3,0,1,1,0,0
55,48306,2000,7,thrust,SS2,15,260930402,"[133, 319, 409, 555]","[33, 19, 55]",3,0,1,1,0,0
56,48311,2000,0,thrust,SS2,15,260930402,"[272, 669]","[None, None, None]",0,3,2,0,0,2
57,48317,2000,1,thrust,SS2,15,260930402,"[225, 543]","[None, None, 43]",1,2,1,1,0,0
58,48321,2000,2,thrust,SS2,15,260930402,"[154, 366, 516, 685]","[54, None, 16]",2,1,2,1,0,1
59,48325,2000,3,thrust,SS2,15,260930402,"[159, 354, 528]","[59, 54, 28]",3,0,0,0,0,0
60,48330,2000,4,thrust,SS2,15,260930402,"[328, 532]","[None, 28, 32]",2,1,0,0,0,0
61,48331,2000,5,thrust,SS2,15,260930402,"[321, 411, 513, 609]","[None, 21, 13]",2,1,2,2,0,0
62,48582,2000,6,thrust,SS2,15,260930402,"[323, 413, 518, 614]","[None, 23, 18]",2,1,2,2,0,0
63,48663,2000,7,thrust,SS2,15,260930402,"[232, 325, 415, 524, 649]","[None, 25, 24]",2,1,3,3,0,0
0,45197,500,0,thrust,SS8,15,260930402,"[371, 616]","[None, None, None]",0,3,2,2,0,0
1,45693,500,1,thrust,SS8,15,260930402,"[166, 337, 459, 675]","[None, 37, None]",1,2,3,1,0,2
2,47377,500,2,thrust,SS8,15,260930402,"[162, 325, 444, 534]","[None, 25, 34]",2,1,2,2,0,0
3,47389,500,3,thrust,SS8,15,260930402,"[147, 322, 457, 547]","[47, 22, 47]",3,0,1,0,0,1
4,47390,500,4,thrust,SS8,15,260930402,"[119, 209, 320, 420, 577]","[19, 20, None]",2,1,3,3,0,0
5,47391,500,5,thrust,SS8,15,260930402,"[121, 211, 314, 404, 494, 605]","[21, 14, None]",2,1,4,3,0,1
6,47650,500,6,thrust,SS8,15,260930402,"[118, 208, 300, 390, 480, 592]","[18, None, None]",1,2,5,3,0,2
7,48287,500,7,thrust,SS8,15,260930402,"[116, 206, 301, 391, 488]","[16, 1, None]",2,1,3,2,0,1
8,48291,500,0,thrust,SS8,15,260930402,"[225, 538]","[None, None, 38]",1,2,1,1,0,0
9,48687,500,1,thrust,SS8,15,260930402,"[164, 391, 546, 691]","[None, None, 46]",1,2,3,2,0,1
10,51862,500,2,thrust,SS8,15,260930402,"[122, 217, 417, 539]","[22, None, 39]",2,1,2,2,0,0
11,51867,500,3,thrust,SS8,15,260930402,"[120, 210, 334, 532]","[20, 34, 32]",3,0,1,1,0,0
12,52471,500,4,thrust,SS8,15,260930402,"[147, 280, 370, 460, 550]","[47, None, 50]",2,1,3,1,0,2
13,52472,500,5,thrust,SS8,15,260930402,"[135, 321, 411, 529]","[35, 21, 29]",3,0,1,1,0,0
14,52482,500,6,thrust,SS8,15,260930402,"[141, 318, 408, 498, 588, 682]","[41, 18, None]",2,1,4,2,0,2
15,52484,500,7,thrust,SS8,15,260930402,"[135, 318, 408, 503, 593, 683]","[35, 18, 3]",3,0,3,2,0,1
16,45187,1000,0,thrust,SS8,15,260930402,"[159, 430, 554]","[59, None, 54]",2,1,1,1,0,0
17,45235,1000,1,thrust,SS8,15,260930402,"[162, 342]","[None, 42, None]",1,2,1,1,0,0
18,45377,1000,2,thrust,SS8,15,260930402,"[156, 330, 680]","[56, 30, None]",2,1,1,0,0,1
19,45387,1000,3,thrust,SS8,15,260930402,"[146, 322, 422]","[46, 22, None]",2,1,1,1,0,0
20,45399,1000,4,thrust,SS8,15,260930402,"[127, 242, 525, 651]","[27, None, 25]",2,1,2,1,0,1
21,45531,1000,5,thrust,SS8,15,260930402,"[130, 232, 348, 526, 616]","[30, 48, 26]",3,0,2,2,0,0
22,45542,1000,6,thrust,SS8,15,260930402,"[125, 232, 382, 522, 612]","[25, None, 22]",2,1,3,3,0,0
23,45564,1000,7,thrust,SS8,15,260930402,"[124, 214, 365, 521, 632]","[24, None, 21]",2,1,3,3,0,0
24,45578,1000,0,thrust,SS8,15,260930402,"[387, 548]","[None, None, 48]",1,2,1,1,0,0
25,45660,1000,1,thrust,SS8,15,260930402,"[285, 375, 546]","[None, None, 46]",1,2,2,1,0,1
26,45675,1000,2,thrust,SS8,15,260930402,"[166, 331, 533]","[None, 31, 33]",2,1,1,1,0,0
27,45677,1000,3,thrust,SS8,15,260930402,"[243, 333, 528]","[None, 33, 28]",2,1,1,1,0,0
28,47356,1000,4,thrust,SS8,15,260930402,"[131, 329, 558]","[31, 29, 58]",3,0,0,0,0,0
29,47361,1000,5,thrust,SS8,15,260930402,"[129, 248, 338, 551]","[29, 38, 51]",3,0,1,1,0,0
30,47362,1000,6,thrust,SS8,15,260930402,"[121, 211, 315, 405, 577]","[21, 15, None]",2,1,3,3,0,0
31,47367,1000,7,thrust,SS8,15,260930402,"[120, 210, 321, 411, 583]","[20, 21, None]",2,1,3,3,0,0
32,45189,1500,0,thrust,SS8,15,260930402,[272],"[None, None, None]",0,3,1,0,0,1
33,45383,1500,1,thrust,SS8,15,260930402,"[141, 378, 561]","[41, None, None]",1,2,2,2,0,0
34,45408,1500,2,thrust,SS8,15,260930402,"[156, 395, 553]","[56, None, 53]",2,1,1,1,0,0
35,45686,1500,3,thrust,SS8,15,260930402,"[144, 408, 534]","[44, None, 34]",2,1,1,1,0,0
36,45696,1500,4,thrust,SS8,15,260930402,"[272, 362, 467, 557, 657]","[None, None, 57]",1,2,4,1,0,3
37,46077,1500,5,thrust,SS8,15,260930402,"[254, 344, 536]","[None, 44, 36]",2,1,1,0,0,1
38,47371,1500,6,thrust,SS8,15,260930402,"[317, 493, 583]","[None, 17, None]",1,2,2,1,0,1
39,47373,1500,7,thrust,SS8,15,260930402,"[251, 341, 520, 613]","[None, 41, 20]",2,1,2,1,0,1
40,47397,1500,0,thrust,SS8,15,260930402,"[147, 461]","[47, None, None]",1,2,1,0,0,1
41,47630,1500,1,thrust,SS8,15,260930402,"[184, 345]","[None, 45, None]",1,2,1,1,0,0
42,47655,1500,2,thrust,SS8,15,260930402,"[134, 343, 599]","[34, 43, None]",2,1,1,1,0,0
43,48143,1500,3,thrust,SS8,15,260930402,"[143, 329, 513]","[43, 29, 13]",3,0,0,0,0,0
44,48276,1500,4,thrust,SS8,15,260930402,"[139, 427, 536]","[39, None, 36]",2,1,1,1,0,0
45,48292,1500,5,thrust,SS8,15,260930402,"[125, 278, 519, 611]","[25, None, 19]",2,1,2,1,0,1
46,48293,1500,6,thrust,SS8,15,260930402,"[128, 246, 396, 531, 654]","[28, None, 31]",2,1,3,2,0,1
47,48294,1500,7,thrust,SS8,15,260930402,"[124, 214, 361, 524, 614]","[24, None, 24]",2,1,3,3,0,0
48,45397,2000,0,thrust,SS8,15,260930402,"[349, 603]","[None, 49, None]",1,2,1,1,0,0
49,45582,2000,1,thrust,SS8,15,260930402,"[344, 542]","[None, 44, 42]",2,1,0,0,0,0
50,46074,2000,2,thrust,SS8,15,260930402,"[341, 536]","[None, 41, 36]",2,1,0,0,0,0
51,46079,2000,3,thrust,SS8,15,260930402,"[329, 533]","[None, 29, 33]",2,1,0,0,0,0
52,46355,2000,4,thrust,SS8,15,260930402,"[136, 325, 415, 530]","[36, 25, 30]",3,0,1,1,0,0
53,48303,2000,5,thrust,SS8,15,260930402,"[141, 328, 420, 545]","[41, 28, 45]",3,0,1,1,0,0
54,48304,2000,6,thrust,SS8,15,260930402,"[125, 252, 342, 449, 548]","[25, 42, 48]",3,0,2,1,0,1
55,48306,2000,7,thrust,SS8,15,260930402,"[127, 251, 341, 545]","[27, 41, 45]",3,0,1,0,0,1
56,48311,2000,0,thrust,SS8,15,260930402,"[273, 602]","[None, None, None]",0,3,2,1,0,1
57,48317,2000,1,thrust,SS8,15,260930402,"[171, 544]","[None, None, 44]",1,2,1,1,0,0
58,48321,2000,2,thrust,SS8,15,260930402,"[155, 352, 520]","[55, 52, 20]",3,0,0,0,0,0
59,48325,2000,3,thrust,SS8,15,260930402,"[139, 349, 525]","[39, 49, 25]",3,0,0,0,0,0
60,48330,2000,4,thrust,SS8,15,260930402,"[328, 459, 549, 646]","[None, 28, 49]",2,1,2,1,0,1
61,48331,2000,5,thrust,SS8,15,260930402,"[243, 333, 423, 515, 609]","[None, 33, 15]",2,1,3,3,0,0
62,48582,2000,6,thrust,SS8,15,260930402,"[305, 395, 485, 575]","[None, 5, None]",1,2,3,2,0,1
63,48663,2000,7,thrust,SS8,15,260930402,"[192, 318, 408, 521, 611]","[None, 18, 21]",2,1,3,3,0,0
0,45197,500,0,thrust,SS30,15,260930402,"[225, 395, 586]","[None, None, None]",0,3,3,3,0,0
1,45693,500,1,thrust,SS30,15,260930402,"[166, 339, 436, 561]","[None, 39, None]",1,2,3,3,0,0
2,47377,500,2,thrust,SS30,15,260930402,"[160, 330, 539]","[60, 30, 39]",3,0,0,0,0,0
3,47389,500,3,thrust,SS30,15,260930402,"[148, 330, 529]","[48, 30, 29]",3,0,0,0,0,0
4,47390,500,4,thrust,SS30,15,260930402,"[120, 210, 300, 393, 573]","[20, None, None]",1,2,4,3,0,1
5,47391,500,5,thrust,SS30,15,260930402,"[126, 216, 320, 410, 500, 602]","[26, 20, None]",2,1,4,3,0,1
6,47650,500,6,thrust,SS30,15,260930402,"[121, 211, 301, 391, 481, 594]","[21, 1, None]",2,1,4,3,0,1
7,48287,500,7,thrust,SS30,15,260930402,"[116, 206, 296, 386, 476, 584]","[16, None, None]",1,2,5,3,0,2
8,48291,500,0,thrust,SS30,15,260930402,"[160, 513]","[60, None, 13]",2,1,0,0,0,0
9,48687,500,1,thrust,SS30,15,260930402,"[151, 378, 541]","[51, None, 41]",2,1,1,1,0,0
10,51862,500,2,thrust,SS30,15,260930402,"[129, 325, 535]","[29, 25, 35]",3,0,0,0,0,0
11,51867,500,3,thrust,SS30,15,260930402,"[127, 257, 366, 540]","[27, None, 40]",2,1,2,1,0,1
12,52471,500,4,thrust,SS30,15,260930402,"[146, 289, 379, 469, 559, 649]","[46, None, 59]",2,1,4,2,0,2
13,52472,500,5,thrust,SS30,15,260930402,"[137, 326, 416, 533]","[37, 26, 33]",3,0,1,1,0,0
14,52482,500,6,thrust,SS30,15,260930402,"[143, 321, 411, 501, 591, 681]","[43, 21, 1]",3,0,3,2,0,1
15,52484,500,7,thrust,SS30,15,260930402,"[140, 323, 413, 508, 598, 699]","[40, 23, 8]",3,0,3,2,0,1
16,45187,1000,0,thrust,SS30,15,260930402,"[264, 454, 563]","[None, None, None]",0,3,3,1,0,2
17,45235,1000,1,thrust,SS30,15,260930402,"[139, 346, 632]","[39, 46, None]",2,1,1,1,0,0
18,45377,1000,2,thrust,SS30,15,260930402,"[145, 334, 635]","[45, 34, None]",2,1,1,1,0,0
19,45387,1000,3,thrust,SS30,15,260930402,"[150, 321, 411, 505]","[50, 21, 5]",3,0,1,1,0,0
20,45399,1000,4,thrust,SS30,15,260930402,"[132, 395, 528, 621]","[32, None, 28]",2,1,2,2,0,0
21,45531,1000,5,thrust,SS30,15,260930402,"[131, 229, 351, 527, 631]","[31, 51, 27]",3,0,2,2,0,0
22,45542,1000,6,thrust,SS30,15,260930402,"[125, 227, 372, 524, 614]","[25, None, 24]",2,1,3,3,0,0
23,45564,1000,7,thrust,SS30,15,260930402,"[125, 215, 312, 525, 660]","[25, 12, 25]",3,0,2,1,0,1
24,45578,1000,0,thrust,SS30,15,260930402,"[381, 557]","[None, None, 57]",1,2,1,1,0,0
25,45660,1000,1,thrust,SS30,15,260930402,"[298, 388, 543]","[None, None, 43]",1,2,2,1,0,1
26,45675,1000,2,thrust,SS30,15,260930402,"[174, 331, 535]","[None, 31, 35]",2,1,1,1,0,0
27,45677,1000,3,thrust,SS30,15,260930402,"[219, 335, 533]","[None, 35, 33]",2,1,1,1,0,0
28,47356,1000,4,thrust,SS30,15,260930402,"[133, 330, 561]","[33, 30, None]",2,1,1,1,0,0
29,47361,1000,5,thrust,SS30,15,260930402,"[131, 255, 345, 435, 565]","[31, 45, None]",2,1,3,2,0,1
30,47362,1000,6,thrust,SS30,15,260930402,"[124, 214, 317, 407, 497]","[24, 17, None]",2,1,3,2,0,1
31,47367,1000,7,thrust,SS30,15,260930402,"[128, 218, 326, 416, 572]","[28, 26, None]",2,1,3,3,0,0
32,45189,1500,0,thrust,SS30,15,260930402,"[208, 596]","[None, None, None]",0,3,2,2,0,0
33,45383,1500,1,thrust,SS30,15,260930402,"[156, 382, 557]","[56, None, 57]",2,1,1,1,0,0
34,45408,1500,2,thrust,SS30,15,260930402,"[158, 390, 549]","[58, None, 49]",2,1,1,1,0,0
35,45686,1500,3,thrust,SS30,15,260930402,"[141, 286, 538]","[41, None, 38]",2,1,1,0,0,1
36,45696,1500,4,thrust,SS30,15,260930402,"[283, 373, 534]","[None, None, 34]",1,2,2,1,0,1
37,46077,1500,5,thrust,SS30,15,260930402,"[243, 336, 536]","[None, 36, 36]",2,1,1,1,0,0
38,47371,1500,6,thrust,SS30,15,260930402,"[329, 533]","[None, 29, 33]",2,1,0,0,0,0
39,47373,1500,7,thrust,SS30,15,260930402,"[214, 330, 462, 552, 642]","[None, 30, 52]",2,1,3,2,0,1
40,47397,1500,0,thrust,SS30,15,260930402,[464],"[None, None, None]",0,3,1,0,0,1
41,47630,1500,1,thrust,SS30,15,260930402,"[175, 348]","[None, 48, None]",1,2,1,1,0,0
42,47655,1500,2,thrust,SS30,15,260930402,"[141, 346, 608]","[41, 46, None]",2,1,1,1,0,0
43,48143,1500,3,thrust,SS30,15,260930402,"[138, 332, 561]","[38, 32, None]",2,1,1,1,0,0
44,48276,1500,4,thrust,SS30,15,260930402,"[147, 393, 537]","[47, None, 37]",2,1,1,1,0,0
45,48292,1500,5,thrust,SS30,15,260930402,"[125, 215, 389, 523, 614]","[25, None, 23]",2,1,3,3,0,0
46,48293,1500,6,thrust,SS30,15,260930402,"[135, 355, 532]","[35, 55, 32]",3,0,0,0,0,0
47,48294,1500,7,thrust,SS30,15,260930402,"[126, 216, 362, 528, 618]","[26, None, 28]",2,1,3,3,0,0
48,45397,2000,0,thrust,SS30,15,260930402,"[356, 579]","[None, 56, None]",1,2,1,1,0,0
49,45582,2000,1,thrust,SS30,15,260930402,"[335, 545]","[None, 35, 45]",2,1,0,0,0,0
50,46074,2000,2,thrust,SS30,15,260930402,"[336, 534]","[None, 36, 34]",2,1,0,0,0,0
51,46079,2000,3,thrust,SS30,15,260930402,"[242, 337, 533]","[None, 37, 33]",2,1,1,1,0,0
52,46355,2000,4,thrust,SS30,15,260930402,"[132, 327, 417, 549]","[32, 27, 49]",3,0,1,1,0,0
53,48303,2000,5,thrust,SS30,15,260930402,"[143, 330, 435, 552]","[43, 30, 52]",3,0,1,1,0,0
54,48304,2000,6,thrust,SS30,15,260930402,"[135, 323, 413, 551]","[35, 23, 51]",3,0,1,1,0,0
55,48306,2000,7,thrust,SS30,15,260930402,"[131, 320, 410, 500, 608]","[31, 20, None]",2,1,3,2,0,1
56,48311,2000,0,thrust,SS30,15,260930402,"[274, 557]","[None, None, 57]",1,2,1,0,0,1
57,48317,2000,1,thrust,SS30,15,260930402,"[170, 457, 547]","[None, None, 47]",1,2,2,1,0,1
58,48321,2000,2,thrust,SS30,15,260930402,"[153, 352, 532]","[53, 52, 32]",3,0,0,0,0,0
59,48325,2000,3,thrust,SS30,15,260930402,"[141, 354, 529]","[41, 54, 29]",3,0,0,0,0,0
60,48330,2000,4,thrust,SS30,15,260930402,"[330, 420, 531]","[None, 30, 31]",2,1,1,1,0,0
61,48331,2000,5,thrust,SS30,15,260930402,"[257, 347, 437, 527]","[None, 47, 27]",2,1,2,1,0,1
62,48582,2000,6,thrust,SS30,15,260930402,"[318, 408, 498, 588, 686]","[None, 18, None]",1,2,4,2,0,2
63,48663,2000,7,thrust,SS30,15,260930402,"[192, 320, 410, 513, 603, 693]","[None, 20, 13]",2,1,4,3,0,1
0,45197,500,0,thrust,MSC16,15,260930402,"[366, 602]","[None, None, None]",0,3,2,2,0,0
1,45693,500,1,thrust,MSC16,15,260930402,"[172, 337, 549]","[None, 37, 49]",2,1,1,1,0,0
2,47377,500,2,thrust,MSC16,15,260930402,"[161, 326, 445, 535]","[None, 26, 35]",2,1,2,2,0,0
3,47389,500,3,thrust,MSC16,15,260930402,"[147, 322, 461, 551]","[47, 22, 51]",3,0,1,0,0,1
4,47390,500,4,thrust,MSC16,15,260930402,"[119, 209, 319, 419, 579]","[19, 19, None]",2,1,3,3,0,0
5,47391,500,5,thrust,MSC16,15,260930402,"[122, 212, 315, 405, 495, 604]","[22, 15, None]",2,1,4,3,0,1
6,47650,500,6,thrust,MSC16,15,260930402,"[119, 209, 299, 389, 479, 592]","[19, None, None]",1,2,5,3,0,2
7,48287,500,7,thrust,MSC16,15,260930402,"[117, 207, 297, 387, 477]","[17, None, None]",1,2,4,2,0,2
8,48291,500,0,thrust,MSC16,15,260930402,"[165, 537]","[None, None, 37]",1,2,1,1,0,0
9,48687,500,1,thrust,MSC16,15,260930402,"[151, 390, 544]","[51, None, 44]",2,1,1,1,0,0
10,51862,500,2,thrust,MSC16,15,260930402,"[122, 218, 396, 539]","[22, None, 39]",2,1,2,2,0,0
11,51867,500,3,thrust,MSC16,15,260930402,"[120, 210, 366, 532]","[20, None, 32]",2,1,2,2,0,0
12,52471,500,4,thrust,MSC16,15,260930402,"[145, 280, 370, 460, 550]","[45, None, 50]",2,1,3,1,0,2
13,52472,500,5,thrust,MSC16,15,260930402,"[135, 321, 411, 530]","[35, 21, 30]",3,0,1,1,0,0
14,52482,500,6,thrust,MSC16,15,260930402,"[141, 318, 408, 498, 588, 678]","[41, 18, None]",2,1,4,2,0,2
15,52484,500,7,thrust,MSC16,15,260930402,"[135, 321, 411, 506, 596]","[35, 21, 6]",3,0,2,2,0,0
16,45187,1000,0,thrust,MSC16,15,260930402,[298],"[None, None, None]",0,3,1,0,0,1
17,45235,1000,1,thrust,MSC16,15,260930402,"[163, 340, 634]","[None, 40, None]",1,2,2,2,0,0
18,45377,1000,2,thrust,MSC16,15,260930402,"[156, 332, 630]","[56, 32, None]",2,1,1,1,0,0
19,45387,1000,3,thrust,MSC16,15,260930402,"[146, 323, 424, 693]","[46, 23, None]",2,1,2,1,0,1
20,45399,1000,4,thrust,MSC16,15,260930402,"[128, 396, 525, 615]","[28, None, 25]",2,1,2,2,0,0
21,45531,1000,5,thrust,MSC16,15,260930402,"[129, 229, 348, 526, 616]","[29, 48, 26]",3,0,2,2,0,0
22,45542,1000,6,thrust,MSC16,15,260930402,"[125, 228, 382, 522, 612]","[25, None, 22]",2,1,3,3,0,0
23,45564,1000,7,thrust,MSC16,15,260930402,"[125, 215, 312, 523, 632]","[25, 12, 23]",3,0,2,2,0,0
24,45578,1000,0,thrust,MSC16,15,260930402,"[385, 549]","[None, None, 49]",1,2,1,1,0,0
25,45660,1000,1,thrust,MSC16,15,260930402,"[287, 377, 544]","[None, None, 44]",1,2,2,1,0,1
26,45675,1000,2,thrust,MSC16,15,260930402,"[167, 329, 529]","[None, 29, 29]",2,1,1,1,0,0
27,45677,1000,3,thrust,MSC16,15,260930402,"[244, 334, 529]","[None, 34, 29]",2,1,1,1,0,0
28,47356,1000,4,thrust,MSC16,15,260930402,"[132, 329, 558]","[32, 29, 58]",3,0,0,0,0,0
29,47361,1000,5,thrust,MSC16,15,260930402,"[129, 248, 338, 551]","[29, 38, 51]",3,0,1,1,0,0
30,47362,1000,6,thrust,MSC16,15,260930402,"[121, 211, 314, 404, 497]","[21, 14, None]",2,1,3,2,0,1
31,47367,1000,7,thrust,MSC16,15,260930402,"[120, 210, 321, 411, 572]","[20, 21, None]",2,1,3,3,0,0
32,45189,1500,0,thrust,MSC16,15,260930402,"[271, 667]","[None, None, None]",0,3,2,0,0,2
33,45383,1500,1,thrust,MSC16,15,260930402,"[142, 378, 551]","[42, None, 51]",2,1,1,1,0,0
34,45408,1500,2,thrust,MSC16,15,260930402,"[157, 395, 554]","[57, None, 54]",2,1,1,1,0,0
35,45686,1500,3,thrust,MSC16,15,260930402,"[143, 408, 533]","[43, None, 33]",2,1,1,1,0,0
36,45696,1500,4,thrust,MSC16,15,260930402,"[274, 364, 529]","[None, None, 29]",1,2,2,1,0,1
37,46077,1500,5,thrust,MSC16,15,260930402,"[248, 338, 535]","[None, 38, 35]",2,1,1,1,0,0
38,47371,1500,6,thrust,MSC16,15,260930402,"[324, 524]","[None, 24, 24]",2,1,0,0,0,0
39,47373,1500,7,thrust,MSC16,15,260930402,"[233, 326, 425, 527, 617]","[None, 26, 27]",2,1,3,3,0,0
40,47397,1500,0,thrust,MSC16,15,260930402,[464],"[None, None, None]",0,3,1,0,0,1
41,47630,1500,1,thrust,MSC16,15,260930402,"[183, 345]","[None, 45, None]",1,2,1,1,0,0
42,47655,1500,2,thrust,MSC16,15,260930402,"[136, 344, 605]","[36, 44, None]",2,1,1,1,0,0
43,48143,1500,3,thrust,MSC16,15,260930402,"[138, 329, 514]","[38, 29, 14]",3,0,0,0,0,0
44,48276,1500,4,thrust,MSC16,15,260930402,"[139, 427, 537]","[39, None, 37]",2,1,1,1,0,0
45,48292,1500,5,thrust,MSC16,15,260930402,"[126, 341, 521, 615]","[26, 41, 21]",3,0,1,1,0,0
46,48293,1500,6,thrust,MSC16,15,260930402,"[131, 254, 397, 531, 654]","[31, None, 31]",2,1,3,1,0,2
47,48294,1500,7,thrust,MSC16,15,260930402,"[124, 215, 362, 523, 613]","[24, None, 23]",2,1,3,3,0,0
48,45397,2000,0,thrust,MSC16,15,260930402,"[354, 585]","[None, 54, None]",1,2,1,1,0,0
49,45582,2000,1,thrust,MSC16,15,260930402,"[341, 543]","[None, 41, 43]",2,1,0,0,0,0
50,46074,2000,2,thrust,MSC16,15,260930402,"[335, 534]","[None, 35, 34]",2,1,0,0,0,0
51,46079,2000,3,thrust,MSC16,15,260930402,"[328, 423, 532]","[None, 28, 32]",2,1,1,1,0,0
52,46355,2000,4,thrust,MSC16,15,260930402,"[135, 325, 415, 580]","[35, 25, None]",2,1,2,2,0,0
53,48303,2000,5,thrust,MSC16,15,260930402,"[143, 328, 418, 546]","[43, 28, 46]",3,0,1,1,0,0
54,48304,2000,6,thrust,MSC16,15,260930402,"[125, 215, 323, 413, 547]","[25, 23, 47]",3,0,2,2,0,0
55,48306,2000,7,thrust,MSC16,15,260930402,"[126, 217, 324, 414, 546]","[26, 24, 46]",3,0,2,2,0,0
56,48311,2000,0,thrust,MSC16,15,260930402,"[273, 599]","[None, None, None]",0,3,2,1,0,1
57,48317,2000,1,thrust,MSC16,15,260930402,"[171, 457, 547]","[None, None, 47]",1,2,2,1,0,1
58,48321,2000,2,thrust,MSC16,15,260930402,"[154, 348, 521]","[54, 48, 21]",3,0,0,0,0,0
59,48325,2000,3,thrust,MSC16,15,260930402,"[139, 350, 527]","[39, 50, 27]",3,0,0,0,0,0
60,48330,2000,4,thrust,MSC16,15,260930402,"[328, 461, 551, 642]","[None, 28, 51]",2,1,2,1,0,1
61,48331,2000,5,thrust,MSC16,15,260930402,"[243, 333, 423, 514, 604]","[None, 33, 14]",2,1,3,3,0,0
62,48582,2000,6,thrust,MSC16,15,260930402,"[319, 409, 516, 606]","[None, 19, 16]",2,1,2,2,0,0
63,48663,2000,7,thrust,MSC16,15,260930402,"[192, 319, 409, 519, 609]","[None, 19, 19]",2,1,3,3,0,0
0,45197,500,0,thrust,MSC30,15,260930402,"[225, 395, 586]","[None, None, None]",0,3,3,3,0,0
1,45693,500,1,thrust,MSC30,15,260930402,"[168, 337, 550]","[None, 37, 50]",2,1,1,1,0,0
2,47377,500,2,thrust,MSC30,15,260930402,"[160, 329, 536]","[60, 29, 36]",3,0,0,0,0,0
3,47389,500,3,thrust,MSC30,15,260930402,"[147, 322, 444, 534]","[47, 22, 34]",3,0,1,1,0,0
4,47390,500,4,thrust,MSC30,15,260930402,"[120, 210, 300, 392, 573]","[20, None, None]",1,2,4,3,0,1
5,47391,500,5,thrust,MSC30,15,260930402,"[123, 213, 315, 405, 495, 585]","[23, 15, None]",2,1,4,3,0,1
6,47650,500,6,thrust,MSC30,15,260930402,"[119, 209, 299, 389, 479, 592]","[19, None, None]",1,2,5,3,0,2
7,48287,500,7,thrust,MSC30,15,260930402,"[116, 206, 296, 386, 476]","[16, None, None]",1,2,4,2,0,2
8,48291,500,0,thrust,MSC30,15,260930402,"[161, 538]","[None, None, 38]",1,2,1,1,0,0
9,48687,500,1,thrust,MSC30,15,260930402,"[151, 386, 542]","[51, None, 42]",2,1,1,1,0,0
10,51862,500,2,thrust,MSC30,15,260930402,"[122, 212, 398, 539]","[22, None, 39]",2,1,2,2,0,0
11,51867,500,3,thrust,MSC30,15,260930402,"[120, 210, 367, 532]","[20, None, 32]",2,1,2,2,0,0
12,52471,500,4,thrust,MSC30,15,260930402,"[147, 280, 370, 460, 550]","[47, None, 50]",2,1,3,1,0,2
13,52472,500,5,thrust,MSC30,15,260930402,"[136, 326, 416, 529]","[36, 26, 29]",3,0,1,1,0,0
14,52482,500,6,thrust,MSC30,15,260930402,"[141, 318, 408, 498, 588, 678]","[41, 18, None]",2,1,4,2,0,2
15,52484,500,7,thrust,MSC30,15,260930402,"[135, 321, 411, 503, 593, 683]","[35, 21, 3]",3,0,3,2,0,1
16,45187,1000,0,thrust,MSC30,15,260930402,"[264, 435]","[None, None, None]",0,3,2,1,0,1
17,45235,1000,1,thrust,MSC30,15,260930402,"[139, 346, 632]","[39, 46, None]",2,1,1,1,0,0
18,45377,1000,2,thrust,MSC30,15,260930402,"[145, 334, 638]","[45, 34, None]",2,1,1,1,0,0
19,45387,1000,3,thrust,MSC30,15,260930402,"[147, 322, 412, 571]","[47, 22, None]",2,1,2,2,0,0
20,45399,1000,4,thrust,MSC30,15,260930402,"[131, 396, 525, 615]","[31, None, 25]",2,1,2,2,0,0
21,45531,1000,5,thrust,MSC30,15,260930402,"[130, 223, 348, 526, 616]","[30, 48, 26]",3,0,2,2,0,0
22,45542,1000,6,thrust,MSC30,15,260930402,"[125, 230, 372, 522, 612]","[25, None, 22]",2,1,3,3,0,0
23,45564,1000,7,thrust,MSC30,15,260930402,"[125, 215, 312, 523, 632]","[25, 12, 23]",3,0,2,2,0,0
24,45578,1000,0,thrust,MSC30,15,260930402,"[382, 557]","[None, None, 57]",1,2,1,1,0,0
25,45660,1000,1,thrust,MSC30,15,260930402,"[288, 378, 548]","[None, None, 48]",1,2,2,1,0,1
26,45675,1000,2,thrust,MSC30,15,260930402,"[167, 331, 535]","[None, 31, 35]",2,1,1,1,0,0
27,45677,1000,3,thrust,MSC30,15,260930402,"[219, 332, 529]","[None, 32, 29]",2,1,1,1,0,0
28,47356,1000,4,thrust,MSC30,15,260930402,"[132, 329, 467, 593]","[32, 29, None]",2,1,2,1,0,1
29,47361,1000,5,thrust,MSC30,15,260930402,"[129, 236, 326, 416, 553]","[29, 26, 53]",3,0,2,2,0,0
30,47362,1000,6,thrust,MSC30,15,260930402,"[121, 211, 315, 405, 495]","[21, 15, None]",2,1,3,2,0,1
31,47367,1000,7,thrust,MSC30,15,260930402,"[120, 210, 300, 390, 480]","[20, None, None]",1,2,4,2,0,2
32,45189,1500,0,thrust,MSC30,15,260930402,"[209, 596]","[None, None, None]",0,3,2,2,0,0
33,45383,1500,1,thrust,MSC30,15,260930402,"[142, 381, 557]","[42, None, 57]",2,1,1,1,0,0
34,45408,1500,2,thrust,MSC30,15,260930402,"[157, 392, 550]","[57, None, 50]",2,1,1,1,0,0
35,45686,1500,3,thrust,MSC30,15,260930402,"[142, 285, 534]","[42, None, 34]",2,1,1,0,0,1
36,45696,1500,4,thrust,MSC30,15,260930402,"[284, 374, 467, 557, 647]","[None, None, 57]",1,2,4,2,0,2
37,46077,1500,5,thrust,MSC30,15,260930402,"[245, 336, 536]","[None, 36, 36]",2,1,1,1,0,0
38,47371,1500,6,thrust,MSC30,15,260930402,"[328, 532]","[None, 28, 32]",2,1,0,0,0,0
39,47373,1500,7,thrust,MSC30,15,260930402,"[215, 326, 416, 526, 616]","[None, 26, 26]",2,1,3,3,0,0
40,47397,1500,0,thrust,MSC30,15,260930402,[465],"[None, None, None]",0,3,1,0,0,1
41,47630,1500,1,thrust,MSC30,15,260930402,"[178, 348]","[None, 48, None]",1,2,1,1,0,0
42,47655,1500,2,thrust,MSC30,15,260930402,"[137, 344, 612]","[37, 44, None]",2,1,1,1,0,0
43,48143,1500,3,thrust,MSC30,15,260930402,"[139, 329, 499]","[39, 29, None]",2,1,1,0,0,1
44,48276,1500,4,thrust,MSC30,15,260930402,"[139, 417, 537]","[39, None, 37]",2,1,1,1,0,0
45,48292,1500,5,thrust,MSC30,15,260930402,"[126, 224, 391, 521, 612]","[26, None, 21]",2,1,3,3,0,0
46,48293,1500,6,thrust,MSC30,15,260930402,"[131, 254, 389, 531, 675]","[31, None, 31]",2,1,3,1,0,2
47,48294,1500,7,thrust,MSC30,15,260930402,"[124, 214, 362, 523, 613]","[24, None, 23]",2,1,3,3,0,0
48,45397,2000,0,thrust,MSC30,15,260930402,"[356, 579]","[None, 56, None]",1,2,1,1,0,0
49,45582,2000,1,thrust,MSC30,15,260930402,"[336, 545]","[None, 36, 45]",2,1,0,0,0,0
50,46074,2000,2,thrust,MSC30,15,260930402,"[336, 534]","[None, 36, 34]",2,1,0,0,0,0
51,46079,2000,3,thrust,MSC30,15,260930402,"[333, 442, 533]","[None, 33, 33]",2,1,1,1,0,0
52,46355,2000,4,thrust,MSC30,15,260930402,"[133, 325, 415, 549]","[33, 25, 49]",3,0,1,1,0,0
53,48303,2000,5,thrust,MSC30,15,260930402,"[143, 328, 418, 511]","[43, 28, 11]",3,0,1,1,0,0
54,48304,2000,6,thrust,MSC30,15,260930402,"[125, 215, 326, 416, 547]","[25, 26, 47]",3,0,2,2,0,0
55,48306,2000,7,thrust,MSC30,15,260930402,"[129, 239, 332, 422, 546]","[29, 32, 46]",3,0,2,2,0,0
56,48311,2000,0,thrust,MSC30,15,260930402,"[273, 578]","[None, None, None]",0,3,2,1,0,1
57,48317,2000,1,thrust,MSC30,15,260930402,"[170, 491, 581]","[None, None, None]",0,3,3,2,0,1
58,48321,2000,2,thrust,MSC30,15,260930402,"[153, 352, 521, 611]","[53, 52, 21]",3,0,1,1,0,0
59,48325,2000,3,thrust,MSC30,15,260930402,"[139, 350, 527]","[39, 50, 27]",3,0,0,0,0,0
60,48330,2000,4,thrust,MSC30,15,260930402,"[328, 418, 530]","[None, 28, 30]",2,1,1,1,0,0
61,48331,2000,5,thrust,MSC30,15,260930402,"[321, 411, 514, 604]","[None, 21, 14]",2,1,2,2,0,0
62,48582,2000,6,thrust,MSC30,15,260930402,"[318, 408, 498, 588, 687]","[None, 18, None]",1,2,4,2,0,2
63,48663,2000,7,thrust,MSC30,15,260930402,"[192, 319, 409, 513, 603, 693]","[None, 19, 13]",2,1,4,3,0,1
0,45197,500,0,thrust,MSC10,15,260930402,"[370, 616]","[None, None, None]",0,3,2,2,0,0
1,45693,500,1,thrust,MSC10,15,260930402,"[167, 338, 436, 562]","[None, 38, None]",1,2,3,3,0,0
2,47377,500,2,thrust,MSC10,15,260930402,"[162, 327, 447, 537]","[None, 27, 37]",2,1,2,2,0,0
3,47389,500,3,thrust,MSC10,15,260930402,"[147, 322, 458, 548]","[47, 22, 48]",3,0,1,0,0,1
4,47390,500,4,thrust,MSC10,15,260930402,"[119, 209, 317, 419, 577]","[19, 17, None]",2,1,3,3,0,0
5,47391,500,5,thrust,MSC10,15,260930402,"[122, 212, 314, 404, 494, 606]","[22, 14, None]",2,1,4,3,0,1
6,47650,500,6,thrust,MSC10,15,260930402,"[119, 209, 321, 411, 501]","[19, 21, 1]",3,0,2,2,0,0
7,48287,500,7,thrust,MSC10,15,260930402,"[117, 207, 302, 392, 488]","[17, 2, None]",2,1,3,2,0,1
8,48291,500,0,thrust,MSC10,15,260930402,"[192, 534]","[None, None, 34]",1,2,1,1,0,0
9,48687,500,1,thrust,MSC10,15,260930402,"[151, 390, 544]","[51, None, 44]",2,1,1,1,0,0
10,51862,500,2,thrust,MSC10,15,260930402,"[122, 217, 418, 540]","[22, None, 40]",2,1,2,2,0,0
11,51867,500,3,thrust,MSC10,15,260930402,"[118, 208, 329, 532]","[18, 29, 32]",3,0,1,1,0,0
12,52471,500,4,thrust,MSC10,15,260930402,"[147, 279, 369, 459, 549]","[47, None, 49]",2,1,3,1,0,2
13,52472,500,5,thrust,MSC10,15,260930402,"[133, 321, 411, 526]","[33, 21, 26]",3,0,1,1,0,0
14,52482,500,6,thrust,MSC10,15,260930402,"[140, 318, 408, 498, 588, 683]","[40, 18, None]",2,1,4,2,0,2
15,52484,500,7,thrust,MSC10,15,260930402,"[135, 320, 410, 506, 596]","[35, 20, 6]",3,0,2,2,0,0
16,45187,1000,0,thrust,MSC10,15,260930402,[296],"[None, None, None]",0,3,1,0,0,1
17,45235,1000,1,thrust,MSC10,15,260930402,"[163, 342, 632]","[None, 42, None]",1,2,2,2,0,0
18,45377,1000,2,thrust,MSC10,15,260930402,"[156, 330, 675]","[56, 30, None]",2,1,1,0,0,1
19,45387,1000,3,thrust,MSC10,15,260930402,"[145, 322, 422, 692]","[45, 22, None]",2,1,2,1,0,1
20,45399,1000,4,thrust,MSC10,15,260930402,"[129, 396, 525, 628]","[29, None, 25]",2,1,2,2,0,0
21,45531,1000,5,thrust,MSC10,15,260930402,"[129, 224, 349, 524, 614]","[29, 49, 24]",3,0,2,2,0,0
22,45542,1000,6,thrust,MSC10,15,260930402,"[125, 232, 381, 522, 612]","[25, None, 22]",2,1,3,3,0,0
23,45564,1000,7,thrust,MSC10,15,260930402,"[123, 213, 365, 521, 632]","[23, None, 21]",2,1,3,3,0,0
24,45578,1000,0,thrust,MSC10,15,260930402,"[385, 549]","[None, None, 49]",1,2,1,1,0,0
25,45660,1000,1,thrust,MSC10,15,260930402,"[283, 373, 548]","[None, None, 48]",1,2,2,1,0,1
26,45675,1000,2,thrust,MSC10,15,260930402,"[166, 330, 532]","[None, 30, 32]",2,1,1,1,0,0
27,45677,1000,3,thrust,MSC10,15,260930402,"[244, 334, 528]","[None, 34, 28]",2,1,1,1,0,0
28,47356,1000,4,thrust,MSC10,15,260930402,"[130, 330, 558]","[30, 30, 58]",3,0,0,0,0,0
29,47361,1000,5,thrust,MSC10,15,260930402,"[128, 244, 334, 525]","[28, 34, 25]",3,0,1,1,0,0
30,47362,1000,6,thrust,MSC10,15,260930402,"[119, 209, 314, 404, 578]","[19, 14, None]",2,1,3,3,0,0
31,47367,1000,7,thrust,MSC10,15,260930402,"[120, 210, 321, 411, 580]","[20, 21, None]",2,1,3,3,0,0
32,45189,1500,0,thrust,MSC10,15,260930402,"[65, 501]","[None, None, 1]",1,2,1,0,0,1
33,45383,1500,1,thrust,MSC10,15,260930402,"[142, 378, 553]","[42, None, 53]",2,1,1,1,0,0
34,45408,1500,2,thrust,MSC10,15,260930402,"[154, 395, 553]","[54, None, 53]",2,1,1,1,0,0
35,45686,1500,3,thrust,MSC10,15,260930402,"[142, 406, 533]","[42, None, 33]",2,1,1,1,0,0
36,45696,1500,4,thrust,MSC10,15,260930402,"[268, 358, 529, 643]","[None, 58, 29]",2,1,2,1,0,1
37,46077,1500,5,thrust,MSC10,15,260930402,"[253, 343, 536]","[None, 43, 36]",2,1,1,0,0,1
38,47371,1500,6,thrust,MSC10,15,260930402,"[326, 533]","[None, 26, 33]",2,1,0,0,0,0
39,47373,1500,7,thrust,MSC10,15,260930402,"[212, 324, 418, 530, 640]","[None, 24, 30]",2,1,3,3,0,0
40,47397,1500,0,thrust,MSC10,15,260930402,"[148, 461]","[48, None, None]",1,2,1,0,0,1
41,47630,1500,1,thrust,MSC10,15,260930402,"[185, 345]","[None, 45, None]",1,2,1,1,0,0
42,47655,1500,2,thrust,MSC10,15,260930402,"[133, 342, 599]","[33, 42, None]",2,1,1,1,0,0
43,48143,1500,3,thrust,MSC10,15,260930402,"[142, 329, 514]","[42, 29, 14]",3,0,0,0,0,0
44,48276,1500,4,thrust,MSC10,15,260930402,"[139, 428, 537, 688]","[39, None, 37]",2,1,2,1,0,1
45,48292,1500,5,thrust,MSC10,15,260930402,"[126, 343, 521, 618]","[26, 43, 21]",3,0,1,1,0,0
46,48293,1500,6,thrust,MSC10,15,260930402,"[129, 247, 396, 531]","[29, None, 31]",2,1,2,2,0,0
47,48294,1500,7,thrust,MSC10,15,260930402,"[124, 214, 358, 523, 613]","[24, 58, 23]",3,0,2,2,0,0
48,45397,2000,0,thrust,MSC10,15,260930402,"[360, 603]","[None, 60, None]",1,2,1,1,0,0
49,45582,2000,1,thrust,MSC10,15,260930402,"[343, 543]","[None, 43, 43]",2,1,0,0,0,0
50,46074,2000,2,thrust,MSC10,15,260930402,"[341, 536]","[None, 41, 36]",2,1,0,0,0,0
51,46079,2000,3,thrust,MSC10,15,260930402,"[330, 531]","[None, 30, 31]",2,1,0,0,0,0
52,46355,2000,4,thrust,MSC10,15,260930402,"[135, 325, 415, 532]","[35, 25, 32]",3,0,1,1,0,0
53,48303,2000,5,thrust,MSC10,15,260930402,"[142, 327, 417, 543]","[42, 27, 43]",3,0,1,1,0,0
54,48304,2000,6,thrust,MSC10,15,260930402,"[126, 252, 342, 449, 549]","[26, 42, 49]",3,0,2,1,0,1
55,48306,2000,7,thrust,MSC10,15,260930402,"[126, 216, 323, 413, 545]","[26, 23, 45]",3,0,2,2,0,0
56,48311,2000,0,thrust,MSC10,15,260930402,"[273, 598]","[None, None, None]",0,3,2,1,0,1
57,48317,2000,1,thrust,MSC10,15,260930402,"[171, 544, 638]","[None, None, 44]",1,2,2,2,0,0
58,48321,2000,2,thrust,MSC10,15,260930402,"[154, 351, 517, 609]","[54, 51, 17]",3,0,1,1,0,0
59,48325,2000,3,thrust,MSC10,15,260930402,"[140, 350, 526, 642]","[40, 50, 26]",3,0,1,1,0,0
60,48330,2000,4,thrust,MSC10,15,260930402,"[328, 458, 548, 644]","[None, 28, 48]",2,1,2,1,0,1
61,48331,2000,5,thrust,MSC10,15,260930402,"[242, 332, 422, 514, 609]","[None, 32, 14]",2,1,3,3,0,0
62,48582,2000,6,thrust,MSC10,15,260930402,"[305, 395, 485, 575]","[None, 5, None]",1,2,3,2,0,1
63,48663,2000,7,thrust,MSC10,15,260930402,"[192, 317, 407, 520, 610]","[None, 17, 20]",2,1,3,3,0,0
0,45197,500,0,thrust,SS2,15,260930403,[395],"[None, None, None]",0,3,1,1,0,0
1,45693,500,1,thrust,SS2,15,260930403,"[66, 336, 552]","[None, 36, 52]",2,1,1,0,0,1
2,47377,500,2,thrust,SS2,15,260930403,"[176, 326, 542]","[None, 26, 42]",2,1,1,1,0,0
3,47389,500,3,thrust,SS2,15,260930403,"[152, 325, 524]","[52, 25, 24]",3,0,0,0,0,0
4,47390,500,4,thrust,SS2,15,260930403,"[122, 212, 321, 469]","[22, 21, None]",2,1,2,1,0,1
5,47391,500,5,thrust,SS2,15,260930403,"[121, 212, 322, 412, 549, 690]","[21, 22, 49]",3,0,3,2,0,1
6,47650,500,6,thrust,SS2,15,260930403,"[111, 201, 294, 384, 474]","[11, None, None]",1,2,4,2,0,2
7,48287,500,7,thrust,SS2,15,260930403,"[118, 208, 315, 421]","[18, 15, None]",2,1,2,2,0,0
8,48291,500,0,thrust,SS2,15,260930403,[658],"[None, None, None]",0,3,1,0,0,1
9,48687,500,1,thrust,SS2,15,260930403,"[155, 408, 542]","[55, None, 42]",2,1,1,1,0,0
10,51862,500,2,thrust,SS2,15,260930403,"[132, 351, 555]","[32, 51, 55]",3,0,0,0,0,0
11,51867,500,3,thrust,SS2,15,260930403,"[126, 235, 414, 540]","[26, None, 40]",2,1,2,2,0,0
12,52471,500,4,thrust,SS2,15,260930403,"[153, 329, 539]","[53, 29, 39]",3,0,0,0,0,0
13,52472,500,5,thrust,SS2,15,260930403,"[134, 327, 424, 538]","[34, 27, 38]",3,0,1,1,0,0
14,52482,500,6,thrust,SS2,15,260930403,"[137, 317, 407, 499, 617]","[37, 17, None]",2,1,3,2,0,1
15,52484,500,7,thrust,SS2,15,260930403,"[133, 326, 451, 541]","[33, 26, 41]",3,0,1,0,0,1
16,45187,1000,0,thrust,SS2,15,260930403,[298],"[None, None, None]",0,3,1,0,0,1
17,45235,1000,1,thrust,SS2,15,260930403,"[154, 344]","[54, 44, None]",2,1,0,0,0,0
18,45377,1000,2,thrust,SS2,15,260930403,"[129, 333]","[29, 33, None]",2,1,0,0,0,0
19,45387,1000,3,thrust,SS2,15,260930403,"[134, 333, 621]","[34, 33, None]",2,1,1,1,0,0
20,45399,1000,4,thrust,SS2,15,260930403,"[137, 377, 532]","[37, None, 32]",2,1,1,1,0,0
21,45531,1000,5,thrust,SS2,15,260930403,"[132, 343, 521, 611]","[32, 43, 21]",3,0,1,1,0,0
22,45542,1000,6,thrust,SS2,15,260930403,"[132, 272, 430, 524, 614]","[32, None, 24]",2,1,3,2,0,1
23,45564,1000,7,thrust,SS2,15,260930403,"[127, 355, 523, 652]","[27, 55, 23]",3,0,1,0,0,1
24,45578,1000,0,thrust,SS2,15,260930403,"[433, 605]","[None, None, None]",0,3,2,2,0,0
25,45660,1000,1,thrust,SS2,15,260930403,"[347, 563]","[None, 47, None]",1,2,1,1,0,0
26,45675,1000,2,thrust,SS2,15,260930403,"[197, 315, 422, 568]","[None, 15, None]",1,2,3,3,0,0
27,45677,1000,3,thrust,SS2,15,260930403,"[206, 331, 509, 604]","[None, 31, 9]",2,1,2,2,0,0
28,47356,1000,4,thrust,SS2,15,260930403,"[130, 332, 570, 693]","[30, 32, None]",2,1,2,1,0,1
29,47361,1000,5,thrust,SS2,15,260930403,"[126, 325, 432, 565, 688]","[26, 25, None]",2,1,3,2,0,1
30,47362,1000,6,thrust,SS2,15,260930403,"[127, 325, 415]","[27, 25, None]",2,1,1,1,0,0
31,47367,1000,7,thrust,SS2,15,260930403,"[126, 224, 331, 585]","[26, 31, None]",2,1,2,2,0,0
32,45189,1500,0,thrust,SS2,15,260930403,"[172, 638]","[None, None, None]",0,3,2,2,0,0
33,45383,1500,1,thrust,SS2,15,260930403,"[161, 409, 583]","[None, None, None]",0,3,3,3,0,0
34,45408,1500,2,thrust,SS2,15,260930403,"[170, 565]","[None, None, None]",0,3,2,2,0,0
35,45686,1500,3,thrust,SS2,15,260930403,"[145, 410, 545]","[45, None, 45]",2,1,1,1,0,0
36,45696,1500,4,thrust,SS2,15,260930403,"[333, 532, 675]","[None, 33, 32]",2,1,1,0,0,1
37,46077,1500,5,thrust,SS2,15,260930403,"[326, 520]","[None, 26, 20]",2,1,0,0,0,0
38,47371,1500,6,thrust,SS2,15,260930403,"[322, 527]","[None, 22, 27]",2,1,0,0,0,0
39,47373,1500,7,thrust,SS2,15,260930403,"[305, 395, 529, 696]","[None, 5, 29]",2,1,2,1,0,1
40,47397,1500,0,thrust,SS2,15,260930403,[624],"[None, None, None]",0,3,1,1,0,0
41,47630,1500,1,thrust,SS2,15,260930403,"[184, 356]","[None, 56, None]",1,2,1,1,0,0
42,47655,1500,2,thrust,SS2,15,260930403,"[150, 360, 605]","[50, 60, None]",2,1,1,1,0,0
43,48143,1500,3,thrust,SS2,15,260930403,"[137, 327, 585]","[37, 27, None]",2,1,1,1,0,0
44,48276,1500,4,thrust,SS2,15,260930403,"[135, 531]","[35, None, 31]",2,1,0,0,0,0
45,48292,1500,5,thrust,SS2,15,260930403,"[132, 383, 516, 608]","[32, None, 16]",2,1,2,2,0,0
46,48293,1500,6,thrust,SS2,15,260930403,"[129, 358, 522, 637]","[29, 58, 22]",3,0,1,1,0,0
47,48294,1500,7,thrust,SS2,15,260930403,"[137, 365, 522, 621]","[37, None, 22]",2,1,2,2,0,0
48,45397,2000,0,thrust,SS2,15,260930403,"[389, 670]","[None, None, None]",0,3,2,1,0,1
49,45582,2000,1,thrust,SS2,15,260930403,"[350, 542]","[None, 50, 42]",2,1,0,0,0,0
50,46074,2000,2,thrust,SS2,15,260930403,"[349, 542]","[None, 49, 42]",2,1,0,0,0,0
51,46079,2000,3,thrust,SS2,15,260930403,"[340, 535]","[None, 40, 35]",2,1,0,0,0,0
52,46355,2000,4,thrust,SS2,15,260930403,"[131, 327, 563]","[31, 27, None]",2,1,1,1,0,0
53,48303,2000,5,thrust,SS2,15,260930403,"[147, 333, 548]","[47, 33, 48]",3,0,0,0,0,0
54,48304,2000,6,thrust,SS2,15,260930403,"[131, 316, 406, 547]","[31, 16, 47]",3,0,1,1,0,0
55,48306,2000,7,thrust,SS2,15,260930403,"[132, 321, 411, 562]","[32, 21, None]",2,1,2,2,0,0
56,48311,2000,0,thrust,SS2,15,260930403,[594],"[None, None, None]",0,3,1,1,0,0
57,48317,2000,1,thrust,SS2,15,260930403,"[198, 552]","[None, None, 52]",1,2,1,1,0,0
58,48321,2000,2,thrust,SS2,15,260930403,"[179, 361, 532, 677]","[None, None, 32]",1,2,3,2,0,1
59,48325,2000,3,thrust,SS2,15,260930403,"[151, 342, 528]","[51, 42, 28]",3,0,0,0,0,0
60,48330,2000,4,thrust,SS2,15,260930403,"[331, 527]","[None, 31, 27]",2,1,0,0,0,0
61,48331,2000,5,thrust,SS2,15,260930403,"[320, 410, 520]","[None, 20, 20]",2,1,1,1,0,0
62,48582,2000,6,thrust,SS2,15,260930403,"[325, 417, 520, 617]","[None, 25, 20]",2,1,2,2,0,0
63,48663,2000,7,thrust,SS2,15,260930403,"[92, 318, 408, 523, 683]","[None, 18, 23]",2,1,3,1,0,2
0,45197,500,0,thrust,SS8,15,260930403,"[396, 521]","[None, None, 21]",1,2,1,1,0,0
1,45693,500,1,thrust,SS8,15,260930403,"[181, 334, 552]","[None, 34, 52]",2,1,1,1,0,0
2,47377,500,2,thrust,SS8,15,260930403,"[154, 326, 425, 536]","[54, 26, 36]",3,0,1,1,0,0
3,47389,500,3,thrust,SS8,15,260930403,"[151, 324, 455, 545]","[51, 24, 45]",3,0,1,0,0,1
4,47390,500,4,thrust,SS8,15,260930403,"[122, 212, 310, 400, 565]","[22, 10, None]",2,1,3,3,0,0
5,47391,500,5,thrust,SS8,15,260930403,"[118, 208, 314, 404, 494]","[18, 14, None]",2,1,3,2,0,1
6,47650,500,6,thrust,SS8,15,260930403,"[114, 204, 294, 384, 474]","[14, None, None]",1,2,4,2,0,2
7,48287,500,7,thrust,SS8,15,260930403,"[118, 208, 298, 388, 587]","[18, None, None]",1,2,4,3,0,1
8,48291,500,0,thrust,SS8,15,260930403,"[277, 662]","[None, None, None]",0,3,2,0,0,2
9,48687,500,1,thrust,SS8,15,260930403,"[128, 408, 544]","[28, None, 44]",2,1,1,1,0,0
10,51862,500,2,thrust,SS8,15,260930403,"[127, 365, 551]","[27, None, 51]",2,1,1,1,0,0
11,51867,500,3,thrust,SS8,15,260930403,"[123, 232, 376, 527]","[23, None, 27]",2,1,2,2,0,0
12,52471,500,4,thrust,SS8,15,260930403,"[153, 264, 354, 446, 541]","[53, 54, 41]",3,0,2,1,0,1
13,52472,500,5,thrust,SS8,15,260930403,"[136, 326, 416, 539]","[36, 26, 39]",3,0,1,1,0,0
14,52482,500,6,thrust,SS8,15,260930403,"[139, 316, 406, 496, 586, 676]","[39, 16, None]",2,1,4,2,0,2
15,52484,500,7,thrust,SS8,15,260930403,"[133, 319, 409, 523, 613]","[33, 19, 23]",3,0,2,2,0,0
16,45187,1000,0,thrust,SS8,15,260930403,[340],"[None, 40, None]",1,2,0,0,0,0
17,45235,1000,1,thrust,SS8,15,260930403,"[156, 344, 666]","[56, 44, None]",2,1,1,0,0,1
18,45377,1000,2,thrust,SS8,15,260930403,"[130, 333]","[30, 33, None]",2,1,0,0,0,0
19,45387,1000,3,thrust,SS8,15,260930403,"[135, 332, 589]","[35, 32, None]",2,1,1,1,0,0
20,45399,1000,4,thrust,SS8,15,260930403,"[132, 261, 522, 612]","[32, None, 22]",2,1,2,1,0,1
21,45531,1000,5,thrust,SS8,15,260930403,"[129, 282, 372, 522, 612]","[29, None, 22]",2,1,3,2,0,1
22,45542,1000,6,thrust,SS8,15,260930403,"[127, 276, 387, 525, 615]","[27, None, 25]",2,1,3,2,0,1
23,45564,1000,7,thrust,SS8,15,260930403,"[119, 209, 363, 523, 652]","[19, None, 23]",2,1,3,2,0,1
24,45578,1000,0,thrust,SS8,15,260930403,"[384, 509]","[None, None, 9]",1,2,1,1,0,0
25,45660,1000,1,thrust,SS8,15,260930403,"[347, 563]","[None, 47, None]",1,2,1,1,0,0
26,45675,1000,2,thrust,SS8,15,260930403,"[177, 320, 422, 546]","[None, 20, 46]",2,1,2,2,0,0
27,45677,1000,3,thrust,SS8,15,260930403,"[167, 331, 512, 602]","[None, 31, 12]",2,1,2,2,0,0
28,47356,1000,4,thrust,SS8,15,260930403,"[128, 295, 385, 486]","[28, None, None]",1,2,3,1,0,2
29,47361,1000,5,thrust,SS8,15,260930403,"[129, 244, 334, 545]","[29, 34, 45]",3,0,1,1,0,0
30,47362,1000,6,thrust,SS8,15,260930403,"[120, 210, 322, 415, 605]","[20, 22, None]",2,1,3,3,0,0
31,47367,1000,7,thrust,SS8,15,260930403,"[122, 212, 318, 408, 600]","[22, 18, None]",2,1,3,3,0,0
32,45189,1500,0,thrust,SS8,15,260930403,[359],"[None, 59, None]",1,2,0,0,0,0
33,45383,1500,1,thrust,SS8,15,260930403,"[153, 404, 581]","[53, None, None]",1,2,2,2,0,0
34,45408,1500,2,thrust,SS8,15,260930403,"[161, 464, 570]","[None, None, None]",0,3,3,2,0,1
35,45686,1500,3,thrust,SS8,15,260930403,"[141, 382, 531]","[41, None, 31]",2,1,1,1,0,0
36,45696,1500,4,thrust,SS8,15,260930403,"[323, 517, 607]","[None, 23, 17]",2,1,1,1,0,0
37,46077,1500,5,thrust,SS8,15,260930403,"[238, 332, 526]","[None, 32, 26]",2,1,1,1,0,0
38,47371,1500,6,thrust,SS8,15,260930403,"[322, 523, 671]","[None, 22, 23]",2,1,1,0,0,1
39,47373,1500,7,thrust,SS8,15,260930403,"[253, 343, 469, 559]","[None, 43, 59]",2,1,2,0,0,2
40,47397,1500,0,thrust,SS8,15,260930403,"[262, 476]","[None, None, None]",0,3,2,0,0,2
41,47630,1500,1,thrust,SS8,15,260930403,"[182, 357]","[None, 57, None]",1,2,1,1,0,0
42,47655,1500,2,thrust,SS8,15,260930403,"[150, 345, 609]","[50, 45, None]",2,1,1,1,0,0
43,48143,1500,3,thrust,SS8,15,260930403,"[138, 322, 458, 647]","[38, 22, None]",2,1,2,1,0,1
44,48276,1500,4,thrust,SS8,15,260930403,"[145, 463, 555]","[45, None, 55]",2,1,1,0,0,1
45,48292,1500,5,thrust,SS8,15,260930403,"[130, 368, 519, 610]","[30, None, 19]",2,1,2,2,0,0
46,48293,1500,6,thrust,SS8,15,260930403,"[126, 265, 398, 523, 615]","[26, None, 23]",2,1,3,2,0,1
47,48294,1500,7,thrust,SS8,15,260930403,"[136, 344, 521, 611]","[36, 44, 21]",3,0,1,1,0,0
48,45397,2000,0,thrust,SS8,15,260930403,"[347, 594]","[None, 47, None]",1,2,1,1,0,0
49,45582,2000,1,thrust,SS8,15,260930403,"[339, 547]","[None, 39, 47]",2,1,0,0,0,0
50,46074,2000,2,thrust,SS8,15,260930403,"[342, 542]","[None, 42, 42]",2,1,0,0,0,0
51,46079,2000,3,thrust,SS8,15,260930403,"[324, 414, 532]","[None, 24, 32]",2,1,1,1,0,0
52,46355,2000,4,thrust,SS8,15,260930403,"[130, 326, 452, 570]","[30, 26, None]",2,1,2,1,0,1
53,48303,2000,5,thrust,SS8,15,260930403,"[128, 316, 406, 521]","[28, 16, 21]",3,0,1,1,0,0
54,48304,2000,6,thrust,SS8,15,260930403,"[130, 316, 406, 536]","[30, 16, 36]",3,0,1,1,0,0
55,48306,2000,7,thrust,SS8,15,260930403,"[132, 322, 412, 551]","[32, 22, 51]",3,0,1,1,0,0
56,48311,2000,0,thrust,SS8,15,260930403,[574],"[None, None, None]",0,3,1,1,0,0
57,48317,2000,1,thrust,SS8,15,260930403,"[154, 398, 554]","[54, None, 54]",2,1,1,1,0,0
58,48321,2000,2,thrust,SS8,15,260930403,"[157, 349, 532]","[57, 49, 32]",3,0,0,0,0,0
59,48325,2000,3,thrust,SS8,15,260930403,"[139, 346, 525, 664]","[39, 46, 25]",3,0,1,0,0,1
60,48330,2000,4,thrust,SS8,15,260930403,"[330, 485, 575, 688]","[None, 30, None]",1,2,3,1,0,2
61,48331,2000,5,thrust,SS8,15,260930403,"[320, 410, 520, 635]","[None, 20, 20]",2,1,2,2,0,0
62,48582,2000,6,thrust,SS8,15,260930403,"[320, 410, 517, 607]","[None, 20, 17]",2,1,2,2,0,0
63,48663,2000,7,thrust,SS8,15,260930403,"[203, 323, 413, 524, 614]","[None, 23, 24]",2,1,3,3,0,0
0,45197,500,0,thrust,SS30,15,260930403,"[203, 411, 576]","[None, None, None]",0,3,3,3,0,0
1,45693,500,1,thrust,SS30,15,260930403,"[177, 334, 538]","[None, 34, 38]",2,1,1,1,0,0
2,47377,500,2,thrust,SS30,15,260930403,"[154, 329, 539]","[54, 29, 39]",3,0,0,0,0,0
3,47389,500,3,thrust,SS30,15,260930403,"[152, 329, 477, 567, 657]","[52, 29, None]",2,1,3,1,0,2
4,47390,500,4,thrust,SS30,15,260930403,"[124, 214, 304, 398, 514]","[24, 4, 14]",3,0,2,2,0,0
5,47391,500,5,thrust,SS30,15,260930403,"[119, 209, 312, 402, 492, 598]","[19, 12, None]",2,1,4,3,0,1
6,47650,500,6,thrust,SS30,15,260930403,"[120, 210, 300, 390, 480, 570]","[20, None, None]",1,2,5,3,0,2
7,48287,500,7,thrust,SS30,15,260930403,"[122, 212, 302, 392, 482]","[22, 2, None]",2,1,3,2,0,1
8,48291,500,0,thrust,SS30,15,260930403,"[131, 547]","[31, None, 47]",2,1,0,0,0,0
9,48687,500,1,thrust,SS30,15,260930403,"[136, 383, 542]","[36, None, 42]",2,1,1,1,0,0
10,51862,500,2,thrust,SS30,15,260930403,"[122, 212, 385, 543]","[22, None, 43]",2,1,2,2,0,0
11,51867,500,3,thrust,SS30,15,260930403,"[128, 233, 366, 531]","[28, None, 31]",2,1,2,2,0,0
12,52471,500,4,thrust,SS30,15,260930403,"[150, 325, 432, 533]","[50, 25, 33]",3,0,1,1,0,0
13,52472,500,5,thrust,SS30,15,260930403,"[136, 328, 436, 535]","[36, 28, 35]",3,0,1,1,0,0
14,52482,500,6,thrust,SS30,15,260930403,"[140, 320, 410, 500, 590, 680]","[40, 20, None]",2,1,4,2,0,2
15,52484,500,7,thrust,SS30,15,260930403,"[135, 321, 411, 501, 591, 681]","[35, 21, 1]",3,0,3,2,0,1
16,45187,1000,0,thrust,SS30,15,260930403,[322],"[None, 22, None]",1,2,0,0,0,0
17,45235,1000,1,thrust,SS30,15,260930403,"[148, 344, 649]","[48, 44, None]",2,1,1,1,0,0
18,45377,1000,2,thrust,SS30,15,260930403,"[141, 334, 669]","[41, 34, None]",2,1,1,0,0,1
19,45387,1000,3,thrust,SS30,15,260930403,"[136, 333, 585]","[36, 33, None]",2,1,1,1,0,0
20,45399,1000,4,thrust,SS30,15,260930403,"[132, 387, 529, 619]","[32, None, 29]",2,1,2,2,0,0
21,45531,1000,5,thrust,SS30,15,260930403,"[130, 235, 357, 526, 616]","[30, 57, 26]",3,0,2,2,0,0
22,45542,1000,6,thrust,SS30,15,260930403,"[129, 232, 387, 526, 616]","[29, None, 26]",2,1,3,3,0,0
23,45564,1000,7,thrust,SS30,15,260930403,"[123, 213, 362, 525, 632]","[23, None, 25]",2,1,3,3,0,0
24,45578,1000,0,thrust,SS30,15,260930403,"[374, 566]","[None, None, None]",0,3,2,2,0,0
25,45660,1000,1,thrust,SS30,15,260930403,"[347, 477, 567]","[None, 47, None]",1,2,2,1,0,1
26,45675,1000,2,thrust,SS30,15,260930403,"[177, 328, 527]","[None, 28, 27]",2,1,1,1,0,0
27,45677,1000,3,thrust,SS30,15,260930403,"[205, 332, 530]","[None, 32, 30]",2,1,1,1,0,0
28,47356,1000,4,thrust,SS30,15,260930403,"[131, 332, 567]","[31, 32, None]",2,1,1,1,0,0
29,47361,1000,5,thrust,SS30,15,260930403,"[133, 244, 334, 542]","[33, 34, 42]",3,0,1,1,0,0
30,47362,1000,6,thrust,SS30,15,260930403,"[127, 217, 327, 417, 574]","[27, 27, None]",2,1,3,3,0,0
31,47367,1000,7,thrust,SS30,15,260930403,"[128, 224, 330, 446, 612]","[28, 30, None]",2,1,3,3,0,0
32,45189,1500,0,thrust,SS30,15,260930403,"[233, 553]","[None, None, 53]",1,2,1,1,0,0
33,45383,1500,1,thrust,SS30,15,260930403,"[156, 400, 583]","[56, None, None]",1,2,2,2,0,0
34,45408,1500,2,thrust,SS30,15,260930403,"[165, 442, 563]","[None, None, None]",0,3,3,3,0,0
35,45686,1500,3,thrust,SS30,15,260930403,"[145, 382, 528]","[45, None, 28]",2,1,1,1,0,0
36,45696,1500,4,thrust,SS30,15,260930403,"[280, 370, 460, 550, 640]","[None, None, 50]",1,2,4,2,0,2
37,46077,1500,5,thrust,SS30,15,260930403,"[205, 323, 413, 534]","[None, 23, 34]",2,1,2,2,0,0
38,47371,1500,6,thrust,SS30,15,260930403,"[325, 523, 613]","[None, 25, 23]",2,1,1,1,0,0
39,47373,1500,7,thrust,SS30,15,260930403,"[224, 325, 415, 531, 696]","[None, 25, 31]",2,1,3,2,0,1
40,47397,1500,0,thrust,SS30,15,260930403,"[281, 461]","[None, None, None]",0,3,2,0,0,2
41,47630,1500,1,thrust,SS30,15,260930403,"[169, 334]","[None, 34, None]",1,2,1,1,0,0
42,47655,1500,2,thrust,SS30,15,260930403,"[142, 350, 575]","[42, 50, None]",2,1,1,1,0,0
43,48143,1500,3,thrust,SS30,15,260930403,"[138, 327, 460, 651]","[38, 27, None]",2,1,2,0,0,2
44,48276,1500,4,thrust,SS30,15,260930403,"[145, 426, 535]","[45, None, 35]",2,1,1,1,0,0
45,48292,1500,5,thrust,SS30,15,260930403,"[132, 373, 523, 613]","[32, None, 23]",2,1,2,2,0,0
46,48293,1500,6,thrust,SS30,15,260930403,"[130, 246, 362, 527, 617]","[30, None, 27]",2,1,3,3,0,0
47,48294,1500,7,thrust,SS30,15,260930403,"[131, 305, 526, 625]","[31, 5, 26]",3,0,1,1,0,0
48,45397,2000,0,thrust,SS30,15,260930403,"[359, 594]","[None, 59, None]",1,2,1,1,0,0
49,45582,2000,1,thrust,SS30,15,260930403,"[347, 437, 591]","[None, 47, None]",1,2,2,2,0,0
50,46074,2000,2,thrust,SS30,15,260930403,"[347, 437, 541]","[None, 47, 41]",2,1,1,1,0,0
51,46079,2000,3,thrust,SS30,15,260930403,"[332, 427, 531]","[None, 32, 31]",2,1,1,1,0,0
52,46355,2000,4,thrust,SS30,15,260930403,"[127, 283, 373, 463, 567]","[27, None, None]",1,2,4,2,0,2
53,48303,2000,5,thrust,SS30,15,260930403,"[143, 331, 549]","[43, 31, 49]",3,0,0,0,0,0
54,48304,2000,6,thrust,SS30,15,260930403,"[133, 322, 412, 546]","[33, 22, 46]",3,0,1,1,0,0
55,48306,2000,7,thrust,SS30,15,260930403,"[134, 264, 354, 444, 548]","[34, 54, 48]",3,0,2,1,0,1
56,48311,2000,0,thrust,SS30,15,260930403,"[275, 580]","[None, None, None]",0,3,2,1,0,1
57,48317,2000,1,thrust,SS30,15,260930403,"[162, 392, 550]","[None, None, 50]",1,2,2,2,0,0
58,48321,2000,2,thrust,SS30,15,260930403,"[158, 348, 537]","[58, 48, 37]",3,0,0,0,0,0
59,48325,2000,3,thrust,SS30,15,260930403,"[140, 346, 529]","[40, 46, 29]",3,0,0,0,0,0
60,48330,2000,4,thrust,SS30,15,260930403,"[334, 527, 658]","[None, 34, 27]",2,1,1,0,0,1
61,48331,2000,5,thrust,SS30,15,260930403,"[298, 388, 478, 568, 673]","[None, None, None]",0,3,5,2,0,3
62,48582,2000,6,thrust,SS30,15,260930403,"[305, 395, 485, 575, 665]","[None, 5, None]",1,2,4,2,0,2
63,48663,2000,7,thrust,SS30,15,260930403,"[211, 329, 419, 525, 615]","[None, 29, 25]",2,1,3,3,0,0
0,45197,500,0,thrust,MSC16,15,260930403,"[292, 558]","[None, None, 58]",1,2,1,0,0,1
1,45693,500,1,thrust,MSC16,15,260930403,"[180, 332, 536]","[None, 32, 36]",2,1,1,1,0,0
2,47377,500,2,thrust,MSC16,15,260930403,"[153, 326, 425, 536]","[53, 26, 36]",3,0,1,1,0,0
3,47389,500,3,thrust,MSC16,15,260930403,"[152, 324, 455, 545]","[52, 24, 45]",3,0,1,0,0,1
4,47390,500,4,thrust,MSC16,15,260930403,"[122, 212, 313, 403, 568]","[22, 13, None]",2,1,3,3,0,0
5,47391,500,5,thrust,MSC16,15,260930403,"[115, 205, 313, 403, 493, 598]","[15, 13, None]",2,1,4,3,0,1
6,47650,500,6,thrust,MSC16,15,260930403,"[117, 207, 297, 387, 477, 567]","[17, None, None]",1,2,5,3,0,2
7,48287,500,7,thrust,MSC16,15,260930403,"[118, 208, 298, 388, 478]","[18, None, None]",1,2,4,2,0,2
8,48291,500,0,thrust,MSC16,15,260930403,"[194, 580]","[None, None, None]",0,3,2,2,0,0
9,48687,500,1,thrust,MSC16,15,260930403,"[128, 386, 546]","[28, None, 46]",2,1,1,1,0,0
10,51862,500,2,thrust,MSC16,15,260930403,"[123, 213, 387, 551]","[23, None, 51]",2,1,2,2,0,0
11,51867,500,3,thrust,MSC16,15,260930403,"[125, 232, 374, 532]","[25, None, 32]",2,1,2,2,0,0
12,52471,500,4,thrust,MSC16,15,260930403,"[147, 324, 434, 532]","[47, 24, 32]",3,0,1,1,0,0
13,52472,500,5,thrust,MSC16,15,260930403,"[135, 326, 418, 539]","[35, 26, 39]",3,0,1,1,0,0
14,52482,500,6,thrust,MSC16,15,260930403,"[139, 316, 406, 496, 586, 676]","[39, 16, None]",2,1,4,2,0,2
15,52484,500,7,thrust,MSC16,15,260930403,"[133, 320, 410, 500, 590, 680]","[33, 20, None]",2,1,4,2,0,2
16,45187,1000,0,thrust,MSC16,15,260930403,[348],"[None, 48, None]",1,2,0,0,0,0
17,45235,1000,1,thrust,MSC16,15,260930403,"[154, 344, 663]","[54, 44, None]",2,1,1,0,0,1
18,45377,1000,2,thrust,MSC16,15,260930403,"[133, 334, 678]","[33, 34, None]",2,1,1,0,0,1
19,45387,1000,3,thrust,MSC16,15,260930403,"[135, 331, 587]","[35, 31, None]",2,1,1,1,0,0
20,45399,1000,4,thrust,MSC16,15,260930403,"[129, 260, 522, 612]","[29, None, 22]",2,1,2,1,0,1
21,45531,1000,5,thrust,MSC16,15,260930403,"[128, 237, 355, 522, 612]","[28, 55, 22]",3,0,2,2,0,0
22,45542,1000,6,thrust,MSC16,15,260930403,"[128, 236, 387, 524, 614]","[28, None, 24]",2,1,3,3,0,0
23,45564,1000,7,thrust,MSC16,15,260930403,"[120, 210, 363, 523, 625]","[20, None, 23]",2,1,3,3,0,0
24,45578,1000,0,thrust,MSC16,15,260930403,"[374, 569]","[None, None, None]",0,3,2,2,0,0
25,45660,1000,1,thrust,MSC16,15,260930403,"[345, 467, 563]","[None, 45, None]",1,2,2,1,0,1
26,45675,1000,2,thrust,MSC16,15,260930403,"[176, 323, 465, 555]","[None, 23, 55]",2,1,2,1,0,1
27,45677,1000,3,thrust,MSC16,15,260930403,"[264, 354, 444, 534]","[None, 54, 34]",2,1,2,1,0,1
28,47356,1000,4,thrust,MSC16,15,260930403,"[129, 327, 421, 573]","[29, 27, None]",2,1,2,2,0,0
29,47361,1000,5,thrust,MSC16,15,260930403,"[130, 245, 335, 545]","[30, 35, 45]",3,0,1,1,0,0
30,47362,1000,6,thrust,MSC16,15,260930403,"[123, 213, 322, 412, 577]","[23, 22, None]",2,1,3,3,0,0
31,47367,1000,7,thrust,MSC16,15,260930403,"[122, 212, 319, 409, 572]","[22, 19, None]",2,1,3,3,0,0
32,45189,1500,0,thrust,MSC16,15,260930403,"[236, 642]","[None, None, None]",0,3,2,2,0,0
33,45383,1500,1,thrust,MSC16,15,260930403,"[158, 402, 582]","[58, None, None]",1,2,2,2,0,0
34,45408,1500,2,thrust,MSC16,15,260930403,"[165, 440, 563]","[None, None, None]",0,3,3,3,0,0
35,45686,1500,3,thrust,MSC16,15,260930403,"[142, 382, 535]","[42, None, 35]",2,1,1,1,0,0
36,45696,1500,4,thrust,MSC16,15,260930403,"[323, 523, 617]","[None, 23, 23]",2,1,1,1,0,0
37,46077,1500,5,thrust,MSC16,15,260930403,"[239, 331, 526]","[None, 31, 26]",2,1,1,1,0,0
38,47371,1500,6,thrust,MSC16,15,260930403,"[322, 523, 672]","[None, 22, 23]",2,1,1,0,0,1
39,47373,1500,7,thrust,MSC16,15,260930403,"[291, 381, 471, 561, 651]","[None, None, None]",0,3,5,2,0,3
40,47397,1500,0,thrust,MSC16,15,260930403,"[264, 481]","[None, None, None]",0,3,2,0,0,2
41,47630,1500,1,thrust,MSC16,15,260930403,"[169, 341]","[None, 41, None]",1,2,1,1,0,0
42,47655,1500,2,thrust,MSC16,15,260930403,"[150, 346, 599]","[50, 46, None]",2,1,1,1,0,0
43,48143,1500,3,thrust,MSC16,15,260930403,"[137, 322, 456, 654]","[37, 22, None]",2,1,2,0,0,2
44,48276,1500,4,thrust,MSC16,15,260930403,"[145, 467, 557]","[45, None, 57]",2,1,1,0,0,1
45,48292,1500,5,thrust,MSC16,15,260930403,"[131, 370, 521, 611]","[31, None, 21]",2,1,2,2,0,0
46,48293,1500,6,thrust,MSC16,15,260930403,"[125, 215, 362, 523, 613]","[25, None, 23]",2,1,3,3,0,0
47,48294,1500,7,thrust,MSC16,15,260930403,"[131, 342, 522, 612]","[31, 42, 22]",3,0,1,1,0,0
48,45397,2000,0,thrust,MSC16,15,260930403,"[348, 598]","[None, 48, None]",1,2,1,1,0,0
49,45582,2000,1,thrust,MSC16,15,260930403,"[340, 524]","[None, 40, 24]",2,1,0,0,0,0
50,46074,2000,2,thrust,MSC16,15,260930403,"[341, 543]","[None, 41, 43]",2,1,0,0,0,0
51,46079,2000,3,thrust,MSC16,15,260930403,"[324, 414, 531]","[None, 24, 31]",2,1,1,1,0,0
52,46355,2000,4,thrust,MSC16,15,260930403,"[129, 324, 414, 568]","[29, 24, None]",2,1,2,2,0,0
53,48303,2000,5,thrust,MSC16,15,260930403,"[128, 319, 409, 545]","[28, 19, 45]",3,0,1,1,0,0
54,48304,2000,6,thrust,MSC16,15,260930403,"[128, 223, 325, 415, 537]","[28, 25, 37]",3,0,2,2,0,0
55,48306,2000,7,thrust,MSC16,15,260930403,"[132, 322, 412, 502]","[32, 22, 2]",3,0,1,1,0,0
56,48311,2000,0,thrust,MSC16,15,260930403,[581],"[None, None, None]",0,3,1,1,0,0
57,48317,2000,1,thrust,MSC16,15,260930403,"[154, 395, 554]","[54, None, 54]",2,1,1,1,0,0
58,48321,2000,2,thrust,MSC16,15,260930403,"[155, 354, 532]","[55, 54, 32]",3,0,0,0,0,0
59,48325,2000,3,thrust,MSC16,15,260930403,"[139, 346, 527, 666]","[39, 46, 27]",3,0,1,0,0,1
60,48330,2000,4,thrust,MSC16,15,260930403,"[331, 492, 582, 678]","[None, 31, None]",1,2,3,1,0,2
61,48331,2000,5,thrust,MSC16,15,260930403,"[320, 410, 520, 642]","[None, 20, 20]",2,1,2,2,0,0
62,48582,2000,6,thrust,MSC16,15,260930403,"[320, 410, 500, 590, 680]","[None, 20, None]",1,2,4,2,0,2
63,48663,2000,7,thrust,MSC16,15,260930403,"[210, 323, 413, 524, 614]","[None, 23, 24]",2,1,3,3,0,0
0,45197,500,0,thrust,MSC30,15,260930403,"[204, 412, 589]","[None, None, None]",0,3,3,3,0,0
1,45693,500,1,thrust,MSC30,15,260930403,"[179, 334, 538]","[None, 34, 38]",2,1,1,1,0,0
2,47377,500,2,thrust,MSC30,15,260930403,"[154, 327, 425, 537]","[54, 27, 37]",3,0,1,1,0,0
3,47389,500,3,thrust,MSC30,15,260930403,"[152, 325, 456, 546]","[52, 25, 46]",3,0,1,0,0,1
4,47390,500,4,thrust,MSC30,15,260930403,"[122, 212, 302, 392, 565]","[22, 2, None]",2,1,3,3,0,0
5,47391,500,5,thrust,MSC30,15,260930403,"[118, 208, 312, 402, 492, 598]","[18, 12, None]",2,1,4,3,0,1
6,47650,500,6,thrust,MSC30,15,260930403,"[118, 208, 298, 388, 478, 568]","[18, None, None]",1,2,5,3,0,2
7,48287,500,7,thrust,MSC30,15,260930403,"[118, 208, 298, 388, 478]","[18, None, None]",1,2,4,2,0,2
8,48291,500,0,thrust,MSC30,15,260930403,"[133, 547]","[33, None, 47]",2,1,0,0,0,0
9,48687,500,1,thrust,MSC30,15,260930403,"[128, 393, 542]","[28, None, 42]",2,1,1,1,0,0
10,51862,500,2,thrust,MSC30,15,260930403,"[123, 213, 385, 543]","[23, None, 43]",2,1,2,2,0,0
11,51867,500,3,thrust,MSC30,15,260930403,"[126, 222, 365, 532]","[26, None, 32]",2,1,2,2,0,0
12,52471,500,4,thrust,MSC30,15,260930403,"[150, 325, 432, 533]","[50, 25, 33]",3,0,1,1,0,0
13,52472,500,5,thrust,MSC30,15,260930403,"[135, 328, 436, 536]","[35, 28, 36]",3,0,1,1,0,0
14,52482,500,6,thrust,MSC30,15,260930403,"[139, 316, 406, 496, 586, 676]","[39, 16, None]",2,1,4,2,0,2
15,52484,500,7,thrust,MSC30,15,260930403,"[133, 320, 410, 500, 590, 680]","[33, 20, None]",2,1,4,2,0,2
16,45187,1000,0,thrust,MSC30,15,260930403,[323],"[None, 23, None]",1,2,0,0,0,0
17,45235,1000,1,thrust,MSC30,15,260930403,"[150, 344, 649]","[50, 44, None]",2,1,1,1,0,0
18,45377,1000,2,thrust,MSC30,15,260930403,"[133, 334, 671]","[33, 34, None]",2,1,1,0,0,1
19,45387,1000,3,thrust,MSC30,15,260930403,"[135, 332, 585]","[35, 32, None]",2,1,1,1,0,0
20,45399,1000,4,thrust,MSC30,15,260930403,"[133, 387, 522, 612]","[33, None, 22]",2,1,2,2,0,0
21,45531,1000,5,thrust,MSC30,15,260930403,"[129, 230, 356, 522, 612]","[29, 56, 22]",3,0,2,2,0,0
22,45542,1000,6,thrust,MSC30,15,260930403,"[128, 229, 386, 525, 615]","[28, None, 25]",2,1,3,3,0,0
23,45564,1000,7,thrust,MSC30,15,260930403,"[120, 210, 300, 523, 628]","[20, None, 23]",2,1,3,2,0,1
24,45578,1000,0,thrust,MSC30,15,260930403,"[375, 566]","[None, None, None]",0,3,2,2,0,0
25,45660,1000,1,thrust,MSC30,15,260930403,"[347, 478, 568]","[None, 47, None]",1,2,2,1,0,1
26,45675,1000,2,thrust,MSC30,15,260930403,"[177, 325, 415, 546]","[None, 25, 46]",2,1,2,2,0,0
27,45677,1000,3,thrust,MSC30,15,260930403,"[206, 332, 530]","[None, 32, 30]",2,1,1,1,0,0
28,47356,1000,4,thrust,MSC30,15,260930403,"[129, 220, 324, 414, 570]","[29, 24, None]",2,1,3,3,0,0
29,47361,1000,5,thrust,MSC30,15,260930403,"[130, 234, 325, 415, 551]","[30, 25, 51]",3,0,2,2,0,0
30,47362,1000,6,thrust,MSC30,15,260930403,"[124, 214, 322, 412, 574]","[24, 22, None]",2,1,3,3,0,0
31,47367,1000,7,thrust,MSC30,15,260930403,"[122, 212, 302, 392, 482, 641]","[22, 2, None]",2,1,4,3,0,1
32,45189,1500,0,thrust,MSC30,15,260930403,"[234, 553]","[None, None, 53]",1,2,1,1,0,0
33,45383,1500,1,thrust,MSC30,15,260930403,"[158, 400, 582]","[58, None, None]",1,2,2,2,0,0
34,45408,1500,2,thrust,MSC30,15,260930403,"[164, 442, 563]","[None, None, None]",0,3,3,3,0,0
35,45686,1500,3,thrust,MSC30,15,260930403,"[143, 382, 528]","[43, None, 28]",2,1,1,1,0,0
36,45696,1500,4,thrust,MSC30,15,260930403,"[287, 377, 467, 557, 647]","[None, None, 57]",1,2,4,2,0,2
37,46077,1500,5,thrust,MSC30,15,260930403,"[205, 323, 413, 535]","[None, 23, 35]",2,1,2,2,0,0
38,47371,1500,6,thrust,MSC30,15,260930403,"[322, 412, 528, 678]","[None, 22, 28]",2,1,2,1,0,1
39,47373,1500,7,thrust,MSC30,15,260930403,"[250, 340, 430, 526, 641]","[None, 40, 26]",2,1,3,2,0,1
40,47397,1500,0,thrust,MSC30,15,260930403,"[264, 460]","[None, None, None]",0,3,2,0,0,2
41,47630,1500,1,thrust,MSC30,15,260930403,"[169, 336]","[None, 36, None]",1,2,1,1,0,0
42,47655,1500,2,thrust,MSC30,15,260930403,"[147, 346, 581]","[47, 46, None]",2,1,1,1,0,0
43,48143,1500,3,thrust,MSC30,15,260930403,"[138, 322, 432, 591]","[38, 22, None]",2,1,2,2,0,0
44,48276,1500,4,thrust,MSC30,15,260930403,"[145, 427, 535]","[45, None, 35]",2,1,1,1,0,0
45,48292,1500,5,thrust,MSC30,15,260930403,"[131, 373, 521, 611]","[31, None, 21]",2,1,2,2,0,0
46,48293,1500,6,thrust,MSC30,15,260930403,"[126, 219, 364, 523, 613]","[26, None, 23]",2,1,3,3,0,0
47,48294,1500,7,thrust,MSC30,15,260930403,"[131, 305, 521, 611]","[31, 5, 21]",3,0,1,1,0,0
48,45397,2000,0,thrust,MSC30,15,260930403,"[360, 596]","[None, 60, None]",1,2,1,1,0,0
49,45582,2000,1,thrust,MSC30,15,260930403,"[347, 470]","[None, 47, None]",1,2,1,0,0,1
50,46074,2000,2,thrust,MSC30,15,260930403,"[345, 435, 541]","[None, 45, 41]",2,1,1,1,0,0
51,46079,2000,3,thrust,MSC30,15,260930403,"[324, 414, 532]","[None, 24, 32]",2,1,1,1,0,0
52,46355,2000,4,thrust,MSC30,15,260930403,"[127, 283, 373, 463, 567]","[27, None, None]",1,2,4,2,0,2
53,48303,2000,5,thrust,MSC30,15,260930403,"[144, 332, 546]","[44, 32, 46]",3,0,0,0,0,0
54,48304,2000,6,thrust,MSC30,15,260930403,"[131, 321, 411, 501, 618]","[31, 21, 1]",3,0,2,2,0,0
55,48306,2000,7,thrust,MSC30,15,260930403,"[132, 261, 351, 441, 549]","[32, 51, 49]",3,0,2,1,0,1
56,48311,2000,0,thrust,MSC30,15,260930403,"[275, 580]","[None, None, None]",0,3,2,1,0,1
57,48317,2000,1,thrust,MSC30,15,260930403,"[155, 392, 551]","[55, None, 51]",2,1,1,1,0,0
58,48321,2000,2,thrust,MSC30,15,260930403,"[158, 350, 532]","[58, 50, 32]",3,0,0,0,0,0
59,48325,2000,3,thrust,MSC30,15,260930403,"[139, 347, 527, 665]","[39, 47, 27]",3,0,1,0,0,1
60,48330,2000,4,thrust,MSC30,15,260930403,"[331, 527, 657]","[None, 31, 27]",2,1,1,0,0,1
61,48331,2000,5,thrust,MSC30,15,260930403,"[300, 390, 480, 570, 673]","[None, None, None]",0,3,5,2,0,3
62,48582,2000,6,thrust,MSC30,15,260930403,"[315, 405, 495, 585, 675]","[None, 15, None]",1,2,4,2,0,2
63,48663,2000,7,thrust,MSC30,15,260930403,"[212, 323, 413, 519, 609]","[None, 23, 19]",2,1,3,3,0,0
0,45197,500,0,thrust,MSC10,15,260930403,"[394, 522]","[None, None, 22]",1,2,1,1,0,0
1,45693,500,1,thrust,MSC10,15,260930403,"[180, 334, 531]","[None, 34, 31]",2,1,1,1,0,0
2,47377,500,2,thrust,MSC10,15,260930403,"[153, 326, 441, 538]","[53, 26, 38]",3,0,1,1,0,0
3,47389,500,3,thrust,MSC10,15,260930403,"[151, 325, 456, 546, 637]","[51, 25, 46]",3,0,2,1,0,1
4,47390,500,4,thrust,MSC10,15,260930403,"[123, 213, 321, 411, 565]","[23, 21, None]",2,1,3,3,0,0
5,47391,500,5,thrust,MSC10,15,260930403,"[113, 203, 314, 404, 494, 598]","[13, 14, None]",2,1,4,3,0,1
6,47650,500,6,thrust,MSC10,15,260930403,"[116, 206, 296, 386, 476, 567]","[16, None, None]",1,2,5,3,0,2
7,48287,500,7,thrust,MSC10,15,260930403,"[118, 208, 298, 388, 588]","[18, None, None]",1,2,4,3,0,1
8,48291,500,0,thrust,MSC10,15,260930403,"[279, 664]","[None, None, None]",0,3,2,0,0,2
9,48687,500,1,thrust,MSC10,15,260930403,"[128, 384, 543]","[28, None, 43]",2,1,1,1,0,0
10,51862,500,2,thrust,MSC10,15,260930403,"[121, 211, 389, 548]","[21, None, 48]",2,1,2,2,0,0
11,51867,500,3,thrust,MSC10,15,260930403,"[121, 223, 370, 529]","[21, None, 29]",2,1,2,2,0,0
12,52471,500,4,thrust,MSC10,15,260930403,"[144, 325, 434, 532]","[44, 25, 32]",3,0,1,1,0,0
13,52472,500,5,thrust,MSC10,15,260930403,"[135, 326, 416, 539]","[35, 26, 39]",3,0,1,1,0,0
14,52482,500,6,thrust,MSC10,15,260930403,"[139, 315, 405, 495, 585, 675]","[39, 15, None]",2,1,4,2,0,2
15,52484,500,7,thrust,MSC10,15,260930403,"[133, 320, 410, 503, 593, 684]","[33, 20, 3]",3,0,3,2,0,1
16,45187,1000,0,thrust,MSC10,15,260930403,[299],"[None, None, None]",0,3,1,0,0,1
17,45235,1000,1,thrust,MSC10,15,260930403,"[155, 344, 663]","[55, 44, None]",2,1,1,0,0,1
18,45377,1000,2,thrust,MSC10,15,260930403,"[133, 334]","[33, 34, None]",2,1,0,0,0,0
19,45387,1000,3,thrust,MSC10,15,260930403,"[135, 331, 585]","[35, 31, None]",2,1,1,1,0,0
20,45399,1000,4,thrust,MSC10,15,260930403,"[128, 256, 521, 611]","[28, None, 21]",2,1,2,1,0,1
21,45531,1000,5,thrust,MSC10,15,260930403,"[129, 282, 372, 522, 612]","[29, None, 22]",2,1,3,2,0,1
22,45542,1000,6,thrust,MSC10,15,260930403,"[128, 325, 523, 613]","[28, 25, 23]",3,0,1,1,0,0
23,45564,1000,7,thrust,MSC10,15,260930403,"[119, 209, 323, 523, 647]","[19, 23, 23]",3,0,2,2,0,0
24,45578,1000,0,thrust,MSC10,15,260930403,"[382, 571]","[None, None, None]",0,3,2,2,0,0
25,45660,1000,1,thrust,MSC10,15,260930403,"[346, 562]","[None, 46, None]",1,2,1,1,0,0
26,45675,1000,2,thrust,MSC10,15,260930403,"[176, 316, 406, 547]","[None, 16, 47]",2,1,2,2,0,0
27,45677,1000,3,thrust,MSC10,15,260930403,"[208, 330, 511, 601]","[None, 30, 11]",2,1,2,2,0,0
28,47356,1000,4,thrust,MSC10,15,260930403,"[128, 328, 427, 578]","[28, 28, None]",2,1,2,2,0,0
29,47361,1000,5,thrust,MSC10,15,260930403,"[129, 244, 334, 542]","[29, 34, 42]",3,0,1,1,0,0
30,47362,1000,6,thrust,MSC10,15,260930403,"[122, 212, 321, 415, 605]","[22, 21, None]",2,1,3,3,0,0
31,47367,1000,7,thrust,MSC10,15,260930403,"[123, 213, 319, 409, 601]","[23, 19, None]",2,1,3,3,0,0
32,45189,1500,0,thrust,MSC10,15,260930403,[359],"[None, 59, None]",1,2,0,0,0,0
33,45383,1500,1,thrust,MSC10,15,260930403,"[154, 404, 582]","[54, None, None]",1,2,2,2,0,0
34,45408,1500,2,thrust,MSC10,15,260930403,"[161, 449, 563]","[None, None, None]",0,3,3,3,0,0
35,45686,1500,3,thrust,MSC10,15,260930403,"[142, 382, 531]","[42, None, 31]",2,1,1,1,0,0
36,45696,1500,4,thrust,MSC10,15,260930403,"[322, 468, 558, 648]","[None, 22, 58]",2,1,2,1,0,1
37,46077,1500,5,thrust,MSC10,15,260930403,"[238, 332, 526]","[None, 32, 26]",2,1,1,1,0,0
38,47371,1500,6,thrust,MSC10,15,260930403,"[322, 522, 645]","[None, 22, 22]",2,1,1,1,0,0
39,47373,1500,7,thrust,MSC10,15,260930403,"[293, 383, 473, 563]","[None, None, None]",0,3,4,2,0,2
40,47397,1500,0,thrust,MSC10,15,260930403,"[263, 459]","[None, None, None]",0,3,2,0,0,2
41,47630,1500,1,thrust,MSC10,15,260930403,"[179, 355]","[None, 55, None]",1,2,1,1,0,0
42,47655,1500,2,thrust,MSC10,15,260930403,"[150, 344, 597]","[50, 44, None]",2,1,1,1,0,0
43,48143,1500,3,thrust,MSC10,15,260930403,"[137, 322, 456]","[37, 22, None]",2,1,1,0,0,1
44,48276,1500,4,thrust,MSC10,15,260930403,"[144, 465, 556]","[44, None, 56]",2,1,1,0,0,1
45,48292,1500,5,thrust,MSC10,15,260930403,"[130, 366, 517, 607]","[30, None, 17]",2,1,2,2,0,0
46,48293,1500,6,thrust,MSC10,15,260930403,"[125, 253, 362, 522, 612]","[25, None, 22]",2,1,3,2,0,1
47,48294,1500,7,thrust,MSC10,15,260930403,"[130, 307, 520, 610]","[30, 7, 20]",3,0,1,1,0,0
48,45397,2000,0,thrust,MSC10,15,260930403,"[347, 596]","[None, 47, None]",1,2,1,1,0,0
49,45582,2000,1,thrust,MSC10,15,260930403,"[340, 547]","[None, 40, 47]",2,1,0,0,0,0
50,46074,2000,2,thrust,MSC10,15,260930403,"[342, 541]","[None, 42, 41]",2,1,0,0,0,0
51,46079,2000,3,thrust,MSC10,15,260930403,"[324, 414, 532]","[None, 24, 32]",2,1,1,1,0,0
52,46355,2000,4,thrust,MSC10,15,260930403,"[129, 324, 414, 567]","[29, 24, None]",2,1,2,2,0,0
53,48303,2000,5,thrust,MSC10,15,260930403,"[130, 318, 408, 539]","[30, 18, 39]",3,0,1,1,0,0
54,48304,2000,6,thrust,MSC10,15,260930403,"[124, 214, 322, 412, 537]","[24, 22, 37]",3,0,2,2,0,0
55,48306,2000,7,thrust,MSC10,15,260930403,"[131, 321, 411, 551]","[31, 21, 51]",3,0,1,1,0,0
56,48311,2000,0,thrust,MSC10,15,260930403,[574],"[None, None, None]",0,3,1,1,0,0
57,48317,2000,1,thrust,MSC10,15,260930403,"[155, 310, 532]","[55, 10, 32]",3,0,0,0,0,0
58,48321,2000,2,thrust,MSC10,15,260930403,"[154, 349, 532]","[54, 49, 32]",3,0,0,0,0,0
59,48325,2000,3,thrust,MSC10,15,260930403,"[139, 345, 526, 665]","[39, 45, 26]",3,0,1,0,0,1
60,48330,2000,4,thrust,MSC10,15,260930403,"[330, 486, 576, 678]","[None, 30, None]",1,2,3,1,0,2
61,48331,2000,5,thrust,MSC10,15,260930403,"[320, 410, 515, 608]","[None, 20, 15]",2,1,2,2,0,0
62,48582,2000,6,thrust,MSC10,15,260930403,"[302, 392, 482, 572]","[None, 2, None]",1,2,3,2,0,1
63,48663,2000,7,thrust,MSC10,15,260930403,"[203, 322, 412, 522, 612]","[None, 22, 22]",2,1,3,3,0,0
0,45197,500,0,thrust,SS2,20,260930401,"[400, 646]","[None, None, None]",0,3,2,2,0,0
1,45693,500,1,thrust,SS2,20,260930401,"[182, 343, 549]","[None, 43, 49]",2,1,1,1,0,0
2,47377,500,2,thrust,SS2,20,260930401,"[163, 331, 536]","[None, 31, 36]",2,1,1,1,0,0
3,47389,500,3,thrust,SS2,20,260930401,"[148, 330, 530]","[48, 30, 30]",3,0,0,0,0,0
4,47390,500,4,thrust,SS2,20,260930401,"[121, 211, 321, 427, 609]","[21, 21, None]",2,1,3,3,0,0
5,47391,500,5,thrust,SS2,20,260930401,"[121, 214, 316, 406, 497]","[21, 16, None]",2,1,3,2,0,1
6,47650,500,6,thrust,SS2,20,260930401,"[115, 205, 296, 386, 476, 609]","[15, None, None]",1,2,5,3,0,2
7,48287,500,7,thrust,SS2,20,260930401,"[117, 207, 297, 387, 489]","[17, None, None]",1,2,4,2,0,2
8,48291,500,0,thrust,SS2,20,260930401,"[176, 612]","[None, None, None]",0,3,2,2,0,0
9,48687,500,1,thrust,SS2,20,260930401,"[151, 384, 524]","[51, None, 24]",2,1,1,1,0,0
10,51862,500,2,thrust,SS2,20,260930401,"[123, 370, 546]","[23, None, 46]",2,1,1,1,0,0
11,51867,500,3,thrust,SS2,20,260930401,"[128, 339, 535]","[28, 39, 35]",3,0,0,0,0,0
12,52471,500,4,thrust,SS2,20,260930401,"[156, 324, 538]","[56, 24, 38]",3,0,0,0,0,0
13,52472,500,5,thrust,SS2,20,260930401,"[137, 323, 414, 538]","[37, 23, 38]",3,0,1,1,0,0
14,52482,500,6,thrust,SS2,20,260930401,"[141, 315, 405, 497, 590]","[41, 15, None]",2,1,3,2,0,1
15,52484,500,7,thrust,SS2,20,260930401,"[135, 319, 409, 529]","[35, 19, 29]",3,0,1,1,0,0
16,45187,1000,0,thrust,SS2,20,260930401,[331],"[None, 31, None]",1,2,0,0,0,0
17,45235,1000,1,thrust,SS2,20,260930401,"[170, 343, 622]","[None, 43, None]",1,2,2,2,0,0
18,45377,1000,2,thrust,SS2,20,260930401,"[165, 333, 637]","[None, 33, None]",1,2,2,2,0,0
19,45387,1000,3,thrust,SS2,20,260930401,"[136, 327, 488]","[36, 27, None]",2,1,1,0,0,1
20,45399,1000,4,thrust,SS2,20,260930401,"[134, 409, 529, 657]","[34, None, 29]",2,1,2,1,0,1
21,45531,1000,5,thrust,SS2,20,260930401,"[126, 225, 353, 525, 699]","[26, 53, 25]",3,0,2,1,0,1
22,45542,1000,6,thrust,SS2,20,260930401,"[136, 377, 523, 613]","[36, None, 23]",2,1,2,2,0,0
23,45564,1000,7,thrust,SS2,20,260930401,"[125, 222, 365, 527]","[25, None, 27]",2,1,2,2,0,0
24,45578,1000,0,thrust,SS2,20,260930401,[502],"[None, None, 2]",1,2,0,0,0,0
25,45660,1000,1,thrust,SS2,20,260930401,"[361, 577]","[None, None, None]",0,3,2,2,0,0
26,45675,1000,2,thrust,SS2,20,260930401,"[195, 336, 547]","[None, 36, 47]",2,1,1,1,0,0
27,45677,1000,3,thrust,SS2,20,260930401,"[328, 525]","[None, 28, 25]",2,1,0,0,0,0
28,47356,1000,4,thrust,SS2,20,260930401,"[130, 327, 508]","[30, 27, 8]",3,0,0,0,0,0
29,47361,1000,5,thrust,SS2,20,260930401,"[125, 326, 423, 544]","[25, 26, 44]",3,0,1,1,0,0
30,47362,1000,6,thrust,SS2,20,260930401,"[125, 222, 329, 589]","[25, 29, None]",2,1,2,2,0,0
31,47367,1000,7,thrust,SS2,20,260930401,"[128, 235, 325, 423, 595]","[28, 25, None]",2,1,3,3,0,0
32,45189,1500,0,thrust,SS2,20,260930401,[587],"[None, None, None]",0,3,1,1,0,0
33,45383,1500,1,thrust,SS2,20,260930401,"[171, 442, 697]","[None, None, None]",0,3,3,2,0,1
34,45408,1500,2,thrust,SS2,20,260930401,"[167, 561, 690]","[None, None, None]",0,3,3,2,0,1
35,45686,1500,3,thrust,SS2,20,260930401,"[145, 374, 542]","[45, None, 42]",2,1,1,1,0,0
36,45696,1500,4,thrust,SS2,20,260930401,"[319, 524]","[None, 19, 24]",2,1,0,0,0,0
37,46077,1500,5,thrust,SS2,20,260930401,"[235, 331, 525]","[None, 31, 25]",2,1,1,1,0,0
38,47371,1500,6,thrust,SS2,20,260930401,"[330, 532]","[None, 30, 32]",2,1,0,0,0,0
39,47373,1500,7,thrust,SS2,20,260930401,"[312, 402, 521, 614]","[None, 12, 21]",2,1,2,2,0,0
40,47397,1500,0,thrust,SS2,20,260930401,[],"[None, None, None]",0,3,0,0,0,0
41,47630,1500,1,thrust,SS2,20,260930401,"[200, 381, 579]","[None, None, None]",0,3,3,3,0,0
42,47655,1500,2,thrust,SS2,20,260930401,"[150, 341, 632]","[50, 41, None]",2,1,1,1,0,0
43,48143,1500,3,thrust,SS2,20,260930401,"[130, 329, 579]","[30, 29, None]",2,1,1,1,0,0
44,48276,1500,4,thrust,SS2,20,260930401,"[156, 468, 558]","[56, None, 58]",2,1,1,0,0,1
45,48292,1500,5,thrust,SS2,20,260930401,"[129, 387, 523, 634]","[29, None, 23]",2,1,2,2,0,0
46,48293,1500,6,thrust,SS2,20,260930401,"[135, 349, 522, 636]","[35, 49, 22]",3,0,1,1,0,0
47,48294,1500,7,thrust,SS2,20,260930401,"[131, 343, 526, 640]","[31, 43, 26]",3,0,1,1,0,0
48,45397,2000,0,thrust,SS2,20,260930401,"[375, 640]","[None, None, None]",0,3,2,2,0,0
49,45582,2000,1,thrust,SS2,20,260930401,"[353, 552]","[None, 53, 52]",2,1,0,0,0,0
50,46074,2000,2,thrust,SS2,20,260930401,"[338, 530]","[None, 38, 30]",2,1,0,0,0,0
51,46079,2000,3,thrust,SS2,20,260930401,"[332, 531]","[None, 32, 31]",2,1,0,0,0,0
52,46355,2000,4,thrust,SS2,20,260930401,"[126, 322, 424, 576]","[26, 22, None]",2,1,2,2,0,0
53,48303,2000,5,thrust,SS2,20,260930401,"[150, 329, 548]","[50, 29, 48]",3,0,0,0,0,0
54,48304,2000,6,thrust,SS2,20,260930401,"[129, 325, 415, 553]","[29, 25, 53]",3,0,1,1,0,0
55,48306,2000,7,thrust,SS2,20,260930401,"[123, 219, 324, 414, 548]","[23, 24, 48]",3,0,2,2,0,0
56,48311,2000,0,thrust,SS2,20,260930401,[624],"[None, None, None]",0,3,1,1,0,0
57,48317,2000,1,thrust,SS2,20,260930401,"[200, 550]","[None, None, 50]",1,2,1,1,0,0
58,48321,2000,2,thrust,SS2,20,260930401,"[168, 360, 531]","[None, 60, 31]",2,1,1,1,0,0
59,48325,2000,3,thrust,SS2,20,260930401,"[148, 354, 533]","[48, 54, 33]",3,0,0,0,0,0
60,48330,2000,4,thrust,SS2,20,260930401,"[327, 529]","[None, 27, 29]",2,1,0,0,0,0
61,48331,2000,5,thrust,SS2,20,260930401,"[323, 413, 521, 636]","[None, 23, 21]",2,1,2,2,0,0
62,48582,2000,6,thrust,SS2,20,260930401,"[323, 413, 521, 632]","[None, 23, 21]",2,1,2,2,0,0
63,48663,2000,7,thrust,SS2,20,260930401,"[198, 326, 418, 528, 641]","[None, 26, 28]",2,1,3,3,0,0
0,45197,500,0,thrust,SS8,20,260930401,"[379, 589]","[None, None, None]",0,3,2,2,0,0
1,45693,500,1,thrust,SS8,20,260930401,"[165, 325, 535]","[None, 25, 35]",2,1,1,1,0,0
2,47377,500,2,thrust,SS8,20,260930401,"[153, 322, 412, 527]","[53, 22, 27]",3,0,1,1,0,0
3,47389,500,3,thrust,SS8,20,260930401,"[146, 319, 478, 568, 658]","[46, 19, None]",2,1,3,1,0,2
4,47390,500,4,thrust,SS8,20,260930401,"[116, 206, 310, 400, 580]","[16, 10, None]",2,1,3,3,0,0
5,47391,500,5,thrust,SS8,20,260930401,"[116, 206, 315, 405, 495]","[16, 15, None]",2,1,3,2,0,1
6,47650,500,6,thrust,SS8,20,260930401,"[116, 206, 296, 386, 476, 609]","[16, None, None]",1,2,5,3,0,2
7,48287,500,7,thrust,SS8,20,260930401,"[116, 206, 296, 386, 476]","[16, None, None]",1,2,4,2,0,2
8,48291,500,0,thrust,SS8,20,260930401,"[164, 549]","[None, None, 49]",1,2,1,1,0,0
9,48687,500,1,thrust,SS8,20,260930401,"[145, 384, 537]","[45, None, 37]",2,1,1,1,0,0
10,51862,500,2,thrust,SS8,20,260930401,"[127, 223, 419, 531]","[27, None, 31]",2,1,2,2,0,0
11,51867,500,3,thrust,SS8,20,260930401,"[123, 213, 368, 535]","[23, None, 35]",2,1,2,2,0,0
12,52471,500,4,thrust,SS8,20,260930401,"[132, 325, 424, 527]","[32, 25, 27]",3,0,1,1,0,0
13,52472,500,5,thrust,SS8,20,260930401,"[128, 323, 413, 530]","[28, 23, 30]",3,0,1,1,0,0
14,52482,500,6,thrust,SS8,20,260930401,"[135, 316, 406, 496, 586, 676]","[35, 16, None]",2,1,4,2,0,2
15,52484,500,7,thrust,SS8,20,260930401,"[133, 318, 408, 498, 588, 686]","[33, 18, None]",2,1,4,2,0,2
16,45187,1000,0,thrust,SS8,20,260930401,[323],"[None, 23, None]",1,2,0,0,0,0
17,45235,1000,1,thrust,SS8,20,260930401,"[153, 339, 580]","[53, 39, None]",2,1,1,1,0,0
18,45377,1000,2,thrust,SS8,20,260930401,"[161, 296, 394]","[None, None, None]",0,3,3,2,0,1
19,45387,1000,3,thrust,SS8,20,260930401,"[136, 327, 594]","[36, 27, None]",2,1,1,1,0,0
20,45399,1000,4,thrust,SS8,20,260930401,"[125, 253, 523, 613]","[25, None, 23]",2,1,2,1,0,1
21,45531,1000,5,thrust,SS8,20,260930401,"[126, 216, 350, 524, 614]","[26, 50, 24]",3,0,2,2,0,0
22,45542,1000,6,thrust,SS8,20,260930401,"[131, 345, 518, 608]","[31, 45, 18]",3,0,1,1,0,0
23,45564,1000,7,thrust,SS8,20,260930401,"[119, 209, 359, 462, 552, 651]","[19, 59, 52]",3,0,3,1,0,2
24,45578,1000,0,thrust,SS8,20,260930401,"[373, 569]","[None, None, None]",0,3,2,2,0,0
25,45660,1000,1,thrust,SS8,20,260930401,"[342, 550]","[None, 42, 50]",2,1,0,0,0,0
26,45675,1000,2,thrust,SS8,20,260930401,"[185, 322, 460, 551]","[None, 22, 51]",2,1,2,1,0,1
27,45677,1000,3,thrust,SS8,20,260930401,"[197, 327, 433, 535]","[None, 27, 35]",2,1,2,2,0,0
28,47356,1000,4,thrust,SS8,20,260930401,"[126, 254, 344, 434, 572]","[26, 44, None]",2,1,3,2,0,1
29,47361,1000,5,thrust,SS8,20,260930401,"[126, 225, 323, 413, 546]","[26, 23, 46]",3,0,2,2,0,0
30,47362,1000,6,thrust,SS8,20,260930401,"[123, 213, 325, 415, 558]","[23, 25, 58]",3,0,2,2,0,0
31,47367,1000,7,thrust,SS8,20,260930401,"[121, 211, 324, 414, 582]","[21, 24, None]",2,1,3,3,0,0
32,45189,1500,0,thrust,SS8,20,260930401,[552],"[None, None, 52]",1,2,0,0,0,0
33,45383,1500,1,thrust,SS8,20,260930401,"[160, 392, 554]","[60, None, 54]",2,1,1,1,0,0
34,45408,1500,2,thrust,SS8,20,260930401,"[154, 400, 548]","[54, None, 48]",2,1,1,1,0,0
35,45686,1500,3,thrust,SS8,20,260930401,"[133, 380, 530]","[33, None, 30]",2,1,1,1,0,0
36,45696,1500,4,thrust,SS8,20,260930401,"[236, 326, 525, 630]","[None, 26, 25]",2,1,2,2,0,0
37,46077,1500,5,thrust,SS8,20,260930401,"[236, 331, 522, 667]","[None, 31, 22]",2,1,2,1,0,1
38,47371,1500,6,thrust,SS8,20,260930401,"[328, 515, 605]","[None, 28, 15]",2,1,1,1,0,0
39,47373,1500,7,thrust,SS8,20,260930401,"[164, 314, 404, 494, 584, 674]","[None, 14, None]",1,2,5,3,0,2
40,47397,1500,0,thrust,SS8,20,260930401,[243],"[None, None, None]",0,3,1,1,0,0
41,47630,1500,1,thrust,SS8,20,260930401,"[178, 343]","[None, 43, None]",1,2,1,1,0,0
42,47655,1500,2,thrust,SS8,20,260930401,"[134, 338, 583]","[34, 38, None]",2,1,1,1,0,0
43,48143,1500,3,thrust,SS8,20,260930401,"[131, 319, 409, 589]","[31, 19, None]",2,1,2,2,0,0
44,48276,1500,4,thrust,SS8,20,260930401,"[134, 468, 558]","[34, None, 58]",2,1,1,0,0,1
45,48292,1500,5,thrust,SS8,20,260930401,"[123, 213, 346, 527, 629]","[23, 46, 27]",3,0,2,2,0,0
46,48293,1500,6,thrust,SS8,20,260930401,"[126, 223, 349, 519, 609]","[26, 49, 19]",3,0,2,2,0,0
47,48294,1500,7,thrust,SS8,20,260930401,"[125, 215, 371, 524, 614]","[25, None, 24]",2,1,3,3,0,0
48,45397,2000,0,thrust,SS8,20,260930401,"[356, 584]","[None, 56, None]",1,2,1,1,0,0
49,45582,2000,1,thrust,SS8,20,260930401,"[348, 458]","[None, 48, None]",1,2,1,0,0,1
50,46074,2000,2,thrust,SS8,20,260930401,"[327, 521]","[None, 27, 21]",2,1,0,0,0,0
51,46079,2000,3,thrust,SS8,20,260930401,"[292, 382, 525]","[None, None, 25]",1,2,2,1,0,1
52,46355,2000,4,thrust,SS8,20,260930401,"[119, 209, 322, 412, 566]","[19, 22, None]",2,1,3,3,0,0
53,48303,2000,5,thrust,SS8,20,260930401,"[136, 321, 411, 548]","[36, 21, 48]",3,0,1,1,0,0
54,48304,2000,6,thrust,SS8,20,260930401,"[127, 237, 327, 417, 546]","[27, 27, 46]",3,0,2,2,0,0
55,48306,2000,7,thrust,SS8,20,260930401,"[123, 213, 322, 412, 547]","[23, 22, 47]",3,0,2,2,0,0
56,48311,2000,0,thrust,SS8,20,260930401,[564],"[None, None, None]",0,3,1,1,0,0
57,48317,2000,1,thrust,SS8,20,260930401,"[155, 422, 534]","[55, None, 34]",2,1,1,1,0,0
58,48321,2000,2,thrust,SS8,20,260930401,"[147, 354, 534]","[47, 54, 34]",3,0,0,0,0,0
59,48325,2000,3,thrust,SS8,20,260930401,"[137, 353, 527]","[37, 53, 27]",3,0,0,0,0,0
60,48330,2000,4,thrust,SS8,20,260930401,"[327, 431, 524, 654]","[None, 27, 24]",2,1,2,1,0,1
61,48331,2000,5,thrust,SS8,20,260930401,"[321, 411, 517, 611]","[None, 21, 17]",2,1,2,2,0,0
62,48582,2000,6,thrust,SS8,20,260930401,"[324, 414, 520, 611]","[None, 24, 20]",2,1,2,2,0,0
63,48663,2000,7,thrust,SS8,20,260930401,"[194, 322, 412, 524, 626]","[None, 22, 24]",2,1,3,3,0,0
0,45197,500,0,thrust,SS30,20,260930401,"[230, 372, 571]","[None, None, None]",0,3,3,3,0,0
1,45693,500,1,thrust,SS30,20,260930401,"[162, 329, 535]","[None, 29, 35]",2,1,1,1,0,0
2,47377,500,2,thrust,SS30,20,260930401,"[160, 274, 364, 454, 544]","[60, None, 44]",2,1,3,1,0,2
3,47389,500,3,thrust,SS30,20,260930401,"[146, 323, 432, 532]","[46, 23, 32]",3,0,1,1,0,0
4,47390,500,4,thrust,SS30,20,260930401,"[120, 210, 300, 390, 480, 601]","[20, None, None]",1,2,5,3,0,2
5,47391,500,5,thrust,SS30,20,260930401,"[121, 211, 316, 406, 496, 608]","[21, 16, None]",2,1,4,3,0,1
6,47650,500,6,thrust,SS30,20,260930401,"[118, 208, 298, 388, 478, 568]","[18, None, None]",1,2,5,3,0,2
7,48287,500,7,thrust,SS30,20,260930401,"[119, 209, 299, 389, 479]","[19, None, None]",1,2,4,2,0,2
8,48291,500,0,thrust,SS30,20,260930401,"[164, 471]","[None, None, None]",0,3,2,1,0,1
9,48687,500,1,thrust,SS30,20,260930401,"[148, 383, 524]","[48, None, 24]",2,1,1,1,0,0
10,51862,500,2,thrust,SS30,20,260930401,"[133, 355, 539]","[33, 55, 39]",3,0,0,0,0,0
11,51867,500,3,thrust,SS30,20,260930401,"[125, 215, 364, 535]","[25, None, 35]",2,1,2,2,0,0
12,52471,500,4,thrust,SS30,20,260930401,"[130, 322, 412, 502, 592, 687]","[30, 22, 2]",3,0,3,2,0,1
13,52472,500,5,thrust,SS30,20,260930401,"[129, 261, 351, 441, 531]","[29, 51, 31]",3,0,2,1,0,1
14,52482,500,6,thrust,SS30,20,260930401,"[139, 319, 409, 499, 589, 679]","[39, 19, None]",2,1,4,2,0,2
15,52484,500,7,thrust,SS30,20,260930401,"[134, 321, 411, 501, 591, 681]","[34, 21, 1]",3,0,3,2,0,1
16,45187,1000,0,thrust,SS30,20,260930401,"[186, 388, 520]","[None, None, 20]",1,2,2,2,0,0
17,45235,1000,1,thrust,SS30,20,260930401,"[157, 324, 633]","[57, 24, None]",2,1,1,1,0,0
18,45377,1000,2,thrust,SS30,20,260930401,"[143, 332, 600]","[43, 32, None]",2,1,1,1,0,0
19,45387,1000,3,thrust,SS30,20,260930401,"[137, 334, 593]","[37, 34, None]",2,1,1,1,0,0
20,45399,1000,4,thrust,SS30,20,260930401,"[126, 216, 388, 525, 615]","[26, None, 25]",2,1,3,3,0,0
21,45531,1000,5,thrust,SS30,20,260930401,"[128, 218, 348, 441, 531, 623]","[28, 48, 31]",3,0,3,3,0,0
22,45542,1000,6,thrust,SS30,20,260930401,"[132, 263, 389, 522, 612]","[32, None, 22]",2,1,3,2,0,1
23,45564,1000,7,thrust,SS30,20,260930401,"[123, 213, 303, 525, 642]","[23, 3, 25]",3,0,2,2,0,0
24,45578,1000,0,thrust,SS30,20,260930401,"[369, 566]","[None, None, None]",0,3,2,2,0,0
25,45660,1000,1,thrust,SS30,20,260930401,"[262, 352, 550]","[None, 52, 50]",2,1,1,0,0,1
26,45675,1000,2,thrust,SS30,20,260930401,"[181, 326, 468, 558]","[None, 26, 58]",2,1,2,1,0,1
27,45677,1000,3,thrust,SS30,20,260930401,"[198, 291, 381, 471, 561, 651]","[None, None, None]",0,3,6,3,0,3
28,47356,1000,4,thrust,SS30,20,260930401,"[126, 216, 326, 416, 547]","[26, 26, 47]",3,0,2,2,0,0
29,47361,1000,5,thrust,SS30,20,260930401,"[127, 217, 320, 410, 503, 598]","[27, 20, 3]",3,0,3,3,0,0
30,47362,1000,6,thrust,SS30,20,260930401,"[125, 215, 305, 395, 485, 651]","[25, 5, None]",2,1,4,2,0,2
31,47367,1000,7,thrust,SS30,20,260930401,"[125, 215, 308, 398, 488]","[25, 8, None]",2,1,3,2,0,1
32,45189,1500,0,thrust,SS30,20,260930401,"[205, 587]","[None, None, None]",0,3,2,2,0,0
33,45383,1500,1,thrust,SS30,20,260930401,"[150, 253, 393, 552]","[50, None, 52]",2,1,2,1,0,1
34,45408,1500,2,thrust,SS30,20,260930401,"[149, 306, 545]","[49, 6, 45]",3,0,0,0,0,0
35,45686,1500,3,thrust,SS30,20,260930401,"[140, 231, 387, 484, 598]","[40, None, None]",1,2,4,3,0,1
36,45696,1500,4,thrust,SS30,20,260930401,"[243, 333, 525, 615]","[None, 33, 25]",2,1,2,2,0,0
37,46077,1500,5,thrust,SS30,20,260930401,"[201, 327, 417, 530]","[None, 27, 30]",2,1,2,2,0,0
38,47371,1500,6,thrust,SS30,20,260930401,"[316, 406, 496, 586, 676]","[None, 16, None]",1,2,4,2,0,2
39,47373,1500,7,thrust,SS30,20,260930401,"[164, 318, 408, 498, 588, 678]","[None, 18, None]",1,2,5,3,0,2
40,47397,1500,0,thrust,SS30,20,260930401,"[175, 383, 473]","[None, None, None]",0,3,3,2,0,1
41,47630,1500,1,thrust,SS30,20,260930401,"[155, 343, 606]","[55, 43, None]",2,1,1,1,0,0
42,47655,1500,2,thrust,SS30,20,260930401,"[139, 339, 594]","[39, 39, None]",2,1,1,1,0,0
43,48143,1500,3,thrust,SS30,20,260930401,"[132, 323, 413, 584]","[32, 23, None]",2,1,2,2,0,0
44,48276,1500,4,thrust,SS30,20,260930401,"[140, 467, 557, 647]","[40, None, 57]",2,1,2,1,0,1
45,48292,1500,5,thrust,SS30,20,260930401,"[131, 353, 527, 621]","[31, 53, 27]",3,0,1,1,0,0
46,48293,1500,6,thrust,SS30,20,260930401,"[129, 224, 357, 525, 615]","[29, 57, 25]",3,0,2,2,0,0
47,48294,1500,7,thrust,SS30,20,260930401,"[127, 217, 366, 464, 554, 644]","[27, None, 54]",2,1,4,3,0,1
48,45397,2000,0,thrust,SS30,20,260930401,"[355, 573]","[None, 55, None]",1,2,1,1,0,0
49,45582,2000,1,thrust,SS30,20,260930401,"[340, 473, 590]","[None, 40, None]",1,2,2,1,0,1
50,46074,2000,2,thrust,SS30,20,260930401,"[333, 530]","[None, 33, 30]",2,1,0,0,0,0
51,46079,2000,3,thrust,SS30,20,260930401,"[299, 389, 531]","[None, None, 31]",1,2,2,1,0,1
52,46355,2000,4,thrust,SS30,20,260930401,"[122, 212, 324, 414, 560, 673]","[22, 24, 60]",3,0,3,2,0,1
53,48303,2000,5,thrust,SS30,20,260930401,"[134, 263, 353, 443, 541]","[34, 53, 41]",3,0,2,1,0,1
54,48304,2000,6,thrust,SS30,20,260930401,"[128, 218, 308, 398, 488, 578]","[28, 8, None]",2,1,4,3,0,1
55,48306,2000,7,thrust,SS30,20,260930401,"[124, 214, 323, 413, 549, 659]","[24, 23, 49]",3,0,3,2,0,1
56,48311,2000,0,thrust,SS30,20,260930401,"[235, 567, 682]","[None, None, None]",0,3,3,2,0,1
57,48317,2000,1,thrust,SS30,20,260930401,"[165, 282, 542]","[None, None, 42]",1,2,2,1,0,1
58,48321,2000,2,thrust,SS30,20,260930401,"[146, 245, 358, 534]","[46, 58, 34]",3,0,1,1,0,0
59,48325,2000,3,thrust,SS30,20,260930401,"[140, 354, 486, 576, 666]","[40, 54, None]",2,1,3,1,0,2
60,48330,2000,4,thrust,SS30,20,260930401,"[248, 338, 447, 537]","[None, 38, 37]",2,1,2,2,0,0
61,48331,2000,5,thrust,SS30,20,260930401,"[325, 415, 517, 607, 698]","[None, 25, 17]",2,1,3,2,0,1
62,48582,2000,6,thrust,SS30,20,260930401,"[239, 329, 419, 522, 612]","[None, 29, 22]",2,1,3,3,0,0
63,48663,2000,7,thrust,SS30,20,260930401,"[171, 324, 414, 523, 613]","[None, 24, 23]",2,1,3,3,0,0
0,45197,500,0,thrust,MSC16,20,260930401,"[377, 576]","[None, None, None]",0,3,2,2,0,0
1,45693,500,1,thrust,MSC16,20,260930401,"[164, 326, 537]","[None, 26, 37]",2,1,1,1,0,0
2,47377,500,2,thrust,MSC16,20,260930401,"[159, 322, 412, 527]","[59, 22, 27]",3,0,1,1,0,0
3,47389,500,3,thrust,MSC16,20,260930401,"[142, 318, 425, 529]","[42, 18, 29]",3,0,1,1,0,0
4,47390,500,4,thrust,MSC16,20,260930401,"[117, 207, 297, 387, 568]","[17, None, None]",1,2,4,3,0,1
5,47391,500,5,thrust,MSC16,20,260930401,"[117, 207, 316, 406, 496]","[17, 16, None]",2,1,3,2,0,1
6,47650,500,6,thrust,MSC16,20,260930401,"[115, 205, 295, 385, 475, 565]","[15, None, None]",1,2,5,3,0,2
7,48287,500,7,thrust,MSC16,20,260930401,"[116, 206, 296, 386, 476]","[16, None, None]",1,2,4,2,0,2
8,48291,500,0,thrust,MSC16,20,260930401,"[164, 550]","[None, None, 50]",1,2,1,1,0,0
9,48687,500,1,thrust,MSC16,20,260930401,"[147, 384, 527]","[47, None, 27]",2,1,1,1,0,0
10,51862,500,2,thrust,MSC16,20,260930401,"[127, 223, 380, 531]","[27, None, 31]",2,1,2,2,0,0
11,51867,500,3,thrust,MSC16,20,260930401,"[123, 213, 369, 535]","[23, None, 35]",2,1,2,2,0,0
12,52471,500,4,thrust,MSC16,20,260930401,"[129, 323, 413, 527]","[29, 23, 27]",3,0,1,1,0,0
13,52472,500,5,thrust,MSC16,20,260930401,"[126, 256, 346, 436, 526]","[26, 46, 26]",3,0,2,1,0,1
14,52482,500,6,thrust,MSC16,20,260930401,"[138, 317, 407, 497, 587, 677]","[38, 17, None]",2,1,4,2,0,2
15,52484,500,7,thrust,MSC16,20,260930401,"[133, 318, 408, 498, 588, 678]","[33, 18, None]",2,1,4,2,0,2
16,45187,1000,0,thrust,MSC16,20,260930401,"[253, 397]","[None, None, None]",0,3,2,1,0,1
17,45235,1000,1,thrust,MSC16,20,260930401,"[156, 332, 581]","[56, 32, None]",2,1,1,1,0,0
18,45377,1000,2,thrust,MSC16,20,260930401,"[161, 325, 643]","[None, 25, None]",1,2,2,2,0,0
19,45387,1000,3,thrust,MSC16,20,260930401,"[136, 327, 591, 697]","[36, 27, None]",2,1,2,1,0,1
20,45399,1000,4,thrust,MSC16,20,260930401,"[125, 254, 522, 612]","[25, None, 22]",2,1,2,1,0,1
21,45531,1000,5,thrust,MSC16,20,260930401,"[126, 216, 348, 522, 612]","[26, 48, 22]",3,0,2,2,0,0
22,45542,1000,6,thrust,MSC16,20,260930401,"[130, 263, 480, 570, 660]","[30, None, None]",1,2,4,1,0,3
23,45564,1000,7,thrust,MSC16,20,260930401,"[119, 209, 359, 457, 547, 651]","[19, 59, 47]",3,0,3,1,0,2
24,45578,1000,0,thrust,MSC16,20,260930401,"[374, 568]","[None, None, None]",0,3,2,2,0,0
25,45660,1000,1,thrust,MSC16,20,260930401,"[338, 550]","[None, 38, 50]",2,1,0,0,0,0
26,45675,1000,2,thrust,MSC16,20,260930401,"[181, 322, 458, 552]","[None, 22, 52]",2,1,2,1,0,1
27,45677,1000,3,thrust,MSC16,20,260930401,"[196, 328, 431, 534]","[None, 28, 34]",2,1,2,2,0,0
28,47356,1000,4,thrust,MSC16,20,260930401,"[126, 220, 327, 417, 572]","[26, 27, None]",2,1,3,3,0,0
29,47361,1000,5,thrust,MSC16,20,260930401,"[126, 218, 319, 409, 509]","[26, 19, 9]",3,0,2,2,0,0
30,47362,1000,6,thrust,MSC16,20,260930401,"[123, 213, 321, 411, 558]","[23, 21, 58]",3,0,2,2,0,0
31,47367,1000,7,thrust,MSC16,20,260930401,"[121, 211, 309, 399, 489]","[21, 9, None]",2,1,3,2,0,1
32,45189,1500,0,thrust,MSC16,20,260930401,"[246, 590]","[None, None, None]",0,3,2,2,0,0
33,45383,1500,1,thrust,MSC16,20,260930401,"[151, 378, 554]","[51, None, 54]",2,1,1,1,0,0
34,45408,1500,2,thrust,MSC16,20,260930401,"[154, 397, 548]","[54, None, 48]",2,1,1,1,0,0
35,45686,1500,3,thrust,MSC16,20,260930401,"[133, 366, 529]","[33, None, 29]",2,1,1,1,0,0
36,45696,1500,4,thrust,MSC16,20,260930401,"[243, 333, 524, 622]","[None, 33, 24]",2,1,2,2,0,0
37,46077,1500,5,thrust,MSC16,20,260930401,"[209, 328, 519, 639]","[None, 28, 19]",2,1,2,2,0,0
38,47371,1500,6,thrust,MSC16,20,260930401,"[327, 515, 605]","[None, 27, 15]",2,1,1,1,0,0
39,47373,1500,7,thrust,MSC16,20,260930401,"[164, 315, 405, 495, 585, 675]","[None, 15, None]",1,2,5,3,0,2
40,47397,1500,0,thrust,MSC16,20,260930401,"[242, 418]","[None, None, None]",0,3,2,2,0,0
41,47630,1500,1,thrust,MSC16,20,260930401,"[148, 346]","[48, 46, None]",2,1,0,0,0,0
42,47655,1500,2,thrust,MSC16,20,260930401,"[134, 339, 583]","[34, 39, None]",2,1,1,1,0,0
43,48143,1500,3,thrust,MSC16,20,260930401,"[130, 318, 408, 587]","[30, 18, None]",2,1,2,2,0,0
44,48276,1500,4,thrust,MSC16,20,260930401,"[134, 468, 558]","[34, None, 58]",2,1,1,0,0,1
45,48292,1500,5,thrust,MSC16,20,260930401,"[125, 215, 347, 526, 625]","[25, 47, 26]",3,0,2,2,0,0
46,48293,1500,6,thrust,MSC16,20,260930401,"[126, 219, 349, 520, 610]","[26, 49, 20]",3,0,2,2,0,0
47,48294,1500,7,thrust,MSC16,20,260930401,"[125, 215, 371, 524, 614]","[25, None, 24]",2,1,3,3,0,0
48,45397,2000,0,thrust,MSC16,20,260930401,"[356, 585]","[None, 56, None]",1,2,1,1,0,0
49,45582,2000,1,thrust,MSC16,20,260930401,"[349, 458]","[None, 49, None]",1,2,1,0,0,1
50,46074,2000,2,thrust,MSC16,20,260930401,"[327, 521]","[None, 27, 21]",2,1,0,0,0,0
51,46079,2000,3,thrust,MSC16,20,260930401,"[299, 389, 526]","[None, None, 26]",1,2,2,1,0,1
52,46355,2000,4,thrust,MSC16,20,260930401,"[118, 208, 322, 412, 565]","[18, 22, None]",2,1,3,3,0,0
53,48303,2000,5,thrust,MSC16,20,260930401,"[136, 321, 411, 544]","[36, 21, 44]",3,0,1,1,0,0
54,48304,2000,6,thrust,MSC16,20,260930401,"[128, 239, 329, 419, 542]","[28, 29, 42]",3,0,2,2,0,0
55,48306,2000,7,thrust,MSC16,20,260930401,"[123, 213, 322, 412, 547]","[23, 22, 47]",3,0,2,2,0,0
56,48311,2000,0,thrust,MSC16,20,260930401,"[242, 563]","[None, None, None]",0,3,2,2,0,0
57,48317,2000,1,thrust,MSC16,20,260930401,"[155, 427, 533]","[55, None, 33]",2,1,1,1,0,0
58,48321,2000,2,thrust,MSC16,20,260930401,"[146, 355, 534]","[46, 55, 34]",3,0,0,0,0,0
59,48325,2000,3,thrust,MSC16,20,260930401,"[137, 352, 527]","[37, 52, 27]",3,0,0,0,0,0
60,48330,2000,4,thrust,MSC16,20,260930401,"[248, 338, 451, 541]","[None, 38, 41]",2,1,2,1,0,1
61,48331,2000,5,thrust,MSC16,20,260930401,"[322, 412, 518, 610]","[None, 22, 18]",2,1,2,2,0,0
62,48582,2000,6,thrust,MSC16,20,260930401,"[261, 351, 441, 531, 641]","[None, 51, 31]",2,1,3,2,0,1
63,48663,2000,7,thrust,MSC16,20,260930401,"[191, 322, 412, 523, 613]","[None, 22, 23]",2,1,3,3,0,0
0,45197,500,0,thrust,MSC30,20,260930401,"[231, 375, 578]","[None, None, None]",0,3,3,3,0,0
1,45693,500,1,thrust,MSC30,20,260930401,"[165, 326, 416, 545]","[None, 26, 45]",2,1,2,2,0,0
2,47377,500,2,thrust,MSC30,20,260930401,"[161, 322, 412, 527, 699]","[None, 22, 27]",2,1,3,2,0,1
3,47389,500,3,thrust,MSC30,20,260930401,"[146, 319, 422, 531]","[46, 19, 31]",3,0,1,1,0,0
4,47390,500,4,thrust,MSC30,20,260930401,"[117, 207, 297, 390, 480]","[17, None, None]",1,2,4,2,0,2
5,47391,500,5,thrust,MSC30,20,260930401,"[117, 207, 316, 406, 496]","[17, 16, None]",2,1,3,2,0,1
6,47650,500,6,thrust,MSC30,20,260930401,"[115, 205, 295, 385, 475, 565]","[15, None, None]",1,2,5,3,0,2
7,48287,500,7,thrust,MSC30,20,260930401,"[116, 206, 296, 386, 476]","[16, None, None]",1,2,4,2,0,2
8,48291,500,0,thrust,MSC30,20,260930401,"[164, 550]","[None, None, 50]",1,2,1,1,0,0
9,48687,500,1,thrust,MSC30,20,260930401,"[147, 384, 531]","[47, None, 31]",2,1,1,1,0,0
10,51862,500,2,thrust,MSC30,20,260930401,"[127, 217, 379, 531]","[27, None, 31]",2,1,2,2,0,0
11,51867,500,3,thrust,MSC30,20,260930401,"[123, 213, 365, 535]","[23, None, 35]",2,1,2,2,0,0
12,52471,500,4,thrust,MSC30,20,260930401,"[132, 323, 413, 527]","[32, 23, 27]",3,0,1,1,0,0
13,52472,500,5,thrust,MSC30,20,260930401,"[129, 262, 352, 442, 532]","[29, 52, 32]",3,0,2,1,0,1
14,52482,500,6,thrust,MSC30,20,260930401,"[138, 317, 407, 497, 587, 677]","[38, 17, None]",2,1,4,2,0,2
15,52484,500,7,thrust,MSC30,20,260930401,"[133, 318, 408, 498, 588, 678]","[33, 18, None]",2,1,4,2,0,2
16,45187,1000,0,thrust,MSC30,20,260930401,"[186, 390, 542]","[None, None, 42]",1,2,2,2,0,0
17,45235,1000,1,thrust,MSC30,20,260930401,"[156, 325, 581]","[56, 25, None]",2,1,1,1,0,0
18,45377,1000,2,thrust,MSC30,20,260930401,"[147, 326, 638]","[47, 26, None]",2,1,1,1,0,0
19,45387,1000,3,thrust,MSC30,20,260930401,"[136, 327, 425, 599]","[36, 27, None]",2,1,2,2,0,0
20,45399,1000,4,thrust,MSC30,20,260930401,"[126, 216, 409, 524, 614]","[26, None, 24]",2,1,3,3,0,0
21,45531,1000,5,thrust,MSC30,20,260930401,"[126, 216, 349, 524, 614]","[26, 49, 24]",3,0,2,2,0,0
22,45542,1000,6,thrust,MSC30,20,260930401,"[132, 266, 402, 518, 608, 698]","[32, None, 18]",2,1,4,2,0,2
23,45564,1000,7,thrust,MSC30,20,260930401,"[123, 213, 303, 521, 625]","[23, 3, 21]",3,0,2,2,0,0
24,45578,1000,0,thrust,MSC30,20,260930401,"[371, 568]","[None, None, None]",0,3,2,2,0,0
25,45660,1000,1,thrust,MSC30,20,260930401,"[343, 550]","[None, 43, 50]",2,1,0,0,0,0
26,45675,1000,2,thrust,MSC30,20,260930401,"[181, 322, 412, 548]","[None, 22, 48]",2,1,2,2,0,0
27,45677,1000,3,thrust,MSC30,20,260930401,"[199, 328, 422, 535]","[None, 28, 35]",2,1,2,2,0,0
28,47356,1000,4,thrust,MSC30,20,260930401,"[126, 216, 327, 417, 550]","[26, 27, 50]",3,0,2,2,0,0
29,47361,1000,5,thrust,MSC30,20,260930401,"[126, 216, 319, 409, 499]","[26, 19, None]",2,1,3,2,0,1
30,47362,1000,6,thrust,MSC30,20,260930401,"[123, 213, 303, 393, 483, 651]","[23, 3, None]",2,1,4,2,0,2
31,47367,1000,7,thrust,MSC30,20,260930401,"[121, 211, 301, 391, 481]","[21, 1, None]",2,1,3,2,0,1
32,45189,1500,0,thrust,MSC30,20,260930401,"[224, 588]","[None, None, None]",0,3,2,2,0,0
33,45383,1500,1,thrust,MSC30,20,260930401,"[151, 386, 554]","[51, None, 54]",2,1,1,1,0,0
34,45408,1500,2,thrust,MSC30,20,260930401,"[152, 306, 546, 695]","[52, 6, 46]",3,0,1,0,0,1
35,45686,1500,3,thrust,MSC30,20,260930401,"[133, 362, 482, 601]","[33, None, None]",1,2,3,2,0,1
36,45696,1500,4,thrust,MSC30,20,260930401,"[248, 338, 528, 683]","[None, 38, 28]",2,1,2,1,0,1
37,46077,1500,5,thrust,MSC30,20,260930401,"[207, 328, 421, 525, 665]","[None, 28, 25]",2,1,3,2,0,1
38,47371,1500,6,thrust,MSC30,20,260930401,"[317, 407, 526, 643]","[None, 17, 26]",2,1,2,2,0,0
39,47373,1500,7,thrust,MSC30,20,260930401,"[164, 315, 405, 495, 585, 675]","[None, 15, None]",1,2,5,3,0,2
40,47397,1500,0,thrust,MSC30,20,260930401,"[178, 389]","[None, None, None]",0,3,2,2,0,0
41,47630,1500,1,thrust,MSC30,20,260930401,"[159, 344, 619]","[59, 44, None]",2,1,1,1,0,0
42,47655,1500,2,thrust,MSC30,20,260930401,"[134, 339, 583]","[34, 39, None]",2,1,1,1,0,0
43,48143,1500,3,thrust,MSC30,20,260930401,"[130, 220, 332, 422, 596]","[30, 32, None]",2,1,3,3,0,0
44,48276,1500,4,thrust,MSC30,20,260930401,"[134, 468, 558, 648]","[34, None, 58]",2,1,2,1,0,1
45,48292,1500,5,thrust,MSC30,20,260930401,"[125, 215, 354, 527, 624]","[25, 54, 27]",3,0,2,2,0,0
46,48293,1500,6,thrust,MSC30,20,260930401,"[129, 226, 349, 519, 609]","[29, 49, 19]",3,0,2,2,0,0
47,48294,1500,7,thrust,MSC30,20,260930401,"[125, 215, 366, 470, 560, 650]","[25, None, 60]",2,1,4,2,0,2
48,45397,2000,0,thrust,MSC30,20,260930401,"[356, 575]","[None, 56, None]",1,2,1,1,0,0
49,45582,2000,1,thrust,MSC30,20,260930401,"[345, 464, 599]","[None, 45, None]",1,2,2,1,0,1
50,46074,2000,2,thrust,MSC30,20,260930401,"[327, 521, 635]","[None, 27, 21]",2,1,1,1,0,0
51,46079,2000,3,thrust,MSC30,20,260930401,"[302, 392, 531]","[None, 2, 31]",2,1,1,1,0,0
52,46355,2000,4,thrust,MSC30,20,260930401,"[120, 210, 324, 414, 565]","[20, 24, None]",2,1,3,3,0,0
53,48303,2000,5,thrust,MSC30,20,260930401,"[134, 321, 411, 544]","[34, 21, 44]",3,0,1,1,0,0
54,48304,2000,6,thrust,MSC30,20,260930401,"[128, 218, 325, 415, 546]","[28, 25, 46]",3,0,2,2,0,0
55,48306,2000,7,thrust,MSC30,20,260930401,"[123, 213, 322, 412, 547]","[23, 22, 47]",3,0,2,2,0,0
56,48311,2000,0,thrust,MSC30,20,260930401,"[239, 568]","[None, None, None]",0,3,2,2,0,0
57,48317,2000,1,thrust,MSC30,20,260930401,"[155, 424, 533]","[55, None, 33]",2,1,1,1,0,0
58,48321,2000,2,thrust,MSC30,20,260930401,"[147, 355, 535]","[47, 55, 35]",3,0,0,0,0,0
59,48325,2000,3,thrust,MSC30,20,260930401,"[138, 353, 493, 583, 673]","[38, 53, None]",2,1,3,1,0,2
60,48330,2000,4,thrust,MSC30,20,260930401,"[260, 350, 449, 539]","[None, 50, 39]",2,1,2,1,0,1
61,48331,2000,5,thrust,MSC30,20,260930401,"[322, 412, 516, 606]","[None, 22, 16]",2,1,2,2,0,0
62,48582,2000,6,thrust,MSC30,20,260930401,"[256, 346, 436, 526, 616]","[None, 46, 26]",2,1,3,2,0,1
63,48663,2000,7,thrust,MSC30,20,260930401,"[186, 322, 412, 523, 613]","[None, 22, 23]",2,1,3,3,0,0
0,45197,500,0,thrust,MSC10,20,260930401,"[378, 590]","[None, None, None]",0,3,2,2,0,0
1,45693,500,1,thrust,MSC10,20,260930401,"[165, 326, 534]","[None, 26, 34]",2,1,1,1,0,0
2,47377,500,2,thrust,MSC10,20,260930401,"[154, 322, 412, 527]","[54, 22, 27]",3,0,1,1,0,0
3,47389,500,3,thrust,MSC10,20,260930401,"[146, 318, 435, 531]","[46, 18, 31]",3,0,1,1,0,0
4,47390,500,4,thrust,MSC10,20,260930401,"[115, 205, 295, 386, 578]","[15, None, None]",1,2,4,3,0,1
5,47391,500,5,thrust,MSC10,20,260930401,"[117, 207, 315, 405, 495]","[17, 15, None]",2,1,3,2,0,1
6,47650,500,6,thrust,MSC10,20,260930401,"[115, 205, 295, 385, 475, 565]","[15, None, None]",1,2,5,3,0,2
7,48287,500,7,thrust,MSC10,20,260930401,"[117, 207, 297, 387, 477]","[17, None, None]",1,2,4,2,0,2
8,48291,500,0,thrust,MSC10,20,260930401,"[165, 550]","[None, None, 50]",1,2,1,1,0,0
9,48687,500,1,thrust,MSC10,20,260930401,"[147, 384, 524]","[47, None, 24]",2,1,1,1,0,0
10,51862,500,2,thrust,MSC10,20,260930401,"[124, 220, 379, 529]","[24, None, 29]",2,1,2,2,0,0
11,51867,500,3,thrust,MSC10,20,260930401,"[123, 213, 366, 534]","[23, None, 34]",2,1,2,2,0,0
12,52471,500,4,thrust,MSC10,20,260930401,"[128, 324, 414, 528, 670]","[28, 24, 28]",3,0,2,1,0,1
13,52472,500,5,thrust,MSC10,20,260930401,"[125, 321, 411, 530]","[25, 21, 30]",3,0,1,1,0,0
14,52482,500,6,thrust,MSC10,20,260930401,"[136, 316, 406, 496, 586, 676]","[36, 16, None]",2,1,4,2,0,2
15,52484,500,7,thrust,MSC10,20,260930401,"[133, 319, 409, 499, 589, 679]","[33, 19, None]",2,1,4,2,0,2
16,45187,1000,0,thrust,MSC10,20,260930401,[322],"[None, 22, None]",1,2,0,0,0,0
17,45235,1000,1,thrust,MSC10,20,260930401,"[154, 337, 582]","[54, 37, None]",2,1,1,1,0,0
18,45377,1000,2,thrust,MSC10,20,260930401,"[159, 298, 393]","[59, None, None]",1,2,2,1,0,1
19,45387,1000,3,thrust,MSC10,20,260930401,"[135, 327, 489]","[35, 27, None]",2,1,1,0,0,1
20,45399,1000,4,thrust,MSC10,20,260930401,"[125, 254, 523, 613]","[25, None, 23]",2,1,2,1,0,1
21,45531,1000,5,thrust,MSC10,20,260930401,"[126, 216, 349, 524, 614]","[26, 49, 24]",3,0,2,2,0,0
22,45542,1000,6,thrust,MSC10,20,260930401,"[130, 343, 517, 607, 697]","[30, 43, 17]",3,0,2,1,0,1
23,45564,1000,7,thrust,MSC10,20,260930401,"[120, 210, 360, 462, 552, 651]","[20, 60, 52]",3,0,3,1,0,2
24,45578,1000,0,thrust,MSC10,20,260930401,"[372, 568]","[None, None, None]",0,3,2,2,0,0
25,45660,1000,1,thrust,MSC10,20,260930401,"[336, 550]","[None, 36, 50]",2,1,0,0,0,0
26,45675,1000,2,thrust,MSC10,20,260930401,"[186, 322, 434, 549]","[None, 22, 49]",2,1,2,2,0,0
27,45677,1000,3,thrust,MSC10,20,260930401,"[196, 328, 434, 532]","[None, 28, 32]",2,1,2,2,0,0
28,47356,1000,4,thrust,MSC10,20,260930401,"[126, 222, 325, 415, 572]","[26, 25, None]",2,1,3,3,0,0
29,47361,1000,5,thrust,MSC10,20,260930401,"[126, 216, 320, 410, 507]","[26, 20, 7]",3,0,2,2,0,0
30,47362,1000,6,thrust,MSC10,20,260930401,"[123, 213, 320, 410, 559]","[23, 20, 59]",3,0,2,2,0,0
31,47367,1000,7,thrust,MSC10,20,260930401,"[119, 209, 323, 413, 580]","[19, 23, None]",2,1,3,3,0,0
32,45189,1500,0,thrust,MSC10,20,260930401,[484],"[None, None, None]",0,3,1,0,0,1
33,45383,1500,1,thrust,MSC10,20,260930401,"[160, 393, 553]","[60, None, 53]",2,1,1,1,0,0
34,45408,1500,2,thrust,MSC10,20,260930401,"[155, 400, 549, 693]","[55, None, 49]",2,1,2,1,0,1
35,45686,1500,3,thrust,MSC10,20,260930401,"[132, 380, 529]","[32, None, 29]",2,1,1,1,0,0
36,45696,1500,4,thrust,MSC10,20,260930401,"[271, 361, 534]","[None, None, 34]",1,2,2,1,0,1
37,46077,1500,5,thrust,MSC10,20,260930401,"[235, 330, 522, 666]","[None, 30, 22]",2,1,2,1,0,1
38,47371,1500,6,thrust,MSC10,20,260930401,"[329, 515, 605]","[None, 29, 15]",2,1,1,1,0,0
39,47373,1500,7,thrust,MSC10,20,260930401,"[161, 314, 404, 494, 584, 674]","[None, 14, None]",1,2,5,3,0,2
40,47397,1500,0,thrust,MSC10,20,260930401,[245],"[None, None, None]",0,3,1,1,0,0
41,47630,1500,1,thrust,MSC10,20,260930401,"[148, 347]","[48, 47, None]",2,1,0,0,0,0
42,47655,1500,2,thrust,MSC10,20,260930401,"[133, 338, 583]","[33, 38, None]",2,1,1,1,0,0
43,48143,1500,3,thrust,MSC10,20,260930401,"[129, 317, 407, 583]","[29, 17, None]",2,1,2,2,0,0
44,48276,1500,4,thrust,MSC10,20,260930401,"[135, 468, 558]","[35, None, 58]",2,1,1,0,0,1
45,48292,1500,5,thrust,MSC10,20,260930401,"[124, 214, 346, 524, 624]","[24, 46, 24]",3,0,2,2,0,0
46,48293,1500,6,thrust,MSC10,20,260930401,"[123, 213, 349, 520, 610]","[23, 49, 20]",3,0,2,2,0,0
47,48294,1500,7,thrust,MSC10,20,260930401,"[125, 215, 371, 522, 612]","[25, None, 22]",2,1,3,3,0,0
48,45397,2000,0,thrust,MSC10,20,260930401,"[356, 585]","[None, 56, None]",1,2,1,1,0,0
49,45582,2000,1,thrust,MSC10,20,260930401,"[348, 457]","[None, 48, None]",1,2,1,0,0,1
50,46074,2000,2,thrust,MSC10,20,260930401,"[327, 522]","[None, 27, 22]",2,1,0,0,0,0
51,46079,2000,3,thrust,MSC10,20,260930401,"[293, 383, 526]","[None, None, 26]",1,2,2,1,0,1
52,46355,2000,4,thrust,MSC10,20,260930401,"[120, 210, 323, 413, 565]","[20, 23, None]",2,1,3,3,0,0
53,48303,2000,5,thrust,MSC10,20,260930401,"[135, 321, 411, 541]","[35, 21, 41]",3,0,1,1,0,0
54,48304,2000,6,thrust,MSC10,20,260930401,"[128, 239, 329, 419, 546]","[28, 29, 46]",3,0,2,2,0,0
55,48306,2000,7,thrust,MSC10,20,260930401,"[121, 211, 322, 412, 546]","[21, 22, 46]",3,0,2,2,0,0
56,48311,2000,0,thrust,MSC10,20,260930401,"[240, 565]","[None, None, None]",0,3,2,2,0,0
57,48317,2000,1,thrust,MSC10,20,260930401,"[157, 423, 537]","[57, None, 37]",2,1,1,1,0,0
58,48321,2000,2,thrust,MSC10,20,260930401,"[147, 354, 531]","[47, 54, 31]",3,0,0,0,0,0
59,48325,2000,3,thrust,MSC10,20,260930401,"[135, 353, 527]","[35, 53, 27]",3,0,0,0,0,0
60,48330,2000,4,thrust,MSC10,20,260930401,"[327, 431, 523, 643]","[None, 27, 23]",2,1,2,2,0,0
61,48331,2000,5,thrust,MSC10,20,260930401,"[322, 412, 518, 610]","[None, 22, 18]",2,1,2,2,0,0
62,48582,2000,6,thrust,MSC10,20,260930401,"[263, 353, 443, 533, 673]","[None, 53, 33]",2,1,3,1,0,2
63,48663,2000,7,thrust,MSC10,20,260930401,"[194, 321, 411, 523, 613]","[None, 21, 23]",2,1,3,3,0,0
0,45197,500,0,thrust,SS2,20,260930402,"[296, 601]","[None, None, None]",0,3,2,1,0,1
1,45693,500,1,thrust,SS2,20,260930402,"[182, 332, 548]","[None, 32, 48]",2,1,1,1,0,0
2,47377,500,2,thrust,SS2,20,260930402,"[166, 326, 530]","[None, 26, 30]",2,1,1,1,0,0
3,47389,500,3,thrust,SS2,20,260930402,"[156, 327, 527]","[56, 27, 27]",3,0,0,0,0,0
4,47390,500,4,thrust,SS2,20,260930402,"[121, 211, 319, 417, 623]","[21, 19, None]",2,1,3,3,0,0
5,47391,500,5,thrust,SS2,20,260930402,"[119, 209, 314, 404, 503]","[19, 14, 3]",3,0,2,2,0,0
6,47650,500,6,thrust,SS2,20,260930402,"[114, 204, 294, 384, 474, 571]","[14, None, None]",1,2,5,3,0,2
7,48287,500,7,thrust,SS2,20,260930402,"[117, 207, 303, 393, 670]","[17, 3, None]",2,1,3,2,0,1
8,48291,500,0,thrust,SS2,20,260930402,"[184, 630]","[None, None, None]",0,3,2,2,0,0
9,48687,500,1,thrust,SS2,20,260930402,"[238, 539]","[None, None, 39]",1,2,1,1,0,0
10,51862,500,2,thrust,SS2,20,260930402,"[120, 243, 435, 552]","[20, None, 52]",2,1,2,2,0,0
11,51867,500,3,thrust,SS2,20,260930402,"[124, 275, 532]","[24, None, 32]",2,1,1,0,0,1
12,52471,500,4,thrust,SS2,20,260930402,"[158, 324, 540]","[58, 24, 40]",3,0,0,0,0,0
13,52472,500,5,thrust,SS2,20,260930402,"[141, 320, 410, 533]","[41, 20, 33]",3,0,1,1,0,0
14,52482,500,6,thrust,SS2,20,260930402,"[138, 316, 406, 518, 610]","[38, 16, 18]",3,0,2,2,0,0
15,52484,500,7,thrust,SS2,20,260930402,"[131, 322, 412, 522, 678]","[31, 22, 22]",3,0,2,1,0,1
16,45187,1000,0,thrust,SS2,20,260930402,"[220, 470]","[None, None, None]",0,3,2,1,0,1
17,45235,1000,1,thrust,SS2,20,260930402,"[201, 320]","[None, 20, None]",1,2,1,1,0,0
18,45377,1000,2,thrust,SS2,20,260930402,"[135, 341]","[35, 41, None]",2,1,0,0,0,0
19,45387,1000,3,thrust,SS2,20,260930402,"[158, 330, 602]","[58, 30, None]",2,1,1,1,0,0
20,45399,1000,4,thrust,SS2,20,260930402,"[134, 408, 529]","[34, None, 29]",2,1,1,1,0,0
21,45531,1000,5,thrust,SS2,20,260930402,"[136, 342, 523, 620]","[36, 42, 23]",3,0,1,1,0,0
22,45542,1000,6,thrust,SS2,20,260930402,"[131, 359, 466, 556, 648]","[31, 59, 56]",3,0,2,1,0,1
23,45564,1000,7,thrust,SS2,20,260930402,"[123, 218, 356, 524]","[23, 56, 24]",3,0,1,1,0,0
24,45578,1000,0,thrust,SS2,20,260930402,"[385, 642]","[None, None, None]",0,3,2,2,0,0
25,45660,1000,1,thrust,SS2,20,260930402,"[347, 552]","[None, 47, 52]",2,1,0,0,0,0
26,45675,1000,2,thrust,SS2,20,260930402,"[221, 331, 421, 545]","[None, 31, 45]",2,1,2,2,0,0
27,45677,1000,3,thrust,SS2,20,260930402,"[215, 334, 534]","[None, 34, 34]",2,1,1,1,0,0
28,47356,1000,4,thrust,SS2,20,260930402,"[132, 327, 543]","[32, 27, 43]",3,0,0,0,0,0
29,47361,1000,5,thrust,SS2,20,260930402,"[126, 269, 359, 449, 577]","[26, 59, None]",2,1,3,2,0,1
30,47362,1000,6,thrust,SS2,20,260930402,"[123, 213, 325, 430, 694]","[23, 25, None]",2,1,3,2,0,1
31,47367,1000,7,thrust,SS2,20,260930402,"[125, 219, 328, 462]","[25, 28, None]",2,1,2,1,0,1
32,45189,1500,0,thrust,SS2,20,260930402,[537],"[None, None, 37]",1,2,0,0,0,0
33,45383,1500,1,thrust,SS2,20,260930402,"[178, 397, 606]","[None, None, None]",0,3,3,3,0,0
34,45408,1500,2,thrust,SS2,20,260930402,"[166, 469, 620]","[None, None, None]",0,3,3,2,0,1
35,45686,1500,3,thrust,SS2,20,260930402,"[147, 389, 542]","[47, None, 42]",2,1,1,1,0,0
36,45696,1500,4,thrust,SS2,20,260930402,"[329, 527]","[None, 29, 27]",2,1,0,0,0,0
37,46077,1500,5,thrust,SS2,20,260930402,"[332, 527]","[None, 32, 27]",2,1,0,0,0,0
38,47371,1500,6,thrust,SS2,20,260930402,"[322, 529]","[None, 22, 29]",2,1,0,0,0,0
39,47373,1500,7,thrust,SS2,20,260930402,"[327, 519, 668]","[None, 27, 19]",2,1,1,0,0,1
40,47397,1500,0,thrust,SS2,20,260930402,[553],"[None, None, 53]",1,2,0,0,0,0
41,47630,1500,1,thrust,SS2,20,260930402,"[199, 378]","[None, None, None]",0,3,2,2,0,0
42,47655,1500,2,thrust,SS2,20,260930402,"[146, 361, 690]","[46, None, None]",1,2,2,1,0,1
43,48143,1500,3,thrust,SS2,20,260930402,"[146, 327, 573]","[46, 27, None]",2,1,1,1,0,0
44,48276,1500,4,thrust,SS2,20,260930402,"[152, 492, 582]","[52, None, None]",1,2,2,1,0,1
45,48292,1500,5,thrust,SS2,20,260930402,"[131, 378, 526, 639]","[31, None, 26]",2,1,2,2,0,0
46,48293,1500,6,thrust,SS2,20,260930402,"[132, 371, 527]","[32, None, 27]",2,1,1,1,0,0
47,48294,1500,7,thrust,SS2,20,260930402,"[126, 350, 525, 631]","[26, 50, 25]",3,0,1,1,0,0
48,45397,2000,0,thrust,SS2,20,260930402,[375],"[None, None, None]",0,3,1,1,0,0
49,45582,2000,1,thrust,SS2,20,260930402,"[324, 569]","[None, 24, None]",1,2,1,1,0,0
50,46074,2000,2,thrust,SS2,20,260930402,"[344, 545]","[None, 44, 45]",2,1,0,0,0,0
51,46079,2000,3,thrust,SS2,20,260930402,"[339, 526]","[None, 39, 26]",2,1,0,0,0,0
52,46355,2000,4,thrust,SS2,20,260930402,"[138, 329, 551]","[38, 29, 51]",3,0,0,0,0,0
53,48303,2000,5,thrust,SS2,20,260930402,"[162, 327, 541]","[None, 27, 41]",2,1,1,1,0,0
54,48304,2000,6,thrust,SS2,20,260930402,"[127, 318, 408, 556]","[27, 18, 56]",3,0,1,1,0,0
55,48306,2000,7,thrust,SS2,20,260930402,"[127, 241, 336, 543]","[27, 36, 43]",3,0,1,1,0,0
56,48311,2000,0,thrust,SS2,20,260930402,"[205, 604]","[None, None, None]",0,3,2,2,0,0
57,48317,2000,1,thrust,SS2,20,260930402,"[182, 470, 601]","[None, None, None]",0,3,3,2,0,1
58,48321,2000,2,thrust,SS2,20,260930402,"[167, 359, 538]","[None, 59, 38]",2,1,1,1,0,0
59,48325,2000,3,thrust,SS2,20,260930402,"[146, 352, 526]","[46, 52, 26]",3,0,0,0,0,0
60,48330,2000,4,thrust,SS2,20,260930402,"[331, 529]","[None, 31, 29]",2,1,0,0,0,0
61,48331,2000,5,thrust,SS2,20,260930402,"[324, 414, 521, 649]","[None, 24, 21]",2,1,2,2,0,0
62,48582,2000,6,thrust,SS2,20,260930402,"[318, 408, 518, 613]","[None, 18, 18]",2,1,2,2,0,0
63,48663,2000,7,thrust,SS2,20,260930402,"[245, 335, 524, 649]","[None, 35, 24]",2,1,2,2,0,0
0,45197,500,0,thrust,SS8,20,260930402,"[297, 562]","[None, None, None]",0,3,2,1,0,1
1,45693,500,1,thrust,SS8,20,260930402,"[174, 334, 542]","[None, 34, 42]",2,1,1,1,0,0
2,47377,500,2,thrust,SS8,20,260930402,"[155, 325, 431, 532]","[55, 25, 32]",3,0,1,1,0,0
3,47389,500,3,thrust,SS8,20,260930402,"[137, 325, 462, 552, 676]","[37, 25, 52]",3,0,2,0,0,2
4,47390,500,4,thrust,SS8,20,260930402,"[120, 210, 300, 393, 582]","[20, None, None]",1,2,4,3,0,1
5,47391,500,5,thrust,SS8,20,260930402,"[119, 209, 313, 403, 493, 587]","[19, 13, None]",2,1,4,3,0,1
6,47650,500,6,thrust,SS8,20,260930402,"[114, 204, 295, 385, 475, 576]","[14, None, None]",1,2,5,3,0,2
7,48287,500,7,thrust,SS8,20,260930402,"[118, 208, 301, 391, 481]","[18, 1, None]",2,1,3,2,0,1
8,48291,500,0,thrust,SS8,20,260930402,"[172, 585]","[None, None, None]",0,3,2,2,0,0
9,48687,500,1,thrust,SS8,20,260930402,"[143, 388, 543]","[43, None, 43]",2,1,1,1,0,0
10,51862,500,2,thrust,SS8,20,260930402,"[120, 210, 413, 536]","[20, None, 36]",2,1,2,2,0,0
11,51867,500,3,thrust,SS8,20,260930402,"[119, 209, 374, 524, 664]","[19, None, 24]",2,1,3,2,0,1
12,52471,500,4,thrust,SS8,20,260930402,"[143, 327, 535]","[43, 27, 35]",3,0,0,0,0,0
13,52472,500,5,thrust,SS8,20,260930402,"[131, 321, 411, 532]","[31, 21, 32]",3,0,1,1,0,0
14,52482,500,6,thrust,SS8,20,260930402,"[135, 316, 406, 496, 586, 677]","[35, 16, None]",2,1,4,2,0,2
15,52484,500,7,thrust,SS8,20,260930402,"[127, 316, 406, 500, 590, 680]","[27, 16, None]",2,1,4,2,0,2
16,45187,1000,0,thrust,SS8,20,260930402,"[222, 395]","[None, None, None]",0,3,2,2,0,0
17,45235,1000,1,thrust,SS8,20,260930402,"[157, 338, 600]","[57, 38, None]",2,1,1,1,0,0
18,45377,1000,2,thrust,SS8,20,260930402,"[127, 336, 647]","[27, 36, None]",2,1,1,1,0,0
19,45387,1000,3,thrust,SS8,20,260930402,"[138, 331, 602]","[38, 31, None]",2,1,1,1,0,0
20,45399,1000,4,thrust,SS8,20,260930402,"[129, 392, 522, 612]","[29, None, 22]",2,1,2,2,0,0
21,45531,1000,5,thrust,SS8,20,260930402,"[131, 250, 352, 522, 612]","[31, 52, 22]",3,0,2,1,0,1
22,45542,1000,6,thrust,SS8,20,260930402,"[126, 250, 364, 517, 607, 697]","[26, None, 17]",2,1,4,2,0,2
23,45564,1000,7,thrust,SS8,20,260930402,"[123, 213, 358, 519, 613]","[23, 58, 19]",3,0,2,2,0,0
24,45578,1000,0,thrust,SS8,20,260930402,"[386, 585]","[None, None, None]",0,3,2,2,0,0
25,45660,1000,1,thrust,SS8,20,260930402,"[216, 348, 551]","[None, 48, 51]",2,1,1,1,0,0
26,45675,1000,2,thrust,SS8,20,260930402,"[177, 325, 421, 546]","[None, 25, 46]",2,1,2,2,0,0
27,45677,1000,3,thrust,SS8,20,260930402,"[220, 327, 524, 617]","[None, 27, 24]",2,1,2,2,0,0
28,47356,1000,4,thrust,SS8,20,260930402,"[129, 245, 335, 560]","[29, 35, 60]",3,0,1,1,0,0
29,47361,1000,5,thrust,SS8,20,260930402,"[126, 251, 341, 460, 568]","[26, 41, None]",2,1,3,1,0,2
30,47362,1000,6,thrust,SS8,20,260930402,"[122, 212, 318, 408, 572]","[22, 18, None]",2,1,3,3,0,0
31,47367,1000,7,thrust,SS8,20,260930402,"[124, 214, 319, 409, 584]","[24, 19, None]",2,1,3,3,0,0
32,45189,1500,0,thrust,SS8,20,260930402,"[204, 627]","[None, None, None]",0,3,2,2,0,0
33,45383,1500,1,thrust,SS8,20,260930402,"[162, 373, 557]","[None, None, 57]",1,2,2,2,0,0
34,45408,1500,2,thrust,SS8,20,260930402,"[144, 413, 566]","[44, None, None]",1,2,2,2,0,0
35,45686,1500,3,thrust,SS8,20,260930402,"[135, 374, 533]","[35, None, 33]",2,1,1,1,0,0
36,45696,1500,4,thrust,SS8,20,260930402,"[276, 366, 528]","[None, None, 28]",1,2,2,1,0,1
37,46077,1500,5,thrust,SS8,20,260930402,"[245, 335, 526, 672]","[None, 35, 26]",2,1,2,1,0,1
38,47371,1500,6,thrust,SS8,20,260930402,"[319, 516, 606]","[None, 19, 16]",2,1,1,1,0,0
39,47373,1500,7,thrust,SS8,20,260930402,"[233, 325, 426, 519, 609]","[None, 25, 19]",2,1,3,3,0,0
40,47397,1500,0,thrust,SS8,20,260930402,"[247, 443]","[None, None, None]",0,3,2,2,0,0
41,47630,1500,1,thrust,SS8,20,260930402,"[163, 357, 626]","[None, 57, None]",1,2,2,2,0,0
42,47655,1500,2,thrust,SS8,20,260930402,"[122, 334, 659]","[22, 34, None]",2,1,1,0,0,1
43,48143,1500,3,thrust,SS8,20,260930402,"[127, 321, 421, 591]","[27, 21, None]",2,1,2,2,0,0
44,48276,1500,4,thrust,SS8,20,260930402,"[128, 474, 564, 668]","[28, None, None]",1,2,3,1,0,2
45,48292,1500,5,thrust,SS8,20,260930402,"[129, 259, 517, 607]","[29, None, 17]",2,1,2,1,0,1
46,48293,1500,6,thrust,SS8,20,260930402,"[130, 223, 373, 491, 581, 671]","[30, None, None]",1,2,5,3,0,2
47,48294,1500,7,thrust,SS8,20,260930402,"[127, 314, 521, 611]","[27, 14, 21]",3,0,1,1,0,0
48,45397,2000,0,thrust,SS8,20,260930402,"[354, 557]","[None, 54, 57]",2,1,0,0,0,0
49,45582,2000,1,thrust,SS8,20,260930402,"[327, 543]","[None, 27, 43]",2,1,0,0,0,0
50,46074,2000,2,thrust,SS8,20,260930402,"[335, 531]","[None, 35, 31]",2,1,0,0,0,0
51,46079,2000,3,thrust,SS8,20,260930402,"[334, 528]","[None, 34, 28]",2,1,0,0,0,0
52,46355,2000,4,thrust,SS8,20,260930402,"[136, 322, 412, 570]","[36, 22, None]",2,1,2,2,0,0
53,48303,2000,5,thrust,SS8,20,260930402,"[127, 320, 410, 529]","[27, 20, 29]",3,0,1,1,0,0
54,48304,2000,6,thrust,SS8,20,260930402,"[125, 218, 333, 423, 545]","[25, 33, 45]",3,0,2,2,0,0
55,48306,2000,7,thrust,SS8,20,260930402,"[126, 217, 320, 410, 543]","[26, 20, 43]",3,0,2,2,0,0
56,48311,2000,0,thrust,SS8,20,260930402,"[206, 577]","[None, None, None]",0,3,2,2,0,0
57,48317,2000,1,thrust,SS8,20,260930402,"[182, 469, 567]","[None, None, None]",0,3,3,2,0,1
58,48321,2000,2,thrust,SS8,20,260930402,"[134, 357, 527]","[34, 57, 27]",3,0,0,0,0,0
59,48325,2000,3,thrust,SS8,20,260930402,"[145, 348, 527, 623]","[45, 48, 27]",3,0,1,1,0,0
60,48330,2000,4,thrust,SS8,20,260930402,"[323, 413, 526, 629]","[None, 23, 26]",2,1,2,2,0,0
61,48331,2000,5,thrust,SS8,20,260930402,"[324, 414, 518, 617]","[None, 24, 18]",2,1,2,2,0,0
62,48582,2000,6,thrust,SS8,20,260930402,"[317, 407, 501, 591]","[None, 17, 1]",2,1,2,2,0,0
63,48663,2000,7,thrust,SS8,20,260930402,"[200, 324, 414, 522, 612]","[None, 24, 22]",2,1,3,3,0,0
0,45197,500,0,thrust,SS30,20,260930402,"[217, 307, 559]","[None, 7, 59]",2,1,1,1,0,0
1,45693,500,1,thrust,SS30,20,260930402,"[171, 262, 352, 442, 543]","[None, 52, 43]",2,1,3,2,0,1
2,47377,500,2,thrust,SS30,20,260930402,"[151, 328, 441, 531]","[51, 28, 31]",3,0,1,1,0,0
3,47389,500,3,thrust,SS30,20,260930402,"[142, 326, 460, 550, 640]","[42, 26, 50]",3,0,2,1,0,1
4,47390,500,4,thrust,SS30,20,260930402,"[118, 208, 298, 393, 483]","[18, None, None]",1,2,4,2,0,2
5,47391,500,5,thrust,SS30,20,260930402,"[122, 212, 302, 392, 482, 572, 680]","[22, 2, None]",2,1,5,3,0,2
6,47650,500,6,thrust,SS30,20,260930402,"[119, 209, 299, 389, 479, 569]","[19, None, None]",1,2,5,3,0,2
7,48287,500,7,thrust,SS30,20,260930402,"[120, 210, 300, 390, 480, 586]","[20, None, None]",1,2,5,3,0,2
8,48291,500,0,thrust,SS30,20,260930402,"[162, 255, 581]","[None, None, None]",0,3,3,2,0,1
9,48687,500,1,thrust,SS30,20,260930402,"[141, 380, 519, 609]","[41, None, 19]",2,1,2,2,0,0
10,51862,500,2,thrust,SS30,20,260930402,"[124, 214, 304, 541, 667]","[24, 4, 41]",3,0,2,1,0,1
11,51867,500,3,thrust,SS30,20,260930402,"[120, 210, 346, 524, 614]","[20, 46, 24]",3,0,2,2,0,0
12,52471,500,4,thrust,SS30,20,260930402,"[136, 327, 428, 535]","[36, 27, 35]",3,0,1,1,0,0
13,52472,500,5,thrust,SS30,20,260930402,"[134, 326, 416, 530]","[34, 26, 30]",3,0,1,1,0,0
14,52482,500,6,thrust,SS30,20,260930402,"[133, 317, 407, 497, 587, 677]","[33, 17, None]",2,1,4,2,0,2
15,52484,500,7,thrust,SS30,20,260930402,"[130, 319, 409, 499, 589, 679]","[30, 19, None]",2,1,4,2,0,2
16,45187,1000,0,thrust,SS30,20,260930402,"[209, 386, 607]","[None, None, None]",0,3,3,3,0,0
17,45235,1000,1,thrust,SS30,20,260930402,"[159, 338, 604]","[59, 38, None]",2,1,1,1,0,0
18,45377,1000,2,thrust,SS30,20,260930402,"[135, 339, 477]","[35, 39, None]",2,1,1,0,0,1
19,45387,1000,3,thrust,SS30,20,260930402,"[136, 331, 582]","[36, 31, None]",2,1,1,1,0,0
20,45399,1000,4,thrust,SS30,20,260930402,"[127, 235, 406, 525, 615]","[27, None, 25]",2,1,3,3,0,0
21,45531,1000,5,thrust,SS30,20,260930402,"[132, 228, 342, 528, 620]","[32, 42, 28]",3,0,2,2,0,0
22,45542,1000,6,thrust,SS30,20,260930402,"[125, 219, 359, 521, 611]","[25, 59, 21]",3,0,2,2,0,0
23,45564,1000,7,thrust,SS30,20,260930402,"[125, 215, 358, 462, 552]","[25, 58, 52]",3,0,2,1,0,1
24,45578,1000,0,thrust,SS30,20,260930402,"[373, 562]","[None, None, None]",0,3,2,2,0,0
25,45660,1000,1,thrust,SS30,20,260930402,"[216, 348, 548, 646]","[None, 48, 48]",2,1,2,2,0,0
26,45675,1000,2,thrust,SS30,20,260930402,"[165, 297, 387, 477, 567, 657]","[None, None, None]",0,3,6,3,0,3
27,45677,1000,3,thrust,SS30,20,260930402,"[186, 326, 416, 532]","[None, 26, 32]",2,1,2,2,0,0
28,47356,1000,4,thrust,SS30,20,260930402,"[128, 225, 324, 414, 556]","[28, 24, 56]",3,0,2,2,0,0
29,47361,1000,5,thrust,SS30,20,260930402,"[126, 216, 313, 403, 493, 589]","[26, 13, None]",2,1,4,3,0,1
30,47362,1000,6,thrust,SS30,20,260930402,"[123, 213, 322, 412, 505]","[23, 22, 5]",3,0,2,2,0,0
31,47367,1000,7,thrust,SS30,20,260930402,"[125, 215, 305, 395, 485, 619]","[25, 5, None]",2,1,4,3,0,1
32,45189,1500,0,thrust,SS30,20,260930402,"[205, 550]","[None, None, 50]",1,2,1,1,0,0
33,45383,1500,1,thrust,SS30,20,260930402,"[152, 259, 362, 555]","[52, None, 55]",2,1,2,1,0,1
34,45408,1500,2,thrust,SS30,20,260930402,"[142, 407, 550]","[42, None, 50]",2,1,1,1,0,0
35,45686,1500,3,thrust,SS30,20,260930402,"[138, 352, 531]","[38, 52, 31]",3,0,0,0,0,0
36,45696,1500,4,thrust,SS30,20,260930402,"[221, 331, 527]","[None, 31, 27]",2,1,1,1,0,0
37,46077,1500,5,thrust,SS30,20,260930402,"[192, 326, 416, 529, 629]","[None, 26, 29]",2,1,3,3,0,0
38,47371,1500,6,thrust,SS30,20,260930402,"[304, 394, 484, 574, 664]","[None, 4, None]",1,2,4,2,0,2
39,47373,1500,7,thrust,SS30,20,260930402,"[180, 328, 418, 525, 621]","[None, 28, 25]",2,1,3,3,0,0
40,47397,1500,0,thrust,SS30,20,260930402,"[245, 433]","[None, None, None]",0,3,2,2,0,0
41,47630,1500,1,thrust,SS30,20,260930402,"[162, 340, 631]","[None, 40, None]",1,2,2,2,0,0
42,47655,1500,2,thrust,SS30,20,260930402,"[134, 332, 604]","[34, 32, None]",2,1,1,1,0,0
43,48143,1500,3,thrust,SS30,20,260930402,"[131, 324, 422, 572]","[31, 24, None]",2,1,2,2,0,0
44,48276,1500,4,thrust,SS30,20,260930402,"[137, 404, 534]","[37, None, 34]",2,1,1,1,0,0
45,48292,1500,5,thrust,SS30,20,260930402,"[129, 229, 356, 524, 614]","[29, 56, 24]",3,0,2,2,0,0
46,48293,1500,6,thrust,SS30,20,260930402,"[130, 234, 350, 525, 615]","[30, 50, 25]",3,0,2,2,0,0
47,48294,1500,7,thrust,SS30,20,260930402,"[128, 218, 351, 525, 615]","[28, 51, 25]",3,0,2,2,0,0
48,45397,2000,0,thrust,SS30,20,260930402,"[354, 513]","[None, 54, 13]",2,1,0,0,0,0
49,45582,2000,1,thrust,SS30,20,260930402,"[339, 542]","[None, 39, 42]",2,1,0,0,0,0
50,46074,2000,2,thrust,SS30,20,260930402,"[340, 453, 543]","[None, 40, 43]",2,1,1,0,0,1
51,46079,2000,3,thrust,SS30,20,260930402,"[255, 346, 530, 695]","[None, 46, 30]",2,1,2,0,0,2
52,46355,2000,4,thrust,SS30,20,260930402,"[126, 216, 329, 419, 552]","[26, 29, 52]",3,0,2,2,0,0
53,48303,2000,5,thrust,SS30,20,260930402,"[131, 247, 337, 546, 645]","[31, 37, 46]",3,0,2,2,0,0
54,48304,2000,6,thrust,SS30,20,260930402,"[130, 244, 335, 425, 545]","[30, 35, 45]",3,0,2,2,0,0
55,48306,2000,7,thrust,SS30,20,260930402,"[127, 217, 327, 417, 507]","[27, 27, 7]",3,0,2,2,0,0
56,48311,2000,0,thrust,SS30,20,260930402,"[206, 571]","[None, None, None]",0,3,2,2,0,0
57,48317,2000,1,thrust,SS30,20,260930402,"[166, 404, 543]","[None, None, 43]",1,2,2,2,0,0
58,48321,2000,2,thrust,SS30,20,260930402,"[135, 361, 529]","[35, None, 29]",2,1,1,1,0,0
59,48325,2000,3,thrust,SS30,20,260930402,"[145, 235, 353, 527, 623]","[45, 53, 27]",3,0,2,2,0,0
60,48330,2000,4,thrust,SS30,20,260930402,"[332, 422, 529, 640]","[None, 32, 29]",2,1,2,2,0,0
61,48331,2000,5,thrust,SS30,20,260930402,"[256, 346, 436, 526, 628]","[None, 46, 26]",2,1,3,2,0,1
62,48582,2000,6,thrust,SS30,20,260930402,"[244, 334, 424, 523, 613]","[None, 34, 23]",2,1,3,3,0,0
63,48663,2000,7,thrust,SS30,20,260930402,"[184, 327, 417, 507, 597, 687]","[None, 27, 7]",2,1,4,3,0,1
0,45197,500,0,thrust,MSC16,20,260930402,"[251, 549]","[None, None, 49]",1,2,1,0,0,1
1,45693,500,1,thrust,MSC16,20,260930402,"[172, 334, 542]","[None, 34, 42]",2,1,1,1,0,0
2,47377,500,2,thrust,MSC16,20,260930402,"[155, 325, 427, 531]","[55, 25, 31]",3,0,1,1,0,0
3,47389,500,3,thrust,MSC16,20,260930402,"[138, 321, 451, 541]","[38, 21, 41]",3,0,1,0,0,1
4,47390,500,4,thrust,MSC16,20,260930402,"[120, 210, 300, 390, 574]","[20, None, None]",1,2,4,3,0,1
5,47391,500,5,thrust,MSC16,20,260930402,"[119, 209, 302, 392, 482, 572]","[19, 2, None]",2,1,4,3,0,1
6,47650,500,6,thrust,MSC16,20,260930402,"[114, 204, 294, 384, 474, 571]","[14, None, None]",1,2,5,3,0,2
7,48287,500,7,thrust,MSC16,20,260930402,"[118, 208, 298, 388, 478]","[18, None, None]",1,2,4,2,0,2
8,48291,500,0,thrust,MSC16,20,260930402,"[168, 570]","[None, None, None]",0,3,2,2,0,0
9,48687,500,1,thrust,MSC16,20,260930402,"[142, 385, 520]","[42, None, 20]",2,1,1,1,0,0
10,51862,500,2,thrust,MSC16,20,260930402,"[120, 210, 300, 536]","[20, None, 36]",2,1,2,1,0,1
11,51867,500,3,thrust,MSC16,20,260930402,"[118, 208, 369, 526]","[18, None, 26]",2,1,2,2,0,0
12,52471,500,4,thrust,MSC16,20,260930402,"[139, 324, 414, 531, 679]","[39, 24, 31]",3,0,2,1,0,1
13,52472,500,5,thrust,MSC16,20,260930402,"[131, 321, 411, 531]","[31, 21, 31]",3,0,1,1,0,0
14,52482,500,6,thrust,MSC16,20,260930402,"[134, 316, 406, 496, 586, 676]","[34, 16, None]",2,1,4,2,0,2
15,52484,500,7,thrust,MSC16,20,260930402,"[127, 317, 407, 497, 587, 677]","[27, 17, None]",2,1,4,2,0,2
16,45187,1000,0,thrust,MSC16,20,260930402,"[222, 391]","[None, None, None]",0,3,2,2,0,0
17,45235,1000,1,thrust,MSC16,20,260930402,"[157, 338, 600]","[57, 38, None]",2,1,1,1,0,0
18,45377,1000,2,thrust,MSC16,20,260930402,"[127, 336, 603]","[27, 36, None]",2,1,1,1,0,0
19,45387,1000,3,thrust,MSC16,20,260930402,"[138, 330, 540]","[38, 30, 40]",3,0,0,0,0,0
20,45399,1000,4,thrust,MSC16,20,260930402,"[123, 215, 404, 523, 613]","[23, None, 23]",2,1,3,3,0,0
21,45531,1000,5,thrust,MSC16,20,260930402,"[132, 250, 352, 523, 613]","[32, 52, 23]",3,0,2,1,0,1
22,45542,1000,6,thrust,MSC16,20,260930402,"[126, 239, 363, 517, 607, 697]","[26, None, 17]",2,1,4,3,0,1
23,45564,1000,7,thrust,MSC16,20,260930402,"[123, 213, 359, 519, 611]","[23, 59, 19]",3,0,2,2,0,0
24,45578,1000,0,thrust,MSC16,20,260930402,"[380, 564]","[None, None, None]",0,3,2,2,0,0
25,45660,1000,1,thrust,MSC16,20,260930402,"[216, 346, 544]","[None, 46, 44]",2,1,1,1,0,0
26,45675,1000,2,thrust,MSC16,20,260930402,"[171, 325, 421, 545]","[None, 25, 45]",2,1,2,2,0,0
27,45677,1000,3,thrust,MSC16,20,260930402,"[217, 327, 524, 618]","[None, 27, 24]",2,1,2,2,0,0
28,47356,1000,4,thrust,MSC16,20,260930402,"[128, 245, 335, 559]","[28, 35, 59]",3,0,1,1,0,0
29,47361,1000,5,thrust,MSC16,20,260930402,"[126, 221, 322, 412, 553]","[26, 22, 53]",3,0,2,2,0,0
30,47362,1000,6,thrust,MSC16,20,260930402,"[122, 212, 318, 408, 584]","[22, 18, None]",2,1,3,3,0,0
31,47367,1000,7,thrust,MSC16,20,260930402,"[123, 213, 303, 393, 483, 625]","[23, 3, None]",2,1,4,3,0,1
32,45189,1500,0,thrust,MSC16,20,260930402,"[204, 582]","[None, None, None]",0,3,2,2,0,0
33,45383,1500,1,thrust,MSC16,20,260930402,"[158, 258, 555]","[58, None, 55]",2,1,1,0,0,1
34,45408,1500,2,thrust,MSC16,20,260930402,"[143, 403, 551]","[43, None, 51]",2,1,1,1,0,0
35,45686,1500,3,thrust,MSC16,20,260930402,"[135, 372, 528]","[35, None, 28]",2,1,1,1,0,0
36,45696,1500,4,thrust,MSC16,20,260930402,"[276, 366, 498, 588, 678]","[None, None, None]",0,3,5,2,0,3
37,46077,1500,5,thrust,MSC16,20,260930402,"[191, 325, 415, 529, 630]","[None, 25, 29]",2,1,3,3,0,0
38,47371,1500,6,thrust,MSC16,20,260930402,"[319, 409, 534]","[None, 19, 34]",2,1,1,1,0,0
39,47373,1500,7,thrust,MSC16,20,260930402,"[189, 325, 415, 521, 611]","[None, 25, 21]",2,1,3,3,0,0
40,47397,1500,0,thrust,MSC16,20,260930402,[433],"[None, None, None]",0,3,1,1,0,0
41,47630,1500,1,thrust,MSC16,20,260930402,"[164, 347, 626]","[None, 47, None]",1,2,2,2,0,0
42,47655,1500,2,thrust,MSC16,20,260930402,"[141, 338, 609]","[41, 38, None]",2,1,1,1,0,0
43,48143,1500,3,thrust,MSC16,20,260930402,"[127, 217, 325, 421, 575]","[27, 25, None]",2,1,3,3,0,0
44,48276,1500,4,thrust,MSC16,20,260930402,"[128, 474, 564, 655]","[28, None, None]",1,2,3,1,0,2
45,48292,1500,5,thrust,MSC16,20,260930402,"[129, 259, 400, 521, 611]","[29, None, 21]",2,1,3,2,0,1
46,48293,1500,6,thrust,MSC16,20,260930402,"[126, 221, 373, 491, 581, 671]","[26, None, None]",1,2,5,3,0,2
47,48294,1500,7,thrust,MSC16,20,260930402,"[127, 259, 351, 522, 612]","[27, 51, 22]",3,0,2,1,0,1
48,45397,2000,0,thrust,MSC16,20,260930402,"[354, 557]","[None, 54, 57]",2,1,0,0,0,0
49,45582,2000,1,thrust,MSC16,20,260930402,"[336, 542]","[None, 36, 42]",2,1,0,0,0,0
50,46074,2000,2,thrust,MSC16,20,260930402,"[335, 526, 647]","[None, 35, 26]",2,1,1,1,0,0
51,46079,2000,3,thrust,MSC16,20,260930402,"[334, 527, 691]","[None, 34, 27]",2,1,1,0,0,1
52,46355,2000,4,thrust,MSC16,20,260930402,"[135, 322, 412, 570]","[35, 22, None]",2,1,2,2,0,0
53,48303,2000,5,thrust,MSC16,20,260930402,"[127, 320, 410, 534]","[27, 20, 34]",3,0,1,1,0,0
54,48304,2000,6,thrust,MSC16,20,260930402,"[126, 218, 325, 415, 543]","[26, 25, 43]",3,0,2,2,0,0
55,48306,2000,7,thrust,MSC16,20,260930402,"[124, 214, 319, 409, 522]","[24, 19, 22]",3,0,2,2,0,0
56,48311,2000,0,thrust,MSC16,20,260930402,"[206, 570]","[None, None, None]",0,3,2,2,0,0
57,48317,2000,1,thrust,MSC16,20,260930402,"[170, 466, 556]","[None, None, 56]",1,2,2,1,0,1
58,48321,2000,2,thrust,MSC16,20,260930402,"[134, 357, 527]","[34, 57, 27]",3,0,0,0,0,0
59,48325,2000,3,thrust,MSC16,20,260930402,"[145, 348, 527, 623]","[45, 48, 27]",3,0,1,1,0,0
60,48330,2000,4,thrust,MSC16,20,260930402,"[323, 413, 525, 627]","[None, 23, 25]",2,1,2,2,0,0
61,48331,2000,5,thrust,MSC16,20,260930402,"[324, 414, 518, 615]","[None, 24, 18]",2,1,2,2,0,0
62,48582,2000,6,thrust,MSC16,20,260930402,"[267, 357, 447, 537]","[None, 57, 37]",2,1,2,1,0,1
63,48663,2000,7,thrust,MSC16,20,260930402,"[179, 324, 414, 521, 611]","[None, 24, 21]",2,1,3,3,0,0
0,45197,500,0,thrust,MSC30,20,260930402,"[225, 400, 579]","[None, None, None]",0,3,3,3,0,0
1,45693,500,1,thrust,MSC30,20,260930402,"[172, 334, 542]","[None, 34, 42]",2,1,1,1,0,0
2,47377,500,2,thrust,MSC30,20,260930402,"[152, 325, 415, 527]","[52, 25, 27]",3,0,1,1,0,0
3,47389,500,3,thrust,MSC30,20,260930402,"[144, 326, 462, 552, 642]","[44, 26, 52]",3,0,2,1,0,1
4,47390,500,4,thrust,MSC30,20,260930402,"[119, 209, 299, 393, 564]","[19, None, None]",1,2,4,3,0,1
5,47391,500,5,thrust,MSC30,20,260930402,"[119, 209, 299, 389, 479, 569]","[19, None, None]",1,2,5,3,0,2
6,47650,500,6,thrust,MSC30,20,260930402,"[114, 204, 294, 384, 474, 564]","[14, None, None]",1,2,5,3,0,2
7,48287,500,7,thrust,MSC30,20,260930402,"[118, 208, 298, 388, 478]","[18, None, None]",1,2,4,2,0,2
8,48291,500,0,thrust,MSC30,20,260930402,"[163, 569]","[None, None, None]",0,3,2,2,0,0
9,48687,500,1,thrust,MSC30,20,260930402,"[142, 381, 529]","[42, None, 29]",2,1,1,1,0,0
10,51862,500,2,thrust,MSC30,20,260930402,"[121, 211, 305, 536, 689]","[21, 5, 36]",3,0,2,1,0,1
11,51867,500,3,thrust,MSC30,20,260930402,"[121, 211, 347, 524, 614]","[21, 47, 24]",3,0,2,2,0,0
12,52471,500,4,thrust,MSC30,20,260930402,"[136, 324, 414, 526, 651]","[36, 24, 26]",3,0,2,1,0,1
13,52472,500,5,thrust,MSC30,20,260930402,"[131, 321, 411, 501, 591, 681]","[31, 21, 1]",3,0,3,2,0,1
14,52482,500,6,thrust,MSC30,20,260930402,"[134, 316, 406, 496, 586, 676]","[34, 16, None]",2,1,4,2,0,2
15,52484,500,7,thrust,MSC30,20,260930402,"[127, 317, 407, 497, 587, 677]","[27, 17, None]",2,1,4,2,0,2
16,45187,1000,0,thrust,MSC30,20,260930402,"[212, 388]","[None, None, None]",0,3,2,2,0,0
17,45235,1000,1,thrust,MSC30,20,260930402,"[157, 338, 600]","[57, 38, None]",2,1,1,1,0,0
18,45377,1000,2,thrust,MSC30,20,260930402,"[127, 336, 604]","[27, 36, None]",2,1,1,1,0,0
19,45387,1000,3,thrust,MSC30,20,260930402,"[137, 331, 589]","[37, 31, None]",2,1,1,1,0,0
20,45399,1000,4,thrust,MSC30,20,260930402,"[128, 242, 407, 523, 613]","[28, None, 23]",2,1,3,3,0,0
21,45531,1000,5,thrust,MSC30,20,260930402,"[132, 248, 349, 523, 613]","[32, 49, 23]",3,0,2,2,0,0
22,45542,1000,6,thrust,MSC30,20,260930402,"[126, 221, 359, 517, 607, 697]","[26, 59, 17]",3,0,3,2,0,1
23,45564,1000,7,thrust,MSC30,20,260930402,"[123, 213, 357, 520, 611]","[23, 57, 20]",3,0,2,2,0,0
24,45578,1000,0,thrust,MSC30,20,260930402,"[375, 563]","[None, None, None]",0,3,2,2,0,0
25,45660,1000,1,thrust,MSC30,20,260930402,"[216, 349, 550, 646]","[None, 49, 50]",2,1,2,2,0,0
26,45675,1000,2,thrust,MSC30,20,260930402,"[165, 325, 415, 545]","[None, 25, 45]",2,1,2,2,0,0
27,45677,1000,3,thrust,MSC30,20,260930402,"[187, 327, 417, 529, 619]","[None, 27, 29]",2,1,3,3,0,0
28,47356,1000,4,thrust,MSC30,20,260930402,"[129, 244, 334, 558]","[29, 34, 58]",3,0,1,1,0,0
29,47361,1000,5,thrust,MSC30,20,260930402,"[126, 216, 320, 410, 506]","[26, 20, 6]",3,0,2,2,0,0
30,47362,1000,6,thrust,MSC30,20,260930402,"[122, 212, 318, 408, 498]","[22, 18, None]",2,1,3,2,0,1
31,47367,1000,7,thrust,MSC30,20,260930402,"[124, 214, 304, 394, 484, 620]","[24, 4, None]",2,1,4,3,0,1
32,45189,1500,0,thrust,MSC30,20,260930402,"[204, 551]","[None, None, 51]",1,2,1,1,0,0
33,45383,1500,1,thrust,MSC30,20,260930402,"[155, 260, 423, 556]","[55, None, 56]",2,1,2,1,0,1
34,45408,1500,2,thrust,MSC30,20,260930402,"[142, 407, 550]","[42, None, 50]",2,1,1,1,0,0
35,45686,1500,3,thrust,MSC30,20,260930402,"[135, 354, 532]","[35, 54, 32]",3,0,0,0,0,0
36,45696,1500,4,thrust,MSC30,20,260930402,"[223, 332, 527]","[None, 32, 27]",2,1,1,1,0,0
37,46077,1500,5,thrust,MSC30,20,260930402,"[194, 328, 454, 544, 634]","[None, 28, 44]",2,1,3,2,0,1
38,47371,1500,6,thrust,MSC30,20,260930402,"[318, 408, 498, 588, 678]","[None, 18, None]",1,2,4,2,0,2
39,47373,1500,7,thrust,MSC30,20,260930402,"[186, 325, 415, 521, 611]","[None, 25, 21]",2,1,3,3,0,0
40,47397,1500,0,thrust,MSC30,20,260930402,"[268, 440]","[None, None, None]",0,3,2,1,0,1
41,47630,1500,1,thrust,MSC30,20,260930402,"[163, 340, 627]","[None, 40, None]",1,2,2,2,0,0
42,47655,1500,2,thrust,MSC30,20,260930402,"[135, 334, 604]","[35, 34, None]",2,1,1,1,0,0
43,48143,1500,3,thrust,MSC30,20,260930402,"[127, 217, 327, 426, 573]","[27, 27, None]",2,1,3,3,0,0
44,48276,1500,4,thrust,MSC30,20,260930402,"[128, 473, 563, 653]","[28, None, None]",1,2,3,1,0,2
45,48292,1500,5,thrust,MSC30,20,260930402,"[129, 256, 363, 521, 611]","[29, None, 21]",2,1,3,2,0,1
46,48293,1500,6,thrust,MSC30,20,260930402,"[130, 223, 373, 527, 617]","[30, None, 27]",2,1,3,3,0,0
47,48294,1500,7,thrust,MSC30,20,260930402,"[127, 217, 352, 524, 614]","[27, 52, 24]",3,0,2,2,0,0
48,45397,2000,0,thrust,MSC30,20,260930402,"[354, 557]","[None, 54, 57]",2,1,0,0,0,0
49,45582,2000,1,thrust,MSC30,20,260930402,"[342, 542]","[None, 42, 42]",2,1,0,0,0,0
50,46074,2000,2,thrust,MSC30,20,260930402,"[335, 530]","[None, 35, 30]",2,1,0,0,0,0
51,46079,2000,3,thrust,MSC30,20,260930402,"[273, 363, 526, 687]","[None, None, 26]",1,2,3,1,0,2
52,46355,2000,4,thrust,MSC30,20,260930402,"[128, 287, 377, 467, 603]","[28, None, None]",1,2,4,2,0,2
53,48303,2000,5,thrust,MSC30,20,260930402,"[127, 242, 332, 520]","[27, 32, 20]",3,0,1,1,0,0
54,48304,2000,6,thrust,MSC30,20,260930402,"[126, 216, 331, 421, 545]","[26, 31, 45]",3,0,2,2,0,0
55,48306,2000,7,thrust,MSC30,20,260930402,"[127, 217, 320, 410, 500]","[27, 20, None]",2,1,3,2,0,1
56,48311,2000,0,thrust,MSC30,20,260930402,"[206, 574]","[None, None, None]",0,3,2,2,0,0
57,48317,2000,1,thrust,MSC30,20,260930402,"[167, 406, 543]","[None, None, 43]",1,2,2,2,0,0
58,48321,2000,2,thrust,MSC30,20,260930402,"[134, 357, 528]","[34, 57, 28]",3,0,0,0,0,0
59,48325,2000,3,thrust,MSC30,20,260930402,"[145, 238, 353, 527, 623]","[45, 53, 27]",3,0,2,2,0,0
60,48330,2000,4,thrust,MSC30,20,260930402,"[323, 413, 525, 626]","[None, 23, 25]",2,1,2,2,0,0
61,48331,2000,5,thrust,MSC30,20,260930402,"[260, 350, 440, 530]","[None, 50, 30]",2,1,2,1,0,1
62,48582,2000,6,thrust,MSC30,20,260930402,"[251, 341, 442, 532, 649]","[None, 41, 32]",2,1,3,2,0,1
63,48663,2000,7,thrust,MSC30,20,260930402,"[187, 324, 414, 504, 594, 684]","[None, 24, 4]",2,1,4,3,0,1
0,45197,500,0,thrust,MSC10,20,260930402,"[287, 561]","[None, None, None]",0,3,2,1,0,1
1,45693,500,1,thrust,MSC10,20,260930402,"[171, 333, 540]","[None, 33, 40]",2,1,1,1,0,0
2,47377,500,2,thrust,MSC10,20,260930402,"[154, 325, 431, 531]","[54, 25, 31]",3,0,1,1,0,0
3,47389,500,3,thrust,MSC10,20,260930402,"[137, 325, 523, 622]","[37, 25, 23]",3,0,1,1,0,0
4,47390,500,4,thrust,MSC10,20,260930402,"[120, 210, 300, 390, 582]","[20, None, None]",1,2,4,3,0,1
5,47391,500,5,thrust,MSC10,20,260930402,"[118, 208, 313, 403, 493, 586]","[18, 13, None]",2,1,4,3,0,1
6,47650,500,6,thrust,MSC10,20,260930402,"[115, 205, 295, 385, 475, 572]","[15, None, None]",1,2,5,3,0,2
7,48287,500,7,thrust,MSC10,20,260930402,"[118, 208, 299, 389, 479]","[18, None, None]",1,2,4,2,0,2
8,48291,500,0,thrust,MSC10,20,260930402,"[173, 403]","[None, None, None]",0,3,2,2,0,0
9,48687,500,1,thrust,MSC10,20,260930402,"[141, 385, 543]","[41, None, 43]",2,1,1,1,0,0
10,51862,500,2,thrust,MSC10,20,260930402,"[120, 210, 394, 537]","[20, None, 37]",2,1,2,2,0,0
11,51867,500,3,thrust,MSC10,20,260930402,"[119, 209, 369, 526]","[19, None, 26]",2,1,2,2,0,0
12,52471,500,4,thrust,MSC10,20,260930402,"[138, 324, 434, 531, 679]","[38, 24, 31]",3,0,2,1,0,1
13,52472,500,5,thrust,MSC10,20,260930402,"[130, 320, 410, 531]","[30, 20, 31]",3,0,1,1,0,0
14,52482,500,6,thrust,MSC10,20,260930402,"[135, 316, 406, 496, 586, 676]","[35, 16, None]",2,1,4,2,0,2
15,52484,500,7,thrust,MSC10,20,260930402,"[127, 317, 407, 500, 590, 680]","[27, 17, None]",2,1,4,2,0,2
16,45187,1000,0,thrust,MSC10,20,260930402,"[222, 395, 589]","[None, None, None]",0,3,3,3,0,0
17,45235,1000,1,thrust,MSC10,20,260930402,"[157, 337, 600]","[57, 37, None]",2,1,1,1,0,0
18,45377,1000,2,thrust,MSC10,20,260930402,"[126, 336, 650]","[26, 36, None]",2,1,1,0,0,1
19,45387,1000,3,thrust,MSC10,20,260930402,"[138, 331, 602]","[38, 31, None]",2,1,1,1,0,0
20,45399,1000,4,thrust,MSC10,20,260930402,"[130, 392, 522, 612]","[30, None, 22]",2,1,2,2,0,0
21,45531,1000,5,thrust,MSC10,20,260930402,"[132, 254, 352, 522, 612]","[32, 52, 22]",3,0,2,1,0,1
22,45542,1000,6,thrust,MSC10,20,260930402,"[125, 241, 361, 517, 607, 697]","[25, None, 17]",2,1,4,3,0,1
23,45564,1000,7,thrust,MSC10,20,260930402,"[123, 213, 357, 519, 611]","[23, 57, 19]",3,0,2,2,0,0
24,45578,1000,0,thrust,MSC10,20,260930402,"[385, 567]","[None, None, None]",0,3,2,2,0,0
25,45660,1000,1,thrust,MSC10,20,260930402,"[217, 346, 549]","[None, 46, 49]",2,1,1,1,0,0
26,45675,1000,2,thrust,MSC10,20,260930402,"[175, 325, 420, 538]","[None, 25, 38]",2,1,2,2,0,0
27,45677,1000,3,thrust,MSC10,20,260930402,"[215, 329, 525, 618]","[None, 29, 25]",2,1,2,2,0,0
28,47356,1000,4,thrust,MSC10,20,260930402,"[129, 245, 335, 557]","[29, 35, 57]",3,0,1,1,0,0
29,47361,1000,5,thrust,MSC10,20,260930402,"[126, 224, 323, 413, 554]","[26, 23, 54]",3,0,2,2,0,0
30,47362,1000,6,thrust,MSC10,20,260930402,"[122, 212, 318, 408, 573]","[22, 18, None]",2,1,3,3,0,0
31,47367,1000,7,thrust,MSC10,20,260930402,"[123, 213, 318, 408, 573]","[23, 18, None]",2,1,3,3,0,0
32,45189,1500,0,thrust,MSC10,20,260930402,"[203, 627]","[None, None, None]",0,3,2,2,0,0
33,45383,1500,1,thrust,MSC10,20,260930402,"[163, 373, 557]","[None, None, 57]",1,2,2,2,0,0
34,45408,1500,2,thrust,MSC10,20,260930402,"[142, 414, 564]","[42, None, None]",1,2,2,2,0,0
35,45686,1500,3,thrust,MSC10,20,260930402,"[134, 374, 533]","[34, None, 33]",2,1,1,1,0,0
36,45696,1500,4,thrust,MSC10,20,260930402,"[277, 367, 497, 587]","[None, None, None]",0,3,4,2,0,2
37,46077,1500,5,thrust,MSC10,20,260930402,"[232, 329, 494, 584]","[None, 29, None]",1,2,3,2,0,1
38,47371,1500,6,thrust,MSC10,20,260930402,"[319, 517, 607]","[None, 19, 17]",2,1,1,1,0,0
39,47373,1500,7,thrust,MSC10,20,260930402,"[189, 326, 428, 519, 609]","[None, 26, 19]",2,1,3,3,0,0
40,47397,1500,0,thrust,MSC10,20,260930402,"[247, 433]","[None, None, None]",0,3,2,2,0,0
41,47630,1500,1,thrust,MSC10,20,260930402,"[164, 358, 625]","[None, 58, None]",1,2,2,2,0,0
42,47655,1500,2,thrust,MSC10,20,260930402,"[137, 338, 607]","[37, 38, None]",2,1,1,1,0,0
43,48143,1500,3,thrust,MSC10,20,260930402,"[127, 321, 421, 591]","[27, 21, None]",2,1,2,2,0,0
44,48276,1500,4,thrust,MSC10,20,260930402,"[128, 473, 563, 668]","[28, None, None]",1,2,3,1,0,2
45,48292,1500,5,thrust,MSC10,20,260930402,"[128, 259, 518, 608]","[28, None, 18]",2,1,2,1,0,1
46,48293,1500,6,thrust,MSC10,20,260930402,"[129, 223, 373, 527, 622]","[29, None, 27]",2,1,3,3,0,0
47,48294,1500,7,thrust,MSC10,20,260930402,"[126, 232, 371, 521, 611]","[26, None, 21]",2,1,3,3,0,0
48,45397,2000,0,thrust,MSC10,20,260930402,"[354, 686]","[None, 54, None]",1,2,1,0,0,1
49,45582,2000,1,thrust,MSC10,20,260930402,"[328, 544]","[None, 28, 44]",2,1,0,0,0,0
50,46074,2000,2,thrust,MSC10,20,260930402,"[336, 530]","[None, 36, 30]",2,1,0,0,0,0
51,46079,2000,3,thrust,MSC10,20,260930402,"[334, 526, 691]","[None, 34, 26]",2,1,1,0,0,1
52,46355,2000,4,thrust,MSC10,20,260930402,"[137, 322, 412, 567]","[37, 22, None]",2,1,2,2,0,0
53,48303,2000,5,thrust,MSC10,20,260930402,"[125, 320, 410, 531]","[25, 20, 31]",3,0,1,1,0,0
54,48304,2000,6,thrust,MSC10,20,260930402,"[125, 217, 325, 415, 542]","[25, 25, 42]",3,0,2,2,0,0
55,48306,2000,7,thrust,MSC10,20,260930402,"[127, 218, 319, 409, 542]","[27, 19, 42]",3,0,2,2,0,0
56,48311,2000,0,thrust,MSC10,20,260930402,"[205, 577]","[None, None, None]",0,3,2,2,0,0
57,48317,2000,1,thrust,MSC10,20,260930402,"[183, 469, 567]","[None, None, None]",0,3,3,2,0,1
58,48321,2000,2,thrust,MSC10,20,260930402,"[135, 355, 527]","[35, 55, 27]",3,0,0,0,0,0
59,48325,2000,3,thrust,MSC10,20,260930402,"[144, 348, 527, 623]","[44, 48, 27]",3,0,1,1,0,0
60,48330,2000,4,thrust,MSC10,20,260930402,"[323, 413, 524, 627]","[None, 23, 24]",2,1,2,2,0,0
61,48331,2000,5,thrust,MSC10,20,260930402,"[183, 323, 413, 518, 619]","[None, 23, 18]",2,1,3,3,0,0
62,48582,2000,6,thrust,MSC10,20,260930402,"[317, 407, 497, 587, 678]","[None, 17, None]",1,2,4,2,0,2
63,48663,2000,7,thrust,MSC10,20,260930402,"[179, 324, 414, 521, 611]","[None, 24, 21]",2,1,3,3,0,0
0,45197,500,0,thrust,SS2,20,260930403,"[280, 570]","[None, None, None]",0,3,2,1,0,1
1,45693,500,1,thrust,SS2,20,260930403,"[192, 340, 549]","[None, 40, 49]",2,1,1,1,0,0
2,47377,500,2,thrust,SS2,20,260930403,"[171, 329, 532]","[None, 29, 32]",2,1,1,1,0,0
3,47389,500,3,thrust,SS2,20,260930403,"[157, 323, 527]","[57, 23, 27]",3,0,0,0,0,0
4,47390,500,4,thrust,SS2,20,260930403,"[120, 210, 320, 423, 636]","[20, 20, None]",2,1,3,3,0,0
5,47391,500,5,thrust,SS2,20,260930403,"[118, 208, 316, 406, 496, 595]","[18, 16, None]",2,1,4,3,0,1
6,47650,500,6,thrust,SS2,20,260930403,"[118, 208, 320, 410]","[18, 20, None]",2,1,2,2,0,0
7,48287,500,7,thrust,SS2,20,260930403,"[119, 209, 316, 419]","[19, 16, None]",2,1,2,2,0,0
8,48291,500,0,thrust,SS2,20,260930403,[324],"[None, 24, None]",1,2,0,0,0,0
9,48687,500,1,thrust,SS2,20,260930403,"[168, 375, 549]","[None, None, 49]",1,2,2,2,0,0
10,51862,500,2,thrust,SS2,20,260930403,"[126, 346, 544]","[26, 46, 44]",3,0,0,0,0,0
11,51867,500,3,thrust,SS2,20,260930403,"[125, 255, 537]","[25, None, 37]",2,1,1,0,0,1
12,52471,500,4,thrust,SS2,20,260930403,"[151, 322, 421, 539]","[51, 22, 39]",3,0,1,1,0,0
13,52472,500,5,thrust,SS2,20,260930403,"[137, 319, 409, 531]","[37, 19, 31]",3,0,1,1,0,0
14,52482,500,6,thrust,SS2,20,260930403,"[141, 314, 404, 501, 607]","[41, 14, 1]",3,0,2,2,0,0
15,52484,500,7,thrust,SS2,20,260930403,"[135, 319, 409, 526]","[35, 19, 26]",3,0,1,1,0,0
16,45187,1000,0,thrust,SS2,20,260930403,[332],"[None, 32, None]",1,2,0,0,0,0
17,45235,1000,1,thrust,SS2,20,260930403,"[178, 336]","[None, 36, None]",1,2,1,1,0,0
18,45377,1000,2,thrust,SS2,20,260930403,"[162, 252, 356, 588]","[None, 56, None]",1,2,3,2,0,1
19,45387,1000,3,thrust,SS2,20,260930403,"[143, 324, 471]","[43, 24, None]",2,1,1,0,0,1
20,45399,1000,4,thrust,SS2,20,260930403,"[126, 438, 530]","[26, None, 30]",2,1,1,1,0,0
21,45531,1000,5,thrust,SS2,20,260930403,"[123, 220, 344, 517, 607]","[23, 44, 17]",3,0,2,2,0,0
22,45542,1000,6,thrust,SS2,20,260930403,"[121, 226, 390, 519, 609]","[21, None, 19]",2,1,3,3,0,0
23,45564,1000,7,thrust,SS2,20,260930403,"[129, 363, 520, 643]","[29, None, 20]",2,1,2,2,0,0
24,45578,1000,0,thrust,SS2,20,260930403,"[380, 576]","[None, None, None]",0,3,2,2,0,0
25,45660,1000,1,thrust,SS2,20,260930403,"[356, 570]","[None, 56, None]",1,2,1,1,0,0
26,45675,1000,2,thrust,SS2,20,260930403,"[193, 334, 541]","[None, 34, 41]",2,1,1,1,0,0
27,45677,1000,3,thrust,SS2,20,260930403,"[244, 335, 532]","[None, 35, 32]",2,1,1,1,0,0
28,47356,1000,4,thrust,SS2,20,260930403,"[131, 321, 412, 588]","[31, 21, None]",2,1,2,2,0,0
29,47361,1000,5,thrust,SS2,20,260930403,"[127, 324, 416, 563]","[27, 24, None]",2,1,2,2,0,0
30,47362,1000,6,thrust,SS2,20,260930403,"[126, 216, 325, 449]","[26, 25, None]",2,1,2,2,0,0
31,47367,1000,7,thrust,SS2,20,260930403,"[124, 222, 329, 604]","[24, 29, None]",2,1,2,2,0,0
32,45189,1500,0,thrust,SS2,20,260930403,[575],"[None, None, None]",0,3,1,1,0,0
33,45383,1500,1,thrust,SS2,20,260930403,"[166, 391, 585]","[None, None, None]",0,3,3,3,0,0
34,45408,1500,2,thrust,SS2,20,260930403,"[93, 205, 564]","[None, None, None]",0,3,3,2,0,1
35,45686,1500,3,thrust,SS2,20,260930403,"[141, 385, 536]","[41, None, 36]",2,1,1,1,0,0
36,45696,1500,4,thrust,SS2,20,260930403,"[325, 507, 597]","[None, 25, 7]",2,1,1,1,0,0
37,46077,1500,5,thrust,SS2,20,260930403,"[254, 344, 537]","[None, 44, 37]",2,1,1,0,0,1
38,47371,1500,6,thrust,SS2,20,260930403,"[329, 526]","[None, 29, 26]",2,1,0,0,0,0
39,47373,1500,7,thrust,SS2,20,260930403,"[241, 331, 524, 692]","[None, 31, 24]",2,1,2,1,0,1
40,47397,1500,0,thrust,SS2,20,260930403,[502],"[None, None, 2]",1,2,0,0,0,0
41,47630,1500,1,thrust,SS2,20,260930403,"[202, 373, 622]","[None, None, None]",0,3,3,3,0,0
42,47655,1500,2,thrust,SS2,20,260930403,"[154, 370, 598]","[54, None, None]",1,2,2,2,0,0
43,48143,1500,3,thrust,SS2,20,260930403,"[138, 329, 568]","[38, 29, None]",2,1,1,1,0,0
44,48276,1500,4,thrust,SS2,20,260930403,"[155, 479, 572]","[55, None, None]",1,2,2,1,0,1
45,48292,1500,5,thrust,SS2,20,260930403,"[136, 376, 517, 633]","[36, None, 17]",2,1,2,2,0,0
46,48293,1500,6,thrust,SS2,20,260930403,"[132, 359, 525, 637]","[32, 59, 25]",3,0,1,1,0,0
47,48294,1500,7,thrust,SS2,20,260930403,"[133, 366, 520, 610]","[33, None, 20]",2,1,2,2,0,0
48,45397,2000,0,thrust,SS2,20,260930403,[371],"[None, None, None]",0,3,1,1,0,0
49,45582,2000,1,thrust,SS2,20,260930403,"[353, 549]","[None, 53, 49]",2,1,0,0,0,0
50,46074,2000,2,thrust,SS2,20,260930403,"[346, 542]","[None, 46, 42]",2,1,0,0,0,0
51,46079,2000,3,thrust,SS2,20,260930403,"[332, 534]","[None, 32, 34]",2,1,0,0,0,0
52,46355,2000,4,thrust,SS2,20,260930403,"[130, 319, 409, 584]","[30, 19, None]",2,1,2,2,0,0
53,48303,2000,5,thrust,SS2,20,260930403,"[146, 330, 548]","[46, 30, 48]",3,0,0,0,0,0
54,48304,2000,6,thrust,SS2,20,260930403,"[133, 319, 409, 553]","[33, 19, 53]",3,0,1,1,0,0
55,48306,2000,7,thrust,SS2,20,260930403,"[133, 320, 410, 541]","[33, 20, 41]",3,0,1,1,0,0
56,48311,2000,0,thrust,SS2,20,260930403,[627],"[None, None, None]",0,3,1,1,0,0
57,48317,2000,1,thrust,SS2,20,260930403,"[193, 549]","[None, None, 49]",1,2,1,1,0,0
58,48321,2000,2,thrust,SS2,20,260930403,"[155, 352, 523]","[55, 52, 23]",3,0,0,0,0,0
59,48325,2000,3,thrust,SS2,20,260930403,"[150, 347, 451, 541]","[50, 47, 41]",3,0,1,0,0,1
60,48330,2000,4,thrust,SS2,20,260930403,"[332, 524, 636]","[None, 32, 24]",2,1,1,1,0,0
61,48331,2000,5,thrust,SS2,20,260930403,"[326, 418, 522]","[None, 26, 22]",2,1,1,1,0,0
62,48582,2000,6,thrust,SS2,20,260930403,"[324, 414, 520, 615]","[None, 24, 20]",2,1,2,2,0,0
63,48663,2000,7,thrust,SS2,20,260930403,"[185, 324, 416, 519, 609]","[None, 24, 19]",2,1,3,3,0,0
0,45197,500,0,thrust,SS8,20,260930403,"[218, 393, 574]","[None, None, None]",0,3,3,3,0,0
1,45693,500,1,thrust,SS8,20,260930403,"[171, 337, 543]","[None, 37, 43]",2,1,1,1,0,0
2,47377,500,2,thrust,SS8,20,260930403,"[158, 320, 410, 526]","[58, 20, 26]",3,0,1,1,0,0
3,47389,500,3,thrust,SS8,20,260930403,"[149, 323, 519, 609]","[49, 23, 19]",3,0,1,1,0,0
4,47390,500,4,thrust,SS8,20,260930403,"[116, 206, 300, 390, 537]","[16, None, 37]",2,1,3,2,0,1
5,47391,500,5,thrust,SS8,20,260930403,"[117, 207, 310, 400, 490, 613]","[17, 10, None]",2,1,4,3,0,1
6,47650,500,6,thrust,SS8,20,260930403,"[117, 207, 297, 387, 477, 605]","[17, None, None]",1,2,5,3,0,2
7,48287,500,7,thrust,SS8,20,260930403,"[118, 208, 298, 388, 485]","[18, None, None]",1,2,4,2,0,2
8,48291,500,0,thrust,SS8,20,260930403,"[205, 583]","[None, None, None]",0,3,2,2,0,0
9,48687,500,1,thrust,SS8,20,260930403,"[150, 376, 539]","[50, None, 39]",2,1,1,1,0,0
10,51862,500,2,thrust,SS8,20,260930403,"[124, 214, 384, 532]","[24, None, 32]",2,1,2,2,0,0
11,51867,500,3,thrust,SS8,20,260930403,"[125, 215, 367, 521, 636]","[25, None, 21]",2,1,3,3,0,0
12,52471,500,4,thrust,SS8,20,260930403,"[147, 322, 415, 523, 662]","[47, 22, 23]",3,0,2,1,0,1
13,52472,500,5,thrust,SS8,20,260930403,"[133, 320, 410, 531]","[33, 20, 31]",3,0,1,1,0,0
14,52482,500,6,thrust,SS8,20,260930403,"[138, 313, 403, 493, 583, 673]","[38, 13, None]",2,1,4,2,0,2
15,52484,500,7,thrust,SS8,20,260930403,"[127, 320, 410, 500, 590, 680]","[27, 20, None]",2,1,4,2,0,2
16,45187,1000,0,thrust,SS8,20,260930403,"[332, 691]","[None, 32, None]",1,2,1,0,0,1
17,45235,1000,1,thrust,SS8,20,260930403,"[163, 331, 634]","[None, 31, None]",1,2,2,2,0,0
18,45377,1000,2,thrust,SS8,20,260930403,"[132, 338, 687]","[32, 38, None]",2,1,1,0,0,1
19,45387,1000,3,thrust,SS8,20,260930403,"[144, 324, 439, 589]","[44, 24, None]",2,1,2,2,0,0
20,45399,1000,4,thrust,SS8,20,260930403,"[126, 225, 441, 531]","[26, None, 31]",2,1,2,2,0,0
21,45531,1000,5,thrust,SS8,20,260930403,"[123, 213, 344, 520, 610]","[23, 44, 20]",3,0,2,2,0,0
22,45542,1000,6,thrust,SS8,20,260930403,"[119, 209, 370, 520, 610]","[19, None, 20]",2,1,3,3,0,0
23,45564,1000,7,thrust,SS8,20,260930403,"[124, 214, 366, 520, 628]","[24, None, 20]",2,1,3,3,0,0
24,45578,1000,0,thrust,SS8,20,260930403,"[381, 556]","[None, None, 56]",1,2,1,1,0,0
25,45660,1000,1,thrust,SS8,20,260930403,"[337, 552]","[None, 37, 52]",2,1,0,0,0,0
26,45675,1000,2,thrust,SS8,20,260930403,"[171, 329, 523]","[None, 29, 23]",2,1,1,1,0,0
27,45677,1000,3,thrust,SS8,20,260930403,"[228, 332, 523, 641]","[None, 32, 23]",2,1,2,2,0,0
28,47356,1000,4,thrust,SS8,20,260930403,"[119, 209, 319, 409, 531]","[19, 19, 31]",3,0,2,2,0,0
29,47361,1000,5,thrust,SS8,20,260930403,"[126, 219, 315, 405, 552]","[26, 15, 52]",3,0,2,2,0,0
30,47362,1000,6,thrust,SS8,20,260930403,"[127, 217, 325, 420, 582]","[27, 25, None]",2,1,3,3,0,0
31,47367,1000,7,thrust,SS8,20,260930403,"[116, 206, 326, 416, 572]","[16, 26, None]",2,1,3,3,0,0
32,45189,1500,0,thrust,SS8,20,260930403,[397],"[None, None, None]",0,3,1,1,0,0
33,45383,1500,1,thrust,SS8,20,260930403,"[155, 378, 555]","[55, None, 55]",2,1,1,1,0,0
34,45408,1500,2,thrust,SS8,20,260930403,"[161, 388, 546]","[None, None, 46]",1,2,2,2,0,0
35,45686,1500,3,thrust,SS8,20,260930403,"[131, 383, 530]","[31, None, 30]",2,1,1,1,0,0
36,45696,1500,4,thrust,SS8,20,260930403,"[291, 381, 471, 561, 651]","[None, None, None]",0,3,5,2,0,3
37,46077,1500,5,thrust,SS8,20,260930403,"[181, 324, 430, 538]","[None, 24, 38]",2,1,2,2,0,0
38,47371,1500,6,thrust,SS8,20,260930403,"[328, 526]","[None, 28, 26]",2,1,0,0,0,0
39,47373,1500,7,thrust,SS8,20,260930403,"[223, 325, 415, 529, 651]","[None, 25, 29]",2,1,3,2,0,1
40,47397,1500,0,thrust,SS8,20,260930403,"[198, 396]","[None, None, None]",0,3,2,2,0,0
41,47630,1500,1,thrust,SS8,20,260930403,"[173, 369, 622]","[None, None, None]",0,3,3,3,0,0
42,47655,1500,2,thrust,SS8,20,260930403,"[134, 341, 599]","[34, 41, None]",2,1,1,1,0,0
43,48143,1500,3,thrust,SS8,20,260930403,"[137, 327, 488]","[37, 27, None]",2,1,1,0,0,1
44,48276,1500,4,thrust,SS8,20,260930403,"[140, 386, 533]","[40, None, 33]",2,1,1,1,0,0
45,48292,1500,5,thrust,SS8,20,260930403,"[128, 293, 519, 612]","[28, None, 19]",2,1,2,1,0,1
46,48293,1500,6,thrust,SS8,20,260930403,"[126, 229, 364, 523, 613]","[26, None, 23]",2,1,3,3,0,0
47,48294,1500,7,thrust,SS8,20,260930403,"[125, 215, 366, 520, 610]","[25, None, 20]",2,1,3,3,0,0
48,45397,2000,0,thrust,SS8,20,260930403,"[364, 670]","[None, None, None]",0,3,2,1,0,1
49,45582,2000,1,thrust,SS8,20,260930403,"[346, 550]","[None, 46, 50]",2,1,0,0,0,0
50,46074,2000,2,thrust,SS8,20,260930403,"[333, 535]","[None, 33, 35]",2,1,0,0,0,0
51,46079,2000,3,thrust,SS8,20,260930403,"[329, 529]","[None, 29, 29]",2,1,0,0,0,0
52,46355,2000,4,thrust,SS8,20,260930403,"[130, 322, 412, 561]","[30, 22, None]",2,1,2,2,0,0
53,48303,2000,5,thrust,SS8,20,260930403,"[141, 323, 413, 503]","[41, 23, 3]",3,0,1,1,0,0
54,48304,2000,6,thrust,SS8,20,260930403,"[131, 321, 411, 545]","[31, 21, 45]",3,0,1,1,0,0
55,48306,2000,7,thrust,SS8,20,260930403,"[128, 282, 372, 491, 594]","[28, None, None]",1,2,4,2,0,2
56,48311,2000,0,thrust,SS8,20,260930403,[575],"[None, None, None]",0,3,1,1,0,0
57,48317,2000,1,thrust,SS8,20,260930403,"[173, 282, 549]","[None, None, 49]",1,2,2,1,0,1
58,48321,2000,2,thrust,SS8,20,260930403,"[150, 352, 525]","[50, 52, 25]",3,0,0,0,0,0
59,48325,2000,3,thrust,SS8,20,260930403,"[132, 343, 526]","[32, 43, 26]",3,0,0,0,0,0
60,48330,2000,4,thrust,SS8,20,260930403,"[330, 420, 524, 636]","[None, 30, 24]",2,1,2,2,0,0
61,48331,2000,5,thrust,SS8,20,260930403,"[324, 414, 518, 608]","[None, 24, 18]",2,1,2,2,0,0
62,48582,2000,6,thrust,SS8,20,260930403,"[227, 324, 414, 516, 606]","[None, 24, 16]",2,1,3,3,0,0
63,48663,2000,7,thrust,SS8,20,260930403,"[175, 320, 410, 515, 605]","[None, 20, 15]",2,1,3,3,0,0
0,45197,500,0,thrust,SS30,20,260930403,"[209, 393, 574]","[None, None, None]",0,3,3,3,0,0
1,45693,500,1,thrust,SS30,20,260930403,"[170, 340, 430, 546]","[None, 40, 46]",2,1,2,2,0,0
2,47377,500,2,thrust,SS30,20,260930403,"[153, 326, 416, 531]","[53, 26, 31]",3,0,1,1,0,0
3,47389,500,3,thrust,SS30,20,260930403,"[149, 327, 475, 565, 655]","[49, 27, None]",2,1,3,1,0,2
4,47390,500,4,thrust,SS30,20,260930403,"[120, 210, 300, 390, 496]","[20, None, None]",1,2,4,2,0,2
5,47391,500,5,thrust,SS30,20,260930403,"[119, 209, 299, 389, 479, 569]","[19, None, None]",1,2,5,3,0,2
6,47650,500,6,thrust,SS30,20,260930403,"[120, 210, 300, 390, 480, 570]","[20, None, None]",1,2,5,3,0,2
7,48287,500,7,thrust,SS30,20,260930403,"[122, 212, 302, 392, 482]","[22, 2, None]",2,1,3,2,0,1
8,48291,500,0,thrust,SS30,20,260930403,"[175, 279, 586]","[None, None, None]",0,3,3,2,0,1
9,48687,500,1,thrust,SS30,20,260930403,"[141, 374, 538]","[41, None, 38]",2,1,1,1,0,0
10,51862,500,2,thrust,SS30,20,260930403,"[126, 216, 368, 535]","[26, None, 35]",2,1,2,2,0,0
11,51867,500,3,thrust,SS30,20,260930403,"[122, 212, 353, 527, 638]","[22, 53, 27]",3,0,2,2,0,0
12,52471,500,4,thrust,SS30,20,260930403,"[147, 325, 415, 522, 612]","[47, 25, 22]",3,0,2,2,0,0
13,52472,500,5,thrust,SS30,20,260930403,"[137, 322, 412, 502, 592, 682]","[37, 22, 2]",3,0,3,2,0,1
14,52482,500,6,thrust,SS30,20,260930403,"[141, 316, 406, 496, 586, 676]","[41, 16, None]",2,1,4,2,0,2
15,52484,500,7,thrust,SS30,20,260930403,"[130, 324, 414, 507, 597, 687]","[30, 24, 7]",3,0,3,2,0,1
16,45187,1000,0,thrust,SS30,20,260930403,"[286, 505]","[None, None, 5]",1,2,1,0,0,1
17,45235,1000,1,thrust,SS30,20,260930403,"[137, 344, 455]","[37, 44, None]",2,1,1,0,0,1
18,45377,1000,2,thrust,SS30,20,260930403,"[134, 340, 596]","[34, 40, None]",2,1,1,1,0,0
19,45387,1000,3,thrust,SS30,20,260930403,"[140, 325, 415, 584]","[40, 25, None]",2,1,2,2,0,0
20,45399,1000,4,thrust,SS30,20,260930403,"[129, 219, 389, 526, 616]","[29, None, 26]",2,1,3,3,0,0
21,45531,1000,5,thrust,SS30,20,260930403,"[124, 214, 339, 523, 613]","[24, 39, 23]",3,0,2,2,0,0
22,45542,1000,6,thrust,SS30,20,260930403,"[124, 221, 311, 523, 613]","[24, 11, 23]",3,0,2,2,0,0
23,45564,1000,7,thrust,SS30,20,260930403,"[127, 217, 353, 520, 617]","[27, 53, 20]",3,0,2,2,0,0
24,45578,1000,0,thrust,SS30,20,260930403,"[370, 531]","[None, None, 31]",1,2,1,1,0,0
25,45660,1000,1,thrust,SS30,20,260930403,"[217, 345, 547]","[None, 45, 47]",2,1,1,1,0,0
26,45675,1000,2,thrust,SS30,20,260930403,"[155, 331, 534]","[55, 31, 34]",3,0,0,0,0,0
27,45677,1000,3,thrust,SS30,20,260930403,"[199, 331, 489, 579, 669]","[None, 31, None]",1,2,4,2,0,2
28,47356,1000,4,thrust,SS30,20,260930403,"[121, 211, 320, 410, 538]","[21, 20, 38]",3,0,2,2,0,0
29,47361,1000,5,thrust,SS30,20,260930403,"[126, 216, 316, 406, 496, 586]","[26, 16, None]",2,1,4,3,0,1
30,47362,1000,6,thrust,SS30,20,260930403,"[127, 217, 308, 398, 488]","[27, 8, None]",2,1,3,2,0,1
31,47367,1000,7,thrust,SS30,20,260930403,"[118, 208, 298, 388, 478, 579]","[18, None, None]",1,2,5,3,0,2
32,45189,1500,0,thrust,SS30,20,260930403,"[185, 575]","[None, None, None]",0,3,2,2,0,0
33,45383,1500,1,thrust,SS30,20,260930403,"[154, 369, 553]","[54, None, 53]",2,1,1,1,0,0
34,45408,1500,2,thrust,SS30,20,260930403,"[152, 392, 550]","[52, None, 50]",2,1,1,1,0,0
35,45686,1500,3,thrust,SS30,20,260930403,"[135, 371, 533]","[35, None, 33]",2,1,1,1,0,0
36,45696,1500,4,thrust,SS30,20,260930403,"[216, 329, 514, 604]","[None, 29, 14]",2,1,2,2,0,0
37,46077,1500,5,thrust,SS30,20,260930403,"[188, 327, 432, 535]","[None, 27, 35]",2,1,2,2,0,0
38,47371,1500,6,thrust,SS30,20,260930403,"[325, 523, 613]","[None, 25, 23]",2,1,1,1,0,0
39,47373,1500,7,thrust,SS30,20,260930403,"[222, 327, 417, 529, 635]","[None, 27, 29]",2,1,3,3,0,0
40,47397,1500,0,thrust,SS30,20,260930403,"[200, 358]","[None, 58, None]",1,2,1,1,0,0
41,47630,1500,1,thrust,SS30,20,260930403,"[161, 260, 370, 646]","[None, None, None]",0,3,4,3,0,1
42,47655,1500,2,thrust,SS30,20,260930403,"[137, 342, 587]","[37, 42, None]",2,1,1,1,0,0
43,48143,1500,3,thrust,SS30,20,260930403,"[138, 329, 419, 564]","[38, 29, None]",2,1,2,2,0,0
44,48276,1500,4,thrust,SS30,20,260930403,"[133, 432, 538]","[33, None, 38]",2,1,1,1,0,0
45,48292,1500,5,thrust,SS30,20,260930403,"[134, 361, 520, 610]","[34, None, 20]",2,1,2,2,0,0
46,48293,1500,6,thrust,SS30,20,260930403,"[131, 310, 525, 615]","[31, 10, 25]",3,0,1,1,0,0
47,48294,1500,7,thrust,SS30,20,260930403,"[128, 218, 360, 525, 615]","[28, 60, 25]",3,0,2,2,0,0
48,45397,2000,0,thrust,SS30,20,260930403,"[360, 450, 622]","[None, 60, None]",1,2,2,1,0,1
49,45582,2000,1,thrust,SS30,20,260930403,"[340, 547]","[None, 40, 47]",2,1,0,0,0,0
50,46074,2000,2,thrust,SS30,20,260930403,"[264, 354, 541]","[None, 54, 41]",2,1,1,0,0,1
51,46079,2000,3,thrust,SS30,20,260930403,"[334, 507, 597]","[None, 34, 7]",2,1,1,1,0,0
52,46355,2000,4,thrust,SS30,20,260930403,"[132, 321, 411, 551]","[32, 21, 51]",3,0,1,1,0,0
53,48303,2000,5,thrust,SS30,20,260930403,"[132, 322, 412, 503, 605]","[32, 22, 3]",3,0,2,2,0,0
54,48304,2000,6,thrust,SS30,20,260930403,"[131, 223, 321, 411, 501]","[31, 21, 1]",3,0,2,2,0,0
55,48306,2000,7,thrust,SS30,20,260930403,"[132, 319, 409, 499, 595]","[32, 19, None]",2,1,3,2,0,1
56,48311,2000,0,thrust,SS30,20,260930403,"[202, 576]","[None, None, None]",0,3,2,2,0,0
57,48317,2000,1,thrust,SS30,20,260930403,"[166, 256, 537]","[None, None, 37]",1,2,2,1,0,1
58,48321,2000,2,thrust,SS30,20,260930403,"[150, 351, 534]","[50, 51, 34]",3,0,0,0,0,0
59,48325,2000,3,thrust,SS30,20,260930403,"[133, 347, 525, 615]","[33, 47, 25]",3,0,1,1,0,0
60,48330,2000,4,thrust,SS30,20,260930403,"[247, 337, 427, 526, 626]","[None, 37, 26]",2,1,3,3,0,0
61,48331,2000,5,thrust,SS30,20,260930403,"[231, 326, 416, 518, 608]","[None, 26, 18]",2,1,3,3,0,0
62,48582,2000,6,thrust,SS30,20,260930403,"[226, 326, 416, 518, 608, 698]","[None, 26, 18]",2,1,4,3,0,1
63,48663,2000,7,thrust,SS30,20,260930403,"[175, 324, 414, 519, 609, 699]","[None, 24, 19]",2,1,4,3,0,1
0,45197,500,0,thrust,MSC16,20,260930403,"[218, 393, 573]","[None, None, None]",0,3,3,3,0,0
1,45693,500,1,thrust,MSC16,20,260930403,"[170, 336, 542]","[None, 36, 42]",2,1,1,1,0,0
2,47377,500,2,thrust,MSC16,20,260930403,"[153, 320, 410, 526]","[53, 20, 26]",3,0,1,1,0,0
3,47389,500,3,thrust,MSC16,20,260930403,"[148, 323, 463, 553, 643]","[48, 23, 53]",3,0,2,1,0,1
4,47390,500,4,thrust,MSC16,20,260930403,"[116, 206, 296, 386, 571]","[16, None, None]",1,2,4,3,0,1
5,47391,500,5,thrust,MSC16,20,260930403,"[116, 206, 310, 400, 490, 608]","[16, 10, None]",2,1,4,3,0,1
6,47650,500,6,thrust,MSC16,20,260930403,"[118, 208, 298, 388, 478, 568]","[18, None, None]",1,2,5,3,0,2
7,48287,500,7,thrust,MSC16,20,260930403,"[119, 209, 299, 389, 479]","[19, None, None]",1,2,4,2,0,2
8,48291,500,0,thrust,MSC16,20,260930403,"[205, 554]","[None, None, 54]",1,2,1,1,0,0
9,48687,500,1,thrust,MSC16,20,260930403,"[137, 376, 536]","[37, None, 36]",2,1,1,1,0,0
10,51862,500,2,thrust,MSC16,20,260930403,"[124, 214, 382, 532]","[24, None, 32]",2,1,2,2,0,0
11,51867,500,3,thrust,MSC16,20,260930403,"[125, 215, 367, 522, 614]","[25, None, 22]",2,1,3,3,0,0
12,52471,500,4,thrust,MSC16,20,260930403,"[147, 322, 412, 522, 615]","[47, 22, 22]",3,0,2,2,0,0
13,52472,500,5,thrust,MSC16,20,260930403,"[134, 319, 409, 499, 589, 679]","[34, 19, None]",2,1,4,2,0,2
14,52482,500,6,thrust,MSC16,20,260930403,"[138, 314, 404, 494, 584, 674]","[38, 14, None]",2,1,4,2,0,2
15,52484,500,7,thrust,MSC16,20,260930403,"[126, 320, 410, 500, 590, 680]","[26, 20, None]",2,1,4,2,0,2
16,45187,1000,0,thrust,MSC16,20,260930403,[293],"[None, None, None]",0,3,1,0,0,1
17,45235,1000,1,thrust,MSC16,20,260930403,"[151, 334, 632]","[51, 34, None]",2,1,1,1,0,0
18,45377,1000,2,thrust,MSC16,20,260930403,"[132, 338, 640]","[32, 38, None]",2,1,1,1,0,0
19,45387,1000,3,thrust,MSC16,20,260930403,"[133, 323, 421, 589]","[33, 23, None]",2,1,2,2,0,0
20,45399,1000,4,thrust,MSC16,20,260930403,"[126, 216, 425, 522, 612]","[26, None, 22]",2,1,3,3,0,0
21,45531,1000,5,thrust,MSC16,20,260930403,"[123, 213, 343, 519, 609, 699]","[23, 43, 19]",3,0,3,2,0,1
22,45542,1000,6,thrust,MSC16,20,260930403,"[119, 209, 313, 519, 609, 699]","[19, 13, 19]",3,0,3,2,0,1
23,45564,1000,7,thrust,MSC16,20,260930403,"[125, 215, 355, 520, 628]","[25, 55, 20]",3,0,2,2,0,0
24,45578,1000,0,thrust,MSC16,20,260930403,"[380, 577]","[None, None, None]",0,3,2,2,0,0
25,45660,1000,1,thrust,MSC16,20,260930403,"[337, 538]","[None, 37, 38]",2,1,0,0,0,0
26,45675,1000,2,thrust,MSC16,20,260930403,"[170, 329, 524]","[None, 29, 24]",2,1,1,1,0,0
27,45677,1000,3,thrust,MSC16,20,260930403,"[202, 330, 509, 599]","[None, 30, 9]",2,1,2,2,0,0
28,47356,1000,4,thrust,MSC16,20,260930403,"[120, 210, 319, 409, 531]","[20, 19, 31]",3,0,2,2,0,0
29,47361,1000,5,thrust,MSC16,20,260930403,"[127, 220, 316, 406, 503]","[27, 16, 3]",3,0,2,2,0,0
30,47362,1000,6,thrust,MSC16,20,260930403,"[126, 216, 325, 418, 568]","[26, 25, None]",2,1,3,3,0,0
31,47367,1000,7,thrust,MSC16,20,260930403,"[116, 206, 296, 386, 476]","[16, None, None]",1,2,4,2,0,2
32,45189,1500,0,thrust,MSC16,20,260930403,[353],"[None, 53, None]",1,2,0,0,0,0
33,45383,1500,1,thrust,MSC16,20,260930403,"[155, 377, 555]","[55, None, 55]",2,1,1,1,0,0
34,45408,1500,2,thrust,MSC16,20,260930403,"[153, 391, 546]","[53, None, 46]",2,1,1,1,0,0
35,45686,1500,3,thrust,MSC16,20,260930403,"[131, 379, 530]","[31, None, 30]",2,1,1,1,0,0
36,45696,1500,4,thrust,MSC16,20,260930403,"[290, 380, 470, 560, 650]","[None, None, 60]",1,2,4,1,0,3
37,46077,1500,5,thrust,MSC16,20,260930403,"[181, 324, 428, 536]","[None, 24, 36]",2,1,2,2,0,0
38,47371,1500,6,thrust,MSC16,20,260930403,"[325, 526, 631]","[None, 25, 26]",2,1,1,1,0,0
39,47373,1500,7,thrust,MSC16,20,260930403,"[221, 325, 415, 526, 616]","[None, 25, 26]",2,1,3,3,0,0
40,47397,1500,0,thrust,MSC16,20,260930403,"[199, 396]","[None, None, None]",0,3,2,2,0,0
41,47630,1500,1,thrust,MSC16,20,260930403,"[168, 361, 622]","[None, None, None]",0,3,3,3,0,0
42,47655,1500,2,thrust,MSC16,20,260930403,"[134, 341, 581]","[34, 41, None]",2,1,1,1,0,0
43,48143,1500,3,thrust,MSC16,20,260930403,"[136, 327, 452, 578]","[36, 27, None]",2,1,2,1,0,1
44,48276,1500,4,thrust,MSC16,20,260930403,"[129, 478, 568, 661]","[29, None, None]",1,2,3,1,0,2
45,48292,1500,5,thrust,MSC16,20,260930403,"[128, 230, 375, 519, 609]","[28, None, 19]",2,1,3,3,0,0
46,48293,1500,6,thrust,MSC16,20,260930403,"[126, 236, 383, 523, 613]","[26, None, 23]",2,1,3,3,0,0
47,48294,1500,7,thrust,MSC16,20,260930403,"[126, 216, 366, 520, 610]","[26, None, 20]",2,1,3,3,0,0
48,45397,2000,0,thrust,MSC16,20,260930403,"[361, 586]","[None, None, None]",0,3,2,2,0,0
49,45582,2000,1,thrust,MSC16,20,260930403,"[346, 550]","[None, 46, 50]",2,1,0,0,0,0
50,46074,2000,2,thrust,MSC16,20,260930403,"[333, 535]","[None, 33, 35]",2,1,0,0,0,0
51,46079,2000,3,thrust,MSC16,20,260930403,"[329, 460, 550, 643]","[None, 29, 50]",2,1,2,1,0,1
52,46355,2000,4,thrust,MSC16,20,260930403,"[130, 319, 409, 553]","[30, 19, 53]",3,0,1,1,0,0
53,48303,2000,5,thrust,MSC16,20,260930403,"[133, 323, 413, 547]","[33, 23, 47]",3,0,1,1,0,0
54,48304,2000,6,thrust,MSC16,20,260930403,"[126, 216, 319, 409, 499, 625]","[26, 19, None]",2,1,4,3,0,1
55,48306,2000,7,thrust,MSC16,20,260930403,"[125, 215, 320, 410, 501]","[25, 20, 1]",3,0,2,2,0,0
56,48311,2000,0,thrust,MSC16,20,260930403,"[280, 581]","[None, None, None]",0,3,2,1,0,1
57,48317,2000,1,thrust,MSC16,20,260930403,"[170, 431, 550]","[None, None, 50]",1,2,2,2,0,0
58,48321,2000,2,thrust,MSC16,20,260930403,"[150, 353, 525]","[50, 53, 25]",3,0,0,0,0,0
59,48325,2000,3,thrust,MSC16,20,260930403,"[132, 344, 525, 615]","[32, 44, 25]",3,0,1,1,0,0
60,48330,2000,4,thrust,MSC16,20,260930403,"[330, 420, 524, 619]","[None, 30, 24]",2,1,2,2,0,0
61,48331,2000,5,thrust,MSC16,20,260930403,"[323, 413, 514, 604]","[None, 23, 14]",2,1,2,2,0,0
62,48582,2000,6,thrust,MSC16,20,260930403,"[227, 324, 414, 518, 608]","[None, 24, 18]",2,1,3,3,0,0
63,48663,2000,7,thrust,MSC16,20,260930403,"[175, 321, 411, 514, 604, 694]","[None, 21, 14]",2,1,4,3,0,1
0,45197,500,0,thrust,MSC30,20,260930403,"[211, 393, 574]","[None, None, None]",0,3,3,3,0,0
1,45693,500,1,thrust,MSC30,20,260930403,"[171, 337, 432, 548]","[None, 37, 48]",2,1,2,2,0,0
2,47377,500,2,thrust,MSC30,20,260930403,"[154, 320, 410, 526]","[54, 20, 26]",3,0,1,1,0,0
3,47389,500,3,thrust,MSC30,20,260930403,"[149, 323, 430, 528]","[49, 23, 28]",3,0,1,1,0,0
4,47390,500,4,thrust,MSC30,20,260930403,"[116, 206, 296, 386, 571]","[16, None, None]",1,2,4,3,0,1
5,47391,500,5,thrust,MSC30,20,260930403,"[118, 208, 298, 388, 478, 568]","[18, None, None]",1,2,5,3,0,2
6,47650,500,6,thrust,MSC30,20,260930403,"[118, 208, 298, 388, 478, 568]","[18, None, None]",1,2,5,3,0,2
7,48287,500,7,thrust,MSC30,20,260930403,"[119, 209, 299, 389, 479]","[19, None, None]",1,2,4,2,0,2
8,48291,500,0,thrust,MSC30,20,260930403,"[177, 281, 598]","[None, None, None]",0,3,3,2,0,1
9,48687,500,1,thrust,MSC30,20,260930403,"[141, 375, 539]","[41, None, 39]",2,1,1,1,0,0
10,51862,500,2,thrust,MSC30,20,260930403,"[124, 214, 369, 530]","[24, None, 30]",2,1,2,2,0,0
11,51867,500,3,thrust,MSC30,20,260930403,"[124, 214, 354, 522, 612]","[24, 54, 22]",3,0,2,2,0,0
12,52471,500,4,thrust,MSC30,20,260930403,"[148, 322, 412, 522, 612]","[48, 22, 22]",3,0,2,2,0,0
13,52472,500,5,thrust,MSC30,20,260930403,"[134, 320, 410, 500, 590, 680]","[34, 20, None]",2,1,4,2,0,2
14,52482,500,6,thrust,MSC30,20,260930403,"[138, 314, 404, 494, 584, 674]","[38, 14, None]",2,1,4,2,0,2
15,52484,500,7,thrust,MSC30,20,260930403,"[127, 320, 410, 500, 590, 680]","[27, 20, None]",2,1,4,2,0,2
16,45187,1000,0,thrust,MSC30,20,260930403,"[288, 524]","[None, None, 24]",1,2,1,0,0,1
17,45235,1000,1,thrust,MSC30,20,260930403,"[140, 336, 630]","[40, 36, None]",2,1,1,1,0,0
18,45377,1000,2,thrust,MSC30,20,260930403,"[133, 338, 605]","[33, 38, None]",2,1,1,1,0,0
19,45387,1000,3,thrust,MSC30,20,260930403,"[140, 325, 434, 584]","[40, 25, None]",2,1,2,2,0,0
20,45399,1000,4,thrust,MSC30,20,260930403,"[127, 217, 411, 522, 612]","[27, None, 22]",2,1,3,3,0,0
21,45531,1000,5,thrust,MSC30,20,260930403,"[124, 214, 340, 519, 609, 699]","[24, 40, 19]",3,0,3,2,0,1
22,45542,1000,6,thrust,MSC30,20,260930403,"[119, 209, 304, 519, 609, 699]","[19, 4, 19]",3,0,3,2,0,1
23,45564,1000,7,thrust,MSC30,20,260930403,"[125, 215, 305, 520, 627]","[25, 5, 20]",3,0,2,2,0,0
24,45578,1000,0,thrust,MSC30,20,260930403,"[380, 555]","[None, None, 55]",1,2,1,1,0,0
25,45660,1000,1,thrust,MSC30,20,260930403,"[219, 341, 546]","[None, 41, 46]",2,1,1,1,0,0
26,45675,1000,2,thrust,MSC30,20,260930403,"[158, 329, 524]","[58, 29, 24]",3,0,0,0,0,0
27,45677,1000,3,thrust,MSC30,20,260930403,"[202, 332, 521, 611]","[None, 32, 21]",2,1,2,2,0,0
28,47356,1000,4,thrust,MSC30,20,260930403,"[120, 210, 319, 409, 531]","[20, 19, 31]",3,0,2,2,0,0
29,47361,1000,5,thrust,MSC30,20,260930403,"[127, 217, 316, 406, 496, 586]","[27, 16, None]",2,1,4,3,0,1
30,47362,1000,6,thrust,MSC30,20,260930403,"[126, 216, 308, 398, 488]","[26, 8, None]",2,1,3,2,0,1
31,47367,1000,7,thrust,MSC30,20,260930403,"[116, 206, 296, 386, 476, 580]","[16, None, None]",1,2,5,3,0,2
32,45189,1500,0,thrust,MSC30,20,260930403,"[195, 580]","[None, None, None]",0,3,2,2,0,0
33,45383,1500,1,thrust,MSC30,20,260930403,"[155, 377, 555]","[55, None, 55]",2,1,1,1,0,0
34,45408,1500,2,thrust,MSC30,20,260930403,"[154, 395, 546]","[54, None, 46]",2,1,1,1,0,0
35,45686,1500,3,thrust,MSC30,20,260930403,"[131, 371, 530]","[31, None, 30]",2,1,1,1,0,0
36,45696,1500,4,thrust,MSC30,20,260930403,"[217, 326, 445, 535]","[None, 26, 35]",2,1,2,2,0,0
37,46077,1500,5,thrust,MSC30,20,260930403,"[181, 324, 414, 533]","[None, 24, 33]",2,1,2,2,0,0
38,47371,1500,6,thrust,MSC30,20,260930403,"[328, 526, 631]","[None, 28, 26]",2,1,1,1,0,0
39,47373,1500,7,thrust,MSC30,20,260930403,"[223, 325, 415, 529, 645]","[None, 25, 29]",2,1,3,3,0,0
40,47397,1500,0,thrust,MSC30,20,260930403,"[199, 361]","[None, None, None]",0,3,2,2,0,0
41,47630,1500,1,thrust,MSC30,20,260930403,"[162, 260, 374, 622]","[None, None, None]",0,3,4,3,0,1
42,47655,1500,2,thrust,MSC30,20,260930403,"[134, 341, 589]","[34, 41, None]",2,1,1,1,0,0
43,48143,1500,3,thrust,MSC30,20,260930403,"[137, 327, 417, 566]","[37, 27, None]",2,1,2,2,0,0
44,48276,1500,4,thrust,MSC30,20,260930403,"[134, 473, 563, 653]","[34, None, None]",1,2,3,1,0,2
45,48292,1500,5,thrust,MSC30,20,260930403,"[128, 218, 366, 519, 609]","[28, None, 19]",2,1,3,3,0,0
46,48293,1500,6,thrust,MSC30,20,260930403,"[126, 216, 364, 523, 613]","[26, None, 23]",2,1,3,3,0,0
47,48294,1500,7,thrust,MSC30,20,260930403,"[126, 216, 361, 520, 610]","[26, None, 20]",2,1,3,3,0,0
48,45397,2000,0,thrust,MSC30,20,260930403,"[361, 451]","[None, None, None]",0,3,2,1,0,1
49,45582,2000,1,thrust,MSC30,20,260930403,"[341, 549]","[None, 41, 49]",2,1,0,0,0,0
50,46074,2000,2,thrust,MSC30,20,260930403,"[333, 535]","[None, 33, 35]",2,1,0,0,0,0
51,46079,2000,3,thrust,MSC30,20,260930403,"[329, 421, 527, 679]","[None, 29, 27]",2,1,2,1,0,1
52,46355,2000,4,thrust,MSC30,20,260930403,"[130, 321, 411, 556]","[30, 21, 56]",3,0,1,1,0,0
53,48303,2000,5,thrust,MSC30,20,260930403,"[134, 323, 413, 547]","[34, 23, 47]",3,0,1,1,0,0
54,48304,2000,6,thrust,MSC30,20,260930403,"[131, 319, 409, 499, 625]","[31, 19, None]",2,1,3,2,0,1
55,48306,2000,7,thrust,MSC30,20,260930403,"[129, 219, 320, 410, 500, 597]","[29, 20, None]",2,1,4,3,0,1
56,48311,2000,0,thrust,MSC30,20,260930403,"[250, 400, 563]","[None, None, None]",0,3,3,2,0,1
57,48317,2000,1,thrust,MSC30,20,260930403,"[166, 256, 548]","[None, None, 48]",1,2,2,1,0,1
58,48321,2000,2,thrust,MSC30,20,260930403,"[150, 352, 525]","[50, 52, 25]",3,0,0,0,0,0
59,48325,2000,3,thrust,MSC30,20,260930403,"[132, 347, 525, 615]","[32, 47, 25]",3,0,1,1,0,0
60,48330,2000,4,thrust,MSC30,20,260930403,"[330, 420, 524, 621]","[None, 30, 24]",2,1,2,2,0,0
61,48331,2000,5,thrust,MSC30,20,260930403,"[324, 414, 515, 605]","[None, 24, 15]",2,1,2,2,0,0
62,48582,2000,6,thrust,MSC30,20,260930403,"[227, 324, 414, 511, 601, 698]","[None, 24, 11]",2,1,4,3,0,1
63,48663,2000,7,thrust,MSC30,20,260930403,"[175, 321, 411, 514, 604, 694]","[None, 21, 14]",2,1,4,3,0,1
0,45197,500,0,thrust,MSC10,20,260930403,"[219, 391, 572]","[None, None, None]",0,3,3,3,0,0
1,45693,500,1,thrust,MSC10,20,260930403,"[172, 269, 359, 543]","[None, 59, 43]",2,1,2,1,0,1
2,47377,500,2,thrust,MSC10,20,260930403,"[157, 319, 409, 525]","[57, 19, 25]",3,0,1,1,0,0
3,47389,500,3,thrust,MSC10,20,260930403,"[149, 323, 519, 609]","[49, 23, 19]",3,0,1,1,0,0
4,47390,500,4,thrust,MSC10,20,260930403,"[114, 204, 294, 384, 535]","[14, None, 35]",2,1,3,2,0,1
5,47391,500,5,thrust,MSC10,20,260930403,"[117, 207, 309, 399, 489, 607]","[17, 9, None]",2,1,4,3,0,1
6,47650,500,6,thrust,MSC10,20,260930403,"[118, 208, 298, 388, 478, 604]","[18, None, None]",1,2,5,3,0,2
7,48287,500,7,thrust,MSC10,20,260930403,"[119, 209, 299, 389, 485]","[19, None, None]",1,2,4,2,0,2
8,48291,500,0,thrust,MSC10,20,260930403,"[204, 583]","[None, None, None]",0,3,2,2,0,0
9,48687,500,1,thrust,MSC10,20,260930403,"[132, 376, 538]","[32, None, 38]",2,1,1,1,0,0
10,51862,500,2,thrust,MSC10,20,260930403,"[124, 214, 354, 531]","[24, 54, 31]",3,0,1,1,0,0
11,51867,500,3,thrust,MSC10,20,260930403,"[124, 214, 368, 520, 635]","[24, None, 20]",2,1,3,3,0,0
12,52471,500,4,thrust,MSC10,20,260930403,"[147, 323, 417, 523, 613]","[47, 23, 23]",3,0,2,2,0,0
13,52472,500,5,thrust,MSC10,20,260930403,"[133, 319, 409, 531]","[33, 19, 31]",3,0,1,1,0,0
14,52482,500,6,thrust,MSC10,20,260930403,"[136, 313, 403, 493, 583, 673]","[36, 13, None]",2,1,4,2,0,2
15,52484,500,7,thrust,MSC10,20,260930403,"[128, 318, 408, 498, 588, 678]","[28, 18, None]",2,1,4,2,0,2
16,45187,1000,0,thrust,MSC10,20,260930403,"[332, 690]","[None, 32, None]",1,2,1,0,0,1
17,45235,1000,1,thrust,MSC10,20,260930403,"[162, 332, 630]","[None, 32, None]",1,2,2,2,0,0
18,45377,1000,2,thrust,MSC10,20,260930403,"[133, 337, 588]","[33, 37, None]",2,1,1,1,0,0
19,45387,1000,3,thrust,MSC10,20,260930403,"[134, 323, 427, 531]","[34, 23, 31]",3,0,1,1,0,0
20,45399,1000,4,thrust,MSC10,20,260930403,"[125, 224, 440, 530]","[25, None, 30]",2,1,2,2,0,0
21,45531,1000,5,thrust,MSC10,20,260930403,"[123, 213, 344, 518, 608]","[23, 44, 18]",3,0,2,2,0,0
22,45542,1000,6,thrust,MSC10,20,260930403,"[120, 210, 315, 519, 609, 699]","[20, 15, 19]",3,0,3,2,0,1
23,45564,1000,7,thrust,MSC10,20,260930403,"[124, 214, 366, 518, 626]","[24, None, 18]",2,1,3,3,0,0
24,45578,1000,0,thrust,MSC10,20,260930403,"[380, 555]","[None, None, 55]",1,2,1,1,0,0
25,45660,1000,1,thrust,MSC10,20,260930403,"[338, 542]","[None, 38, 42]",2,1,0,0,0,0
26,45675,1000,2,thrust,MSC10,20,260930403,"[171, 329, 523]","[None, 29, 23]",2,1,1,1,0,0
27,45677,1000,3,thrust,MSC10,20,260930403,"[231, 333, 524, 641]","[None, 33, 24]",2,1,2,2,0,0
28,47356,1000,4,thrust,MSC10,20,260930403,"[120, 210, 319, 409, 530]","[20, 19, 30]",3,0,2,2,0,0
29,47361,1000,5,thrust,MSC10,20,260930403,"[126, 220, 316, 406, 553]","[26, 16, 53]",3,0,2,2,0,0
30,47362,1000,6,thrust,MSC10,20,260930403,"[126, 216, 325, 415, 581]","[26, 25, None]",2,1,3,3,0,0
31,47367,1000,7,thrust,MSC10,20,260930403,"[116, 206, 296, 386, 479]","[16, None, None]",1,2,4,2,0,2
32,45189,1500,0,thrust,MSC10,20,260930403,[354],"[None, 54, None]",1,2,0,0,0,0
33,45383,1500,1,thrust,MSC10,20,260930403,"[154, 377, 555]","[54, None, 55]",2,1,1,1,0,0
34,45408,1500,2,thrust,MSC10,20,260930403,"[158, 388, 544]","[58, None, 44]",2,1,1,1,0,0
35,45686,1500,3,thrust,MSC10,20,260930403,"[130, 380, 530]","[30, None, 30]",2,1,1,1,0,0
36,45696,1500,4,thrust,MSC10,20,260930403,"[291, 381, 526, 619]","[None, None, 26]",1,2,3,2,0,1
37,46077,1500,5,thrust,MSC10,20,260930403,"[181, 323, 426, 534]","[None, 23, 34]",2,1,2,2,0,0
38,47371,1500,6,thrust,MSC10,20,260930403,"[325, 525, 624]","[None, 25, 25]",2,1,1,1,0,0
39,47373,1500,7,thrust,MSC10,20,260930403,"[243, 333, 518, 608]","[None, 33, 18]",2,1,2,2,0,0
40,47397,1500,0,thrust,MSC10,20,260930403,"[199, 361]","[None, None, None]",0,3,2,2,0,0
41,47630,1500,1,thrust,MSC10,20,260930403,"[177, 366, 621]","[None, None, None]",0,3,3,3,0,0
42,47655,1500,2,thrust,MSC10,20,260930403,"[136, 341, 599]","[36, 41, None]",2,1,1,1,0,0
43,48143,1500,3,thrust,MSC10,20,260930403,"[135, 327, 485]","[35, 27, None]",2,1,1,0,0,1
44,48276,1500,4,thrust,MSC10,20,260930403,"[139, 386, 532]","[39, None, 32]",2,1,1,1,0,0
45,48292,1500,5,thrust,MSC10,20,260930403,"[127, 294, 518, 608]","[27, None, 18]",2,1,2,1,0,1
46,48293,1500,6,thrust,MSC10,20,260930403,"[123, 213, 364, 523, 613]","[23, None, 23]",2,1,3,3,0,0
47,48294,1500,7,thrust,MSC10,20,260930403,"[126, 216, 366, 520, 610]","[26, None, 20]",2,1,3,3,0,0
48,45397,2000,0,thrust,MSC10,20,260930403,"[361, 665]","[None, None, None]",0,3,2,1,0,1
49,45582,2000,1,thrust,MSC10,20,260930403,"[346, 550]","[None, 46, 50]",2,1,0,0,0,0
50,46074,2000,2,thrust,MSC10,20,260930403,"[334, 535]","[None, 34, 35]",2,1,0,0,0,0
51,46079,2000,3,thrust,MSC10,20,260930403,"[327, 455, 545, 698]","[None, 27, 45]",2,1,2,0,0,2
52,46355,2000,4,thrust,MSC10,20,260930403,"[129, 319, 409, 560]","[29, 19, 60]",3,0,1,1,0,0
53,48303,2000,5,thrust,MSC10,20,260930403,"[132, 321, 411, 503]","[32, 21, 3]",3,0,1,1,0,0
54,48304,2000,6,thrust,MSC10,20,260930403,"[131, 319, 409, 543]","[31, 19, 43]",3,0,1,1,0,0
55,48306,2000,7,thrust,MSC10,20,260930403,"[125, 215, 320, 410, 541]","[25, 20, 41]",3,0,2,2,0,0
56,48311,2000,0,thrust,MSC10,20,260930403,"[279, 583]","[None, None, None]",0,3,2,1,0,1
57,48317,2000,1,thrust,MSC10,20,260930403,"[149, 430, 550]","[49, None, 50]",2,1,1,1,0,0
58,48321,2000,2,thrust,MSC10,20,260930403,"[151, 353, 524]","[51, 53, 24]",3,0,0,0,0,0
59,48325,2000,3,thrust,MSC10,20,260930403,"[131, 344, 525, 615]","[31, 44, 25]",3,0,1,1,0,0
60,48330,2000,4,thrust,MSC10,20,260930403,"[330, 420, 524, 634]","[None, 30, 24]",2,1,2,2,0,0
61,48331,2000,5,thrust,MSC10,20,260930403,"[322, 412, 513, 603, 693]","[None, 22, 13]",2,1,3,2,0,1
62,48582,2000,6,thrust,MSC10,20,260930403,"[230, 324, 414, 515, 605]","[None, 24, 15]",2,1,3,3,0,0
63,48663,2000,7,thrust,MSC10,20,260930403,"[176, 320, 410, 514, 604]","[None, 20, 14]",2,1,3,3,0,0
