dataset,req,freq,seed,target,seconds,position_only,velocity_only,both,neither,trigger_starts,max_position_ratio,max_velocity_ratio
original,500,10,260930401,0,670,18,0,0,652,18,1.0422769775390626,0.4741387939453125
original,500,10,260930401,1,670,19,0,0,651,19,1.042097900390625,0.4744258880615234
original,500,10,260930401,2,670,18,0,0,652,18,1.0428275146484376,0.47643600463867186
original,500,10,260930401,3,670,19,0,0,651,19,1.041810302734375,0.48148082733154296
original,500,10,260930401,4,670,20,0,0,650,20,1.040608154296875,0.4827109146118164
original,500,10,260930401,5,670,20,0,0,650,20,1.0388173828125,0.48216033935546876
original,500,10,260930401,6,670,21,0,0,649,21,1.03833349609375,0.4863793563842773
original,500,10,260930401,7,670,21,0,0,649,21,1.0328572998046874,0.4811528015136719
original,500,10,260930401,8,670,19,0,0,651,19,1.0395240478515626,0.47276256561279295
original,500,10,260930401,9,670,18,0,0,652,18,1.0452113037109374,0.47930931091308593
original,500,10,260930401,10,670,19,0,0,651,19,1.044997802734375,0.47970306396484375
original,500,10,260930401,11,670,20,0,0,650,20,1.0378719482421874,0.48188316345214843
original,500,10,260930401,12,670,20,0,0,650,20,1.0446573486328126,0.485814208984375
original,500,10,260930401,13,670,19,0,0,651,19,1.04278369140625,0.4855529403686523
original,500,10,260930401,14,670,19,0,0,651,19,1.039252197265625,0.4811727142333984
original,500,10,260930401,15,670,20,0,0,650,20,1.0435970458984376,0.48430648803710935
original,500,10,260930401,16,670,17,0,0,653,17,1.037177001953125,0.47181129455566406
original,500,10,260930401,17,670,20,0,0,650,20,1.0399267578125,0.4846022033691406
original,500,10,260930401,18,670,19,0,0,651,19,1.0408809814453126,0.47389942169189453
original,500,10,260930401,19,670,19,0,0,651,19,1.042603759765625,0.47643585205078126
original,500,10,260930401,20,670,19,0,0,651,19,1.043996826171875,0.4863128662109375
original,500,10,260930401,21,670,19,0,0,651,19,1.044710693359375,0.4805926513671875
original,500,10,260930401,22,670,20,0,0,650,20,1.042935546875,0.4845085906982422
original,500,10,260930401,23,670,20,0,0,650,20,1.0451917724609374,0.4815610122680664
original,500,10,260930401,24,670,18,0,0,652,18,1.04251513671875,0.47531364440917967
original,500,10,260930401,25,670,17,0,0,653,17,1.041204345703125,0.47475948333740237
original,500,10,260930401,26,670,18,0,0,652,18,1.042697509765625,0.47548030853271483
original,500,10,260930401,27,670,19,0,0,651,19,1.0380946044921875,0.4807714080810547
original,500,10,260930401,28,670,20,0,0,650,20,1.0419066162109376,0.48396068572998047
original,500,10,260930401,29,670,21,0,0,649,21,1.0400296630859376,0.47963844299316405
original,500,10,260930401,30,670,20,0,0,650,20,1.0428262939453126,0.485916862487793
original,500,10,260930401,31,670,21,0,0,649,21,1.042260986328125,0.4831679916381836
original,500,10,260930401,32,670,17,0,0,653,17,1.03783642578125,0.47247379302978515
original,500,10,260930401,33,670,18,0,0,652,18,1.044705322265625,0.47843341827392577
original,500,10,260930401,34,670,19,0,0,651,19,1.0403934326171875,0.4850535583496094
original,500,10,260930401,35,670,18,0,0,652,18,1.0422032470703124,0.48592079162597657
original,500,10,260930401,36,670,19,0,0,651,19,1.0425509033203124,0.48025405883789063
original,500,10,260930401,37,670,20,0,0,650,20,1.0386549072265625,0.48092491149902344
original,500,10,260930401,38,670,18,0,0,652,18,1.043511962890625,0.47660232543945313
original,500,10,260930401,39,670,20,0,0,650,20,1.0392010498046875,0.48555110931396483
original,500,10,260930401,40,670,17,0,0,653,17,1.0395706787109376,0.4731045150756836
original,500,10,260930401,41,670,18,0,0,652,18,1.0432322998046875,0.4760857391357422
original,500,10,260930401,42,670,19,0,0,651,19,1.0430390625,0.47602012634277346
original,500,10,260930401,43,670,19,0,0,651,19,1.0380667724609376,0.4824849319458008
original,500,10,260930401,44,670,19,0,0,651,19,1.0430396728515625,0.48356388092041014
original,500,10,260930401,45,670,19,0,0,651,19,1.0430318603515625,0.4762264633178711
original,500,10,260930401,46,670,19,0,0,651,19,1.0426802978515626,0.4781340026855469
original,500,10,260930401,47,670,18,0,0,652,18,1.04205419921875,0.47684967041015625
original,500,10,260930401,48,670,18,0,0,652,18,1.02932958984375,0.47799461364746093
original,500,10,260930401,49,670,17,0,0,653,17,1.0421651611328124,0.47293968200683595
original,500,10,260930401,50,670,18,0,0,652,18,1.0408115234375,0.4735219955444336
original,500,10,260930401,51,670,18,0,0,652,18,1.03882373046875,0.4722051239013672
original,500,10,260930401,52,670,20,0,0,650,20,1.039941162109375,0.48224769592285155
original,500,10,260930401,53,670,20,0,0,650,20,1.0429134521484376,0.4782070541381836
original,500,10,260930401,54,670,18,0,0,652,18,1.042817138671875,0.4810642623901367
original,500,10,260930401,55,670,19,0,0,651,19,1.0427994384765624,0.4821163558959961
original,500,10,260930401,56,670,18,0,0,652,18,1.034063232421875,0.47133705139160154
original,500,10,260930401,57,670,17,0,0,653,17,1.0408426513671876,0.4742434310913086
original,500,10,260930401,58,670,18,0,0,652,18,1.042695068359375,0.4760679626464844
original,500,10,260930401,59,670,19,0,0,651,19,1.04140185546875,0.4745146179199219
original,500,10,260930401,60,670,18,0,0,652,18,1.0335443115234375,0.4836301803588867
original,500,10,260930401,61,670,17,0,0,653,17,1.0409046630859375,0.4849002456665039
original,500,10,260930401,62,670,19,0,0,651,19,1.0370560302734375,0.4800148010253906
original,500,10,260930401,63,670,18,0,0,652,18,1.034626708984375,0.48437698364257814
original,1000,10,260930401,0,670,5,0,0,665,5,1.0239264322916666,0.3360222625732422
original,1000,10,260930401,1,670,6,0,0,664,6,1.0241555989583333,0.3360441080729167
original,1000,10,260930401,2,670,5,0,0,665,5,1.0202600911458333,0.3359632619222005
original,1000,10,260930401,3,670,7,0,0,663,7,1.0204115397135416,0.3483534240722656
original,1000,10,260930401,4,670,7,0,0,663,7,1.0218125,0.34194653828938804
original,1000,10,260930401,5,670,6,0,0,664,6,1.0284287109375,0.33325843811035155
original,1000,10,260930401,6,670,8,0,0,662,8,1.0280654296875,0.3454612223307292
original,1000,10,260930401,7,670,7,0,0,663,7,1.0224788411458334,0.34717254638671874
original,1000,10,260930401,8,670,6,0,0,664,6,1.0134881184895834,0.33536231994628907
original,1000,10,260930401,9,670,6,0,0,664,6,1.031755859375,0.3388384755452474
original,1000,10,260930401,10,670,6,0,0,664,6,1.02328125,0.33543195088704425
original,1000,10,260930401,11,670,7,0,0,663,7,1.0251328938802082,0.33277567545572917
original,1000,10,260930401,12,670,7,0,0,663,7,1.0286785481770833,0.3477110290527344
original,1000,10,260930401,13,670,7,0,0,663,7,1.0221097005208333,0.3480925496419271
original,1000,10,260930401,14,670,5,0,0,665,5,1.0229903971354166,0.33240811665852865
original,1000,10,260930401,15,670,7,0,0,663,7,1.0266268717447917,0.34806925455729165
original,1000,10,260930401,16,670,4,0,0,666,4,1.0272861328125,0.3385450998942057
original,1000,10,260930401,17,670,6,0,0,664,6,1.0226118977864582,0.3354326629638672
original,1000,10,260930401,18,670,5,0,0,665,5,1.0197291666666666,0.33304461161295573
original,1000,10,260930401,19,670,6,0,0,664,6,1.0258956705729168,0.3350653584798177
original,1000,10,260930401,20,670,6,0,0,664,6,1.0226084798177084,0.3363521321614583
original,1000,10,260930401,21,670,5,0,0,665,5,1.0272902018229166,0.33660313924153645
original,1000,10,260930401,22,670,8,0,0,662,8,1.0155936686197917,0.3355861663818359
original,1000,10,260930401,23,670,7,0,0,663,7,1.0250984700520833,0.3393036397298177
original,1000,10,260930401,24,670,6,0,0,664,6,1.02378515625,0.3362206522623698
original,1000,10,260930401,25,670,5,0,0,665,5,1.028963134765625,0.3388446044921875
original,1000,10,260930401,26,670,5,0,0,665,5,1.028201904296875,0.3361061350504557
original,1000,10,260930401,27,670,5,0,0,665,5,1.0182694498697917,0.3337123362223307
original,1000,10,260930401,28,670,8,0,0,662,8,1.0313085123697916,0.3377346547444661
original,1000,10,260930401,29,670,7,0,0,663,7,1.0218008626302084,0.3329962158203125
original,1000,10,260930401,30,670,8,0,0,662,8,1.0190148111979167,0.34396258036295574
original,1000,10,260930401,31,670,7,0,0,663,7,1.025250244140625,0.34461018880208333
original,1000,10,260930401,32,670,5,0,0,665,5,1.029779541015625,0.3390728505452474
original,1000,10,260930401,33,670,6,0,0,664,6,1.0245745442708334,0.3369048055013021
original,1000,10,260930401,34,670,7,0,0,663,7,1.0145579427083333,0.3362133534749349
original,1000,10,260930401,35,670,6,0,0,664,6,1.0274811197916667,0.3383478546142578
original,1000,10,260930401,36,670,6,0,0,664,6,1.0212193196614583,0.33525248209635417
original,1000,10,260930401,37,670,6,0,0,664,6,1.0321786295572917,0.3483557383219401
original,1000,10,260930401,38,670,7,0,0,663,7,1.0199036458333333,0.33665946960449217
original,1000,10,260930401,39,670,6,0,0,664,6,1.030005615234375,0.34757250467936196
original,1000,10,260930401,40,670,5,0,0,665,5,1.0105150553385416,0.33507835388183593
original,1000,10,260930401,41,670,7,0,0,663,7,1.0286275227864583,0.33632436116536457
original,1000,10,260930401,42,670,7,0,0,663,7,1.0316664225260417,0.3390614318847656
original,1000,10,260930401,43,670,6,0,0,664,6,1.0273125813802084,0.3335039520263672
original,1000,10,260930401,44,670,6,0,0,664,6,1.0213758951822918,0.3418925984700521
original,1000,10,260930401,45,670,7,0,0,663,7,1.0282517903645834,0.3366027069091797
original,1000,10,260930401,46,670,6,0,0,664,6,1.028833740234375,0.3371928151448568
original,1000,10,260930401,47,670,6,0,0,664,6,1.0165877278645834,0.33430381774902346
original,1000,10,260930401,48,670,5,0,0,665,5,1.0165423177083333,0.33004015604654946
original,1000,10,260930401,49,670,5,0,0,665,5,1.008904541015625,0.33371002197265626
original,1000,10,260930401,50,670,5,0,0,665,5,1.0095315755208334,0.33374369303385415
original,1000,10,260930401,51,670,5,0,0,665,5,1.0131673990885417,0.33370943705240885
original,1000,10,260930401,52,670,7,0,0,663,7,1.027110595703125,0.33340164184570314
original,1000,10,260930401,53,670,6,0,0,664,6,1.016092041015625,0.3356168619791667
original,1000,10,260930401,54,670,6,0,0,664,6,1.021891845703125,0.3356633504231771
original,1000,10,260930401,55,670,6,0,0,664,6,1.01861083984375,0.33564605712890627
original,1000,10,260930401,56,670,5,0,0,665,5,1.023385498046875,0.33482884724934897
original,1000,10,260930401,57,670,6,0,0,664,6,1.0182897135416666,0.3344965108235677
original,1000,10,260930401,58,670,5,0,0,665,5,1.0198369954427082,0.33542348225911456
original,1000,10,260930401,59,670,5,0,0,665,5,1.0172902018229166,0.33451866149902343
original,1000,10,260930401,60,670,5,0,0,665,5,1.0169688313802083,0.33803807576497397
original,1000,10,260930401,61,670,4,0,0,666,4,1.0260757649739582,0.33357304890950523
original,1000,10,260930401,62,670,5,0,0,665,5,1.024761474609375,0.32837076822916667
original,1000,10,260930401,63,670,6,0,0,664,6,1.0209175618489583,0.33972989400227865
original,1500,10,260930401,0,670,4,0,0,666,4,1.0158899739583334,0.24853805541992188
original,1500,10,260930401,1,670,4,0,0,666,4,1.0228582356770832,0.24862442016601563
original,1500,10,260930401,2,670,4,0,0,666,4,1.0203229166666667,0.2486561075846354
original,1500,10,260930401,3,670,4,0,0,666,4,1.0174488932291668,0.2489344278971354
original,1500,10,260930401,4,670,5,0,0,665,5,1.0173856608072918,0.24650914510091146
original,1500,10,260930401,5,670,5,0,0,665,5,1.014080078125,0.2445629628499349
original,1500,10,260930401,6,670,5,0,0,665,5,1.0202451985677083,0.24749366760253907
original,1500,10,260930401,7,670,6,0,0,664,6,1.0135263671875,0.2473492940266927
original,1500,10,260930401,8,670,4,0,0,666,4,1.013469970703125,0.24835591634114584
original,1500,10,260930401,9,670,4,0,0,666,4,1.0206890462239584,0.24703905741373697
original,1500,10,260930401,10,670,5,0,0,665,5,1.0198275553385416,0.24845344543457032
original,1500,10,260930401,11,670,5,0,0,665,5,1.0150091959635417,0.24755663553873697
original,1500,10,260930401,12,670,5,0,0,665,5,1.0228597819010417,0.248446528116862
original,1500,10,260930401,13,670,5,0,0,665,5,1.0238604329427083,0.2503204091389974
original,1500,10,260930401,14,670,5,0,0,665,5,1.0200787760416667,0.24735282897949218
original,1500,10,260930401,15,670,5,0,0,665,5,1.0218221028645833,0.2482171376546224
original,1500,10,260930401,16,670,3,0,0,667,3,1.01604638671875,0.24650914510091146
original,1500,10,260930401,17,670,4,0,0,666,4,1.0158837890625,0.24434476216634116
original,1500,10,260930401,18,670,3,0,0,667,3,1.014699951171875,0.2440546162923177
original,1500,10,260930401,19,670,4,0,0,666,4,1.0139138997395833,0.24621981302897136
original,1500,10,260930401,20,670,5,0,0,665,5,1.0196873372395834,0.24779032389322916
original,1500,10,260930401,21,670,4,0,0,666,4,1.0230139973958334,0.24851806640625
original,1500,10,260930401,22,670,5,0,0,665,5,1.017095947265625,0.24716105143229167
original,1500,10,260930401,23,670,4,0,0,666,4,1.0109468587239583,0.24635164896647135
original,1500,10,260930401,24,670,4,0,0,666,4,1.0165345052083334,0.24832926432291666
original,1500,10,260930401,25,670,3,0,0,667,3,1.016212646484375,0.24639973958333333
original,1500,10,260930401,26,670,5,0,0,665,5,1.01932177734375,0.24869728088378906
original,1500,10,260930401,27,670,5,0,0,665,5,1.0171258138020833,0.247525151570638
original,1500,10,260930401,28,670,5,0,0,665,5,1.0102686360677082,0.24505516052246093
original,1500,10,260930401,29,670,4,0,0,666,4,1.0165342610677084,0.24620010375976562
original,1500,10,260930401,30,670,5,0,0,665,5,1.0153531087239582,0.24857498168945313
original,1500,10,260930401,31,670,6,0,0,664,6,1.0201634114583333,0.24720845540364583
original,1500,10,260930401,32,670,4,0,0,666,4,1.0184778645833332,0.24673805236816407
original,1500,10,260930401,33,670,4,0,0,666,4,1.00812353515625,0.24576807657877603
original,1500,10,260930401,34,670,4,0,0,666,4,1.01681298828125,0.24746363321940104
original,1500,10,260930401,35,670,5,0,0,665,5,1.0210164388020833,0.24582171122233074
original,1500,10,260930401,36,670,5,0,0,665,5,1.0156271158854167,0.24851127624511718
original,1500,10,260930401,37,670,6,0,0,664,6,1.010673095703125,0.24793444315592447
original,1500,10,260930401,38,670,5,0,0,665,5,1.0185230305989583,0.24871971130371093
original,1500,10,260930401,39,670,5,0,0,665,5,1.0147451171875,0.24708091735839843
original,1500,10,260930401,40,670,4,0,0,666,4,1.0136705729166666,0.2478880818684896
original,1500,10,260930401,41,670,5,0,0,665,5,1.016737060546875,0.2484747823079427
original,1500,10,260930401,42,670,4,0,0,666,4,1.0143115234375,0.24795249938964845
original,1500,10,260930401,43,670,3,0,0,667,3,1.019848876953125,0.2477965037027995
original,1500,10,260930401,44,670,5,0,0,665,5,1.0157421061197918,0.24829330444335937
original,1500,10,260930401,45,670,3,0,0,667,3,1.0158797200520833,0.24729944864908854
original,1500,10,260930401,46,670,3,0,0,667,3,1.0086222330729167,0.24475476582845052
original,1500,10,260930401,47,670,3,0,0,667,3,1.011726318359375,0.2445361073811849
original,1500,10,260930401,48,670,4,0,0,666,4,1.0083914388020834,0.24322191874186197
original,1500,10,260930401,49,670,3,0,0,667,3,1.0050912272135417,0.2458973693847656
original,1500,10,260930401,50,670,3,0,0,667,3,1.0074366861979167,0.24539271036783855
original,1500,10,260930401,51,670,4,0,0,666,4,1.0091215006510417,0.24602185567220053
original,1500,10,260930401,52,670,3,0,0,667,3,1.01826904296875,0.24751085917154947
original,1500,10,260930401,53,670,3,0,0,667,3,1.0102657877604166,0.24688860575358074
original,1500,10,260930401,54,670,3,0,0,667,3,1.0093304850260416,0.2465924835205078
original,1500,10,260930401,55,670,3,0,0,667,3,1.0144803873697916,0.24662185668945313
original,1500,10,260930401,56,670,3,0,0,667,3,1.0176053873697917,0.24054524739583333
original,1500,10,260930401,57,670,3,0,0,667,3,1.0046620279947918,0.24506116231282551
original,1500,10,260930401,58,670,4,0,0,666,4,1.0128046875,0.2472540537516276
original,1500,10,260930401,59,670,4,0,0,666,4,1.0196498209635416,0.2468677266438802
original,1500,10,260930401,60,670,4,0,0,666,4,1.013252197265625,0.24409037272135417
original,1500,10,260930401,61,670,4,0,0,666,4,1.0148992513020834,0.2442798105875651
original,1500,10,260930401,62,670,4,0,0,666,4,1.0083221028645832,0.24440355936686198
original,1500,10,260930401,63,670,4,0,0,666,4,1.0165144856770834,0.24500958760579428
original,500,10,260930402,0,670,18,0,0,652,18,1.040141845703125,0.47427703857421877
original,500,10,260930402,1,670,19,0,0,651,19,1.0420789794921874,0.47397655487060547
original,500,10,260930402,2,670,19,0,0,651,19,1.037000732421875,0.4851761627197266
original,500,10,260930402,3,670,18,0,0,652,18,1.0435777587890624,0.4766259765625
original,500,10,260930402,4,670,20,0,0,650,20,1.044677978515625,0.48225959777832034
original,500,10,260930402,5,670,20,0,0,650,20,1.038762939453125,0.48142391204833984
original,500,10,260930402,6,670,21,0,0,649,21,1.0355321044921875,0.4853133010864258
original,500,10,260930402,7,670,21,0,0,649,21,1.033617919921875,0.48380123138427733
original,500,10,260930402,8,670,18,0,0,652,18,1.0395283203125,0.4726494598388672
original,500,10,260930402,9,670,19,0,0,651,19,1.0383431396484375,0.48377063751220706
original,500,10,260930402,10,670,19,0,0,651,19,1.040809814453125,0.48636756896972655
original,500,10,260930402,11,670,20,0,0,650,20,1.0381661376953124,0.48224937438964843
original,500,10,260930402,12,670,20,0,0,650,20,1.040091064453125,0.4855014419555664
original,500,10,260930402,13,670,20,0,0,650,20,1.0424100341796876,0.4848981094360352
original,500,10,260930402,14,670,20,0,0,650,20,1.0413074951171875,0.4811725616455078
original,500,10,260930402,15,670,20,0,0,650,20,1.0427364501953125,0.4855518341064453
original,500,10,260930402,16,670,19,0,0,651,19,1.0419952392578125,0.475335693359375
original,500,10,260930402,17,670,18,0,0,652,18,1.0414986572265625,0.47761016845703125
original,500,10,260930402,18,670,18,0,0,652,18,1.038784912109375,0.4735556411743164
original,500,10,260930402,19,670,19,0,0,651,19,1.0423865966796875,0.47633769989013675
original,500,10,260930402,20,670,19,0,0,651,19,1.043109619140625,0.48427715301513674
original,500,10,260930402,21,670,19,0,0,651,19,1.045156494140625,0.4805749893188477
original,500,10,260930402,22,670,19,0,0,651,19,1.0435361328125,0.48008060455322266
original,500,10,260930402,23,670,19,0,0,651,19,1.0399591064453124,0.4838539505004883
original,500,10,260930402,24,670,17,0,0,653,17,1.03653515625,0.4739500045776367
original,500,10,260930402,25,670,18,0,0,652,18,1.0368424072265625,0.4850083160400391
original,500,10,260930402,26,670,18,0,0,652,18,1.043271240234375,0.4761431121826172
original,500,10,260930402,27,670,19,0,0,651,19,1.0380401611328125,0.48504234313964845
original,500,10,260930402,28,670,19,0,0,651,19,1.0414970703125,0.48293190002441405
original,500,10,260930402,29,670,20,0,0,650,20,1.044669921875,0.48003856658935545
original,500,10,260930402,30,670,20,0,0,650,20,1.042743408203125,0.481766471862793
original,500,10,260930402,31,670,20,0,0,650,20,1.042102294921875,0.48492481231689455
original,500,10,260930402,32,670,17,0,0,653,17,1.043313720703125,0.47696048736572266
original,500,10,260930402,33,670,19,0,0,651,19,1.04389501953125,0.47663516998291017
original,500,10,260930402,34,670,19,0,0,651,19,1.0408306884765626,0.48492218017578126
original,500,10,260930402,35,670,19,0,0,651,19,1.0421636962890626,0.4825192642211914
original,500,10,260930402,36,670,18,0,0,652,18,1.042547119140625,0.4762228393554688
original,500,10,260930402,37,670,20,0,0,650,20,1.0386387939453126,0.48092403411865237
original,500,10,260930402,38,670,18,0,0,652,18,1.0435692138671875,0.4766647720336914
original,500,10,260930402,39,670,19,0,0,651,19,1.040090087890625,0.48605754852294925
original,500,10,260930402,40,670,18,0,0,652,18,1.0398663330078124,0.47384540557861327
original,500,10,260930402,41,670,19,0,0,651,19,1.044117919921875,0.4772348403930664
original,500,10,260930402,42,670,18,0,0,652,18,1.0429683837890624,0.4760001754760742
original,500,10,260930402,43,670,18,0,0,652,18,1.0364031982421875,0.4808215713500977
original,500,10,260930402,44,670,17,0,0,653,17,1.04310302734375,0.475950927734375
original,500,10,260930402,45,670,19,0,0,651,19,1.0430306396484375,0.47972610473632815
original,500,10,260930402,46,670,20,0,0,650,20,1.0441666259765625,0.4798374557495117
original,500,10,260930402,47,670,19,0,0,651,19,1.0423929443359374,0.4827505874633789
original,500,10,260930402,48,670,18,0,0,652,18,1.03951220703125,0.4732379531860352
original,500,10,260930402,49,670,17,0,0,653,17,1.0422296142578125,0.47283645629882814
original,500,10,260930402,50,670,18,0,0,652,18,1.038748046875,0.4724390411376953
original,500,10,260930402,51,670,17,0,0,653,17,1.0409659423828126,0.47357791900634766
original,500,10,260930402,52,670,18,0,0,652,18,1.03982373046875,0.4755773162841797
original,500,10,260930402,53,670,20,0,0,650,20,1.0429990234375,0.4777700424194336
original,500,10,260930402,54,670,19,0,0,651,19,1.043074462890625,0.4766225814819336
original,500,10,260930402,55,670,20,0,0,650,20,1.0430601806640625,0.4819218826293945
original,500,10,260930402,56,670,18,0,0,652,18,1.03788427734375,0.4716258239746094
original,500,10,260930402,57,670,18,0,0,652,18,1.0416043701171875,0.47477485656738283
original,500,10,260930402,58,670,19,0,0,651,19,1.0402353515625,0.47467891693115233
original,500,10,260930402,59,670,18,0,0,652,18,1.041971923828125,0.47602352142333987
original,500,10,260930402,60,670,17,0,0,653,17,1.0368487548828125,0.48518566131591795
original,500,10,260930402,61,670,18,0,0,652,18,1.035611572265625,0.4829315185546875
original,500,10,260930402,62,670,19,0,0,651,19,1.038422119140625,0.47995094299316404
original,500,10,260930402,63,670,19,0,0,651,19,1.036272216796875,0.4842685699462891
original,1000,10,260930402,0,670,6,0,0,664,6,1.0272784016927083,0.33886464436848956
original,1000,10,260930402,1,670,6,0,0,664,6,1.0260008951822917,0.33603894551595054
original,1000,10,260930402,2,670,5,0,0,665,5,1.0308356119791666,0.3439926401774089
original,1000,10,260930402,3,670,7,0,0,663,7,1.0307806803385418,0.3367211659749349
original,1000,10,260930402,4,670,7,0,0,663,7,1.0298277180989583,0.3443377685546875
original,1000,10,260930402,5,670,6,0,0,664,6,1.029188720703125,0.3332134755452474
original,1000,10,260930402,6,670,8,0,0,662,8,1.0244773763020834,0.34676773071289063
original,1000,10,260930402,7,670,7,0,0,663,7,1.0164132486979167,0.34608802795410154
original,1000,10,260930402,8,670,6,0,0,664,6,1.0179913736979167,0.3363030242919922
original,1000,10,260930402,9,670,6,0,0,664,6,1.027490478515625,0.3341826883951823
original,1000,10,260930402,10,670,7,0,0,663,7,1.0309765625,0.3379222361246745
original,1000,10,260930402,11,670,7,0,0,663,7,1.0280635579427084,0.3331456756591797
original,1000,10,260930402,12,670,7,0,0,663,7,1.0281409505208334,0.3371704355875651
original,1000,10,260930402,13,670,7,0,0,663,7,1.0221805013020833,0.3481194814046224
original,1000,10,260930402,14,670,7,0,0,663,7,1.027450439453125,0.3343323771158854
original,1000,10,260930402,15,670,7,0,0,663,7,1.0220860188802083,0.34805872599283855
original,1000,10,260930402,16,670,6,0,0,664,6,1.023725830078125,0.3370447794596354
original,1000,10,260930402,17,670,5,0,0,665,5,1.0216980794270833,0.3352406819661458
original,1000,10,260930402,18,670,5,0,0,665,5,1.03162255859375,0.3388799285888672
original,1000,10,260930402,19,670,6,0,0,664,6,1.02440478515625,0.33491620381673176
original,1000,10,260930402,20,670,7,0,0,663,7,1.0285091959635417,0.335882085164388
original,1000,10,260930402,21,670,6,0,0,664,6,1.0277831217447917,0.3372077178955078
original,1000,10,260930402,22,670,7,0,0,663,7,1.0213882649739583,0.33575996398925784
original,1000,10,260930402,23,670,7,0,0,663,7,1.0213085123697916,0.33327430725097656
original,1000,10,260930402,24,670,5,0,0,665,5,1.02217626953125,0.33745572408040364
original,1000,10,260930402,25,670,6,0,0,664,6,1.0295634765625,0.3429246775309245
original,1000,10,260930402,26,670,5,0,0,665,5,1.026968017578125,0.33628023783365885
original,1000,10,260930402,27,670,6,0,0,664,6,1.0298876139322917,0.34484212239583334
original,1000,10,260930402,28,670,7,0,0,663,7,1.030960205078125,0.33764249165852867
original,1000,10,260930402,29,670,7,0,0,663,7,1.0306246744791667,0.33602254231770834
original,1000,10,260930402,30,670,7,0,0,663,7,1.0198206380208332,0.3441744486490885
original,1000,10,260930402,31,670,7,0,0,663,7,1.0165765787760417,0.3399878692626953
original,1000,10,260930402,32,670,5,0,0,665,5,1.031624267578125,0.3399469502766927
original,1000,10,260930402,33,670,6,0,0,664,6,1.03072705078125,0.33652565002441404
original,1000,10,260930402,34,670,7,0,0,663,7,1.0171654459635417,0.33417699178059895
original,1000,10,260930402,35,670,7,0,0,663,7,1.030546142578125,0.3386138661702474
original,1000,10,260930402,36,670,6,0,0,664,6,1.0217945149739582,0.335251210530599
original,1000,10,260930402,37,670,6,0,0,664,6,1.032163330078125,0.34835049947102864
original,1000,10,260930402,38,670,7,0,0,663,7,1.0201670735677084,0.3366948445638021
original,1000,10,260930402,39,670,6,0,0,664,6,1.0193984375,0.34389630635579427
original,1000,10,260930402,40,670,7,0,0,663,7,1.0143486328125,0.33526041666666667
original,1000,10,260930402,41,670,7,0,0,663,7,1.0225224609375,0.33695409138997395
original,1000,10,260930402,42,670,7,0,0,663,7,1.0304229329427084,0.3389674123128255
original,1000,10,260930402,43,670,5,0,0,665,5,1.0199969075520834,0.3342217508951823
original,1000,10,260930402,44,670,6,0,0,664,6,1.0213790690104168,0.3361145273844401
original,1000,10,260930402,45,670,7,0,0,663,7,1.0212538248697918,0.335738525390625
original,1000,10,260930402,46,670,6,0,0,664,6,1.0281144205729167,0.3370894114176432
original,1000,10,260930402,47,670,6,0,0,664,6,1.0306517740885417,0.33750208536783854
original,1000,10,260930402,48,670,4,0,0,666,4,1.01039697265625,0.33472747802734376
original,1000,10,260930402,49,670,5,0,0,665,5,1.0088960774739584,0.3337445576985677
original,1000,10,260930402,50,670,5,0,0,665,5,1.0278798828125,0.33336110432942706
original,1000,10,260930402,51,670,4,0,0,666,4,1.015029541015625,0.3338129170735677
original,1000,10,260930402,52,670,5,0,0,665,5,1.011652099609375,0.33485753377278643
original,1000,10,260930402,53,670,6,0,0,664,6,1.02285888671875,0.3356532033284505
original,1000,10,260930402,54,670,7,0,0,663,7,1.0235332845052083,0.33578577677408855
original,1000,10,260930402,55,670,7,0,0,663,7,1.0301844889322918,0.3357696278889974
original,1000,10,260930402,56,670,4,0,0,666,4,1.0226455891927084,0.3356817881266276
original,1000,10,260930402,57,670,6,0,0,664,6,1.0211914876302084,0.33502019246419273
original,1000,10,260930402,58,670,5,0,0,665,5,1.00951904296875,0.3341825358072917
original,1000,10,260930402,59,670,5,0,0,665,5,1.0139736328125,0.3350263214111328
original,1000,10,260930402,60,670,5,0,0,665,5,1.0269373372395834,0.3361202494303385
original,1000,10,260930402,61,670,4,0,0,666,4,1.02398779296875,0.32997098286946613
original,1000,10,260930402,62,670,5,0,0,665,5,1.0165078938802083,0.3264949289957682
original,1000,10,260930402,63,670,6,0,0,664,6,1.0209341634114584,0.32872734069824217
original,1500,10,260930402,0,670,4,0,0,666,4,1.02179931640625,0.24830769856770835
original,1500,10,260930402,1,670,4,0,0,666,4,1.0199019368489584,0.24864288330078124
original,1500,10,260930402,2,670,5,0,0,665,5,1.01591796875,0.2452526092529297
original,1500,10,260930402,3,670,5,0,0,665,5,1.0205902506510416,0.2489264424641927
original,1500,10,260930402,4,670,5,0,0,665,5,1.0234984537760417,0.2490136210123698
original,1500,10,260930402,5,670,5,0,0,665,5,1.0223102213541666,0.24755106608072916
original,1500,10,260930402,6,670,5,0,0,665,5,1.019997802734375,0.24716657002766926
original,1500,10,260930402,7,670,6,0,0,664,6,1.0218197428385416,0.24761672973632812
original,1500,10,260930402,8,670,4,0,0,666,4,1.013428466796875,0.24835711161295573
original,1500,10,260930402,9,670,4,0,0,666,4,1.0217649739583334,0.24779159545898438
original,1500,10,260930402,10,670,5,0,0,665,5,1.0187941080729166,0.24722707112630207
original,1500,10,260930402,11,670,6,0,0,664,6,1.0191389973958334,0.247764409383138
original,1500,10,260930402,12,670,4,0,0,666,4,1.021423583984375,0.24655380249023437
original,1500,10,260930402,13,670,5,0,0,665,5,1.0237202962239584,0.25030543009440104
original,1500,10,260930402,14,670,5,0,0,665,5,1.0165631510416666,0.2485718790690104
original,1500,10,260930402,15,670,5,0,0,665,5,1.0165354817708334,0.24782320658365886
original,1500,10,260930402,16,670,4,0,0,666,4,1.0130606282552084,0.24663454691569012
original,1500,10,260930402,17,670,3,0,0,667,3,1.0197069498697917,0.24450757344563803
original,1500,10,260930402,18,670,3,0,0,667,3,1.0211273600260418,0.24718386332194012
original,1500,10,260930402,19,670,4,0,0,666,4,1.013099853515625,0.24621363321940104
original,1500,10,260930402,20,670,4,0,0,666,4,1.0219507649739583,0.24769632975260417
original,1500,10,260930402,21,670,5,0,0,665,5,1.0136089680989584,0.24561546325683595
original,1500,10,260930402,22,670,5,0,0,665,5,1.0196381022135417,0.24915501912434895
original,1500,10,260930402,23,670,4,0,0,666,4,1.0106151529947918,0.24628692626953125
original,1500,10,260930402,24,670,4,0,0,666,4,1.0149200846354167,0.24827977498372397
original,1500,10,260930402,25,670,4,0,0,666,4,1.0165810546875,0.24647977193196616
original,1500,10,260930402,26,670,5,0,0,665,5,1.0221289876302084,0.24892807006835938
original,1500,10,260930402,27,670,4,0,0,666,4,1.0226171061197917,0.24719518025716145
original,1500,10,260930402,28,670,5,0,0,665,5,1.0180696614583333,0.2464720153808594
original,1500,10,260930402,29,670,4,0,0,666,4,1.0222417805989583,0.24628494262695313
original,1500,10,260930402,30,670,5,0,0,665,5,1.01631494140625,0.24753662109375
original,1500,10,260930402,31,670,5,0,0,665,5,1.0195541178385417,0.2466613515218099
original,1500,10,260930402,32,670,4,0,0,666,4,1.0059493001302082,0.24566571553548178
original,1500,10,260930402,33,670,4,0,0,666,4,1.0233739420572916,0.24885815938313802
original,1500,10,260930402,34,670,4,0,0,666,4,1.020684814453125,0.24720423380533854
original,1500,10,260930402,35,670,4,0,0,666,4,1.01847998046875,0.24600115458170574
original,1500,10,260930402,36,670,4,0,0,666,4,1.0112530924479166,0.24629552205403646
original,1500,10,260930402,37,670,6,0,0,664,6,1.0107544759114584,0.24794698079427083
original,1500,10,260930402,38,670,5,0,0,665,5,1.0187205403645834,0.24873703002929687
original,1500,10,260930402,39,670,4,0,0,666,4,1.0176031087239583,0.24813568115234375
original,1500,10,260930402,40,670,5,0,0,665,5,1.0183731282552084,0.2480780029296875
original,1500,10,260930402,41,670,5,0,0,665,5,1.0207913411458334,0.24884651184082032
original,1500,10,260930402,42,670,4,0,0,666,4,1.0142470703125,0.24794031778971354
original,1500,10,260930402,43,670,5,0,0,665,5,1.0125563151041668,0.24658289591471355
original,1500,10,260930402,44,670,5,0,0,665,5,1.0157069498697917,0.24829872131347655
original,1500,10,260930402,45,670,4,0,0,666,4,1.017908203125,0.2472948710123698
original,1500,10,260930402,46,670,4,0,0,666,4,1.0095023600260418,0.247166748046875
original,1500,10,260930402,47,670,3,0,0,667,3,1.0108028157552083,0.24459854125976563
original,1500,10,260930402,48,670,3,0,0,667,3,1.0101149088541668,0.24753537495930988
original,1500,10,260930402,49,670,3,0,0,667,3,1.0068751627604167,0.24606249491373697
original,1500,10,260930402,50,670,4,0,0,666,4,1.0132422688802083,0.24518717447916666
original,1500,10,260930402,51,670,4,0,0,666,4,1.0096393229166667,0.24579816182454428
original,1500,10,260930402,52,670,3,0,0,667,3,1.01717578125,0.2475702667236328
original,1500,10,260930402,53,670,4,0,0,666,4,1.013380859375,0.24694226582845052
original,1500,10,260930402,54,670,3,0,0,667,3,1.0103871256510417,0.24685836791992188
original,1500,10,260930402,55,670,4,0,0,666,4,1.011693115234375,0.24682037353515626
original,1500,10,260930402,56,670,3,0,0,667,3,1.007628662109375,0.2426251475016276
original,1500,10,260930402,57,670,3,0,0,667,3,1.0175681966145833,0.24578402201334634
original,1500,10,260930402,58,670,4,0,0,666,4,1.0158013509114583,0.24660794576009115
original,1500,10,260930402,59,670,4,0,0,666,4,1.017851318359375,0.2470123545328776
original,1500,10,260930402,60,670,4,0,0,666,4,1.0191954752604167,0.24574651082356772
original,1500,10,260930402,61,670,4,0,0,666,4,1.0199287923177083,0.24512682596842447
original,1500,10,260930402,62,670,4,0,0,666,4,1.0157808430989583,0.2469341023763021
original,1500,10,260930402,63,670,4,0,0,666,4,1.0189148763020834,0.24735300699869792
original,500,10,260930403,0,670,18,0,0,652,18,1.039754150390625,0.4731097030639648
original,500,10,260930403,1,670,19,0,0,651,19,1.043614990234375,0.4765515899658203
original,500,10,260930403,2,670,20,0,0,650,20,1.0376783447265625,0.483521728515625
original,500,10,260930403,3,670,18,0,0,652,18,1.0440347900390625,0.47703182220458984
original,500,10,260930403,4,670,20,0,0,650,20,1.044533935546875,0.48249908447265627
original,500,10,260930403,5,670,21,0,0,649,21,1.0386839599609374,0.4846562576293945
original,500,10,260930403,6,670,21,0,0,649,21,1.037546875,0.48353832244873046
original,500,10,260930403,7,670,20,0,0,650,20,1.0374884033203124,0.48595958709716797
original,500,10,260930403,8,670,18,0,0,652,18,1.039513671875,0.47277217864990234
original,500,10,260930403,9,670,18,0,0,652,18,1.0370557861328125,0.48024463653564453
original,500,10,260930403,10,670,19,0,0,651,19,1.039754638671875,0.4807696151733398
original,500,10,260930403,11,670,20,0,0,650,20,1.045116943359375,0.48286842346191405
original,500,10,260930403,12,670,20,0,0,650,20,1.03802734375,0.485243034362793
original,500,10,260930403,13,670,19,0,0,651,19,1.0431397705078125,0.48585052490234376
original,500,10,260930403,14,670,19,0,0,651,19,1.03932763671875,0.4811724853515625
original,500,10,260930403,15,670,21,0,0,649,21,1.04276318359375,0.4863111877441406
original,500,10,260930403,16,670,17,0,0,653,17,1.03747216796875,0.471594352722168
original,500,10,260930403,17,670,17,0,0,653,17,1.0400118408203125,0.47580989837646487
original,500,10,260930403,18,670,19,0,0,651,19,1.0415587158203126,0.47948566436767576
original,500,10,260930403,19,670,18,0,0,652,18,1.0420430908203124,0.4760697555541992
original,500,10,260930403,20,670,20,0,0,650,20,1.04333935546875,0.48548912048339843
original,500,10,260930403,21,670,19,0,0,651,19,1.045133544921875,0.47904735565185547
original,500,10,260930403,22,670,20,0,0,650,20,1.043029296875,0.48529514312744143
original,500,10,260930403,23,670,21,0,0,649,21,1.0401575927734374,0.48452655792236327
original,500,10,260930403,24,670,18,0,0,652,18,1.0420538330078124,0.47381111145019533
original,500,10,260930403,25,670,17,0,0,653,17,1.0413238525390625,0.47489139556884763
original,500,10,260930403,26,670,19,0,0,651,19,1.043245361328125,0.47797340393066406
original,500,10,260930403,27,670,19,0,0,651,19,1.04266943359375,0.4800388336181641
original,500,10,260930403,28,670,20,0,0,650,20,1.045274658203125,0.48109073638916017
original,500,10,260930403,29,670,20,0,0,650,20,1.0400914306640625,0.4836860656738281
original,500,10,260930403,30,670,21,0,0,649,21,1.0428968505859375,0.48562232971191405
original,500,10,260930403,31,670,19,0,0,651,19,1.04210302734375,0.48563472747802733
original,500,10,260930403,32,670,17,0,0,653,17,1.0381497802734374,0.47196136474609374
original,500,10,260930403,33,670,19,0,0,651,19,1.04382666015625,0.476706428527832
original,500,10,260930403,34,670,18,0,0,652,18,1.041272216796875,0.48245098114013674
original,500,10,260930403,35,670,19,0,0,651,19,1.04196142578125,0.4839014053344727
original,500,10,260930403,36,670,19,0,0,651,19,1.0387178955078125,0.48133125305175783
original,500,10,260930403,37,670,20,0,0,650,20,1.04034423828125,0.4861866760253906
original,500,10,260930403,38,670,18,0,0,652,18,1.043569580078125,0.4766653060913086
original,500,10,260930403,39,670,19,0,0,651,19,1.03965966796875,0.4861392593383789
original,500,10,260930403,40,670,17,0,0,653,17,1.0394522705078124,0.4728647613525391
original,500,10,260930403,41,670,19,0,0,651,19,1.0402589111328124,0.48179523468017577
original,500,10,260930403,42,670,21,0,0,649,21,1.0426258544921876,0.48225582122802735
original,500,10,260930403,43,670,19,0,0,651,19,1.03775732421875,0.48072486877441406
original,500,10,260930403,44,670,20,0,0,650,20,1.0427230224609374,0.48597694396972657
original,500,10,260930403,45,670,20,0,0,650,20,1.04310888671875,0.477401008605957
original,500,10,260930403,46,670,19,0,0,651,19,1.0444329833984376,0.48118282318115235
original,500,10,260930403,47,670,19,0,0,651,19,1.042096435546875,0.4812840270996094
original,500,10,260930403,48,670,16,0,0,654,16,1.030178466796875,0.4548543548583984
original,500,10,260930403,49,670,18,0,0,652,18,1.042404296875,0.4725698089599609
original,500,10,260930403,50,670,18,0,0,652,18,1.0310643310546874,0.48009681701660156
original,500,10,260930403,51,670,17,0,0,653,17,1.0391715087890625,0.47361537933349607
original,500,10,260930403,52,670,18,0,0,652,18,1.0387989501953125,0.48341209411621094
original,500,10,260930403,53,670,19,0,0,651,19,1.041867919921875,0.4777370834350586
original,500,10,260930403,54,670,20,0,0,650,20,1.0431219482421874,0.48366756439208985
original,500,10,260930403,55,670,19,0,0,651,19,1.04279931640625,0.4810681533813477
original,500,10,260930403,56,670,18,0,0,652,18,1.0340452880859374,0.47133445739746094
original,500,10,260930403,57,670,18,0,0,652,18,1.041388427734375,0.4795588684082031
original,500,10,260930403,58,670,19,0,0,651,19,1.041144775390625,0.4744810485839844
original,500,10,260930403,59,670,18,0,0,652,18,1.0414354248046875,0.4757213973999023
original,500,10,260930403,60,670,17,0,0,653,17,1.0407080078125,0.4732119369506836
original,500,10,260930403,61,670,17,0,0,653,17,1.0360101318359376,0.48373558044433596
original,500,10,260930403,62,670,18,0,0,652,18,1.0384097900390625,0.48462642669677736
original,500,10,260930403,63,670,20,0,0,650,20,1.034226806640625,0.48435966491699217
original,1000,10,260930403,0,670,6,0,0,664,6,1.0224453938802083,0.33740000406901044
original,1000,10,260930403,1,670,5,0,0,665,5,1.0310821126302083,0.3381616973876953
original,1000,10,260930403,2,670,6,0,0,664,6,1.026736083984375,0.3468882497151693
original,1000,10,260930403,3,670,6,0,0,664,6,1.0279598795572917,0.3369057973225911
original,1000,10,260930403,4,670,7,0,0,663,7,1.0280364583333332,0.3397576904296875
original,1000,10,260930403,5,670,7,0,0,663,7,1.0287353515625,0.3331945292154948
original,1000,10,260930403,6,670,7,0,0,663,7,1.025133056640625,0.3448786417643229
original,1000,10,260930403,7,670,7,0,0,663,7,1.0166980794270832,0.34560656229654946
original,1000,10,260930403,8,670,5,0,0,665,5,1.0118447265625,0.3352520243326823
original,1000,10,260930403,9,670,6,0,0,664,6,1.030911865234375,0.3389575958251953
original,1000,10,260930403,10,670,6,0,0,664,6,1.0265450032552084,0.3353412119547526
original,1000,10,260930403,11,670,7,0,0,663,7,1.029359375,0.33787864685058594
original,1000,10,260930403,12,670,7,0,0,663,7,1.0298726399739584,0.3449660237630208
original,1000,10,260930403,13,670,7,0,0,663,7,1.0290899251302084,0.34817217508951825
original,1000,10,260930403,14,670,5,0,0,665,5,1.0229864908854167,0.3324612935384115
original,1000,10,260930403,15,670,7,0,0,663,7,1.022111572265625,0.3480724334716797
original,1000,10,260930403,16,670,4,0,0,666,4,1.0295712076822916,0.3390673573811849
original,1000,10,260930403,17,670,5,0,0,665,5,1.0231133626302082,0.33553751627604167
original,1000,10,260930403,18,670,7,0,0,663,7,1.0278256022135417,0.33736358642578124
original,1000,10,260930403,19,670,6,0,0,664,6,1.0224935709635417,0.33472371419270835
original,1000,10,260930403,20,670,8,0,0,662,8,1.026854248046875,0.33596021016438804
original,1000,10,260930403,21,670,7,0,0,663,7,1.0265555826822916,0.3370384470621745
original,1000,10,260930403,22,670,7,0,0,663,7,1.0226720377604166,0.34380037943522135
original,1000,10,260930403,23,670,7,0,0,663,7,1.02529248046875,0.3448753356933594
original,1000,10,260930403,24,670,5,0,0,665,5,1.018894287109375,0.3365021006266276
original,1000,10,260930403,25,670,6,0,0,664,6,1.0290374348958333,0.3388770294189453
original,1000,10,260930403,26,670,5,0,0,665,5,1.0285799153645834,0.33643882751464843
original,1000,10,260930403,27,670,7,0,0,663,7,1.0271043294270834,0.34643351236979164
original,1000,10,260930403,28,670,7,0,0,663,7,1.0312167154947918,0.3368511199951172
original,1000,10,260930403,29,670,7,0,0,663,7,1.0220751953125,0.33303253173828123
original,1000,10,260930403,30,670,8,0,0,662,8,1.0243871256510417,0.34370829264322916
original,1000,10,260930403,31,670,7,0,0,663,7,1.0294127604166667,0.3445929718017578
original,1000,10,260930403,32,670,5,0,0,665,5,1.01686767578125,0.3334401702880859
original,1000,10,260930403,33,670,5,0,0,665,5,1.0269700520833334,0.3371834309895833
original,1000,10,260930403,34,670,7,0,0,663,7,1.0317862141927083,0.33410802205403645
original,1000,10,260930403,35,670,7,0,0,663,7,1.028958251953125,0.3384729258219401
original,1000,10,260930403,36,670,6,0,0,664,6,1.0323191731770833,0.3483056131998698
original,1000,10,260930403,37,670,7,0,0,663,7,1.0186162923177082,0.3439074452718099
original,1000,10,260930403,38,670,7,0,0,663,7,1.0201719563802083,0.33669486999511716
original,1000,10,260930403,39,670,8,0,0,662,8,1.027439697265625,0.3465915171305339
original,1000,10,260930403,40,670,5,0,0,665,5,1.0122666015625,0.3352043660481771
original,1000,10,260930403,41,670,7,0,0,663,7,1.022880859375,0.33574564615885416
original,1000,10,260930403,42,670,7,0,0,663,7,1.0328787434895834,0.34845621744791666
original,1000,10,260930403,43,670,6,0,0,664,6,1.0266783040364584,0.33317787170410157
original,1000,10,260930403,44,670,7,0,0,663,7,1.0214441731770834,0.3384908040364583
original,1000,10,260930403,45,670,7,0,0,663,7,1.0213746744791667,0.33576731363932294
original,1000,10,260930403,46,670,6,0,0,664,6,1.020035888671875,0.3392375183105469
original,1000,10,260930403,47,670,6,0,0,664,6,1.0176726888020833,0.33432263692220054
original,1000,10,260930403,48,670,3,0,0,667,3,1.0198607584635417,0.3033411407470703
original,1000,10,260930403,49,670,5,0,0,665,5,1.0119619954427084,0.33402013142903647
original,1000,10,260930403,50,670,5,0,0,665,5,1.0315022786458334,0.3480637359619141
original,1000,10,260930403,51,670,5,0,0,665,5,1.0090503743489583,0.33376238505045575
original,1000,10,260930403,52,670,5,0,0,665,5,1.0306578776041666,0.3354999542236328
original,1000,10,260930403,53,670,6,0,0,664,6,1.0256974283854168,0.335205078125
original,1000,10,260930403,54,670,7,0,0,663,7,1.0164584147135416,0.3358116149902344
original,1000,10,260930403,55,670,6,0,0,664,6,1.029393798828125,0.33564676920572917
original,1000,10,260930403,56,670,5,0,0,665,5,1.0224256184895832,0.3349261728922526
original,1000,10,260930403,57,670,6,0,0,664,6,1.0294187825520833,0.33489679972330727
original,1000,10,260930403,58,670,6,0,0,664,6,1.0145377604166668,0.33477676391601563
original,1000,10,260930403,59,670,5,0,0,665,5,1.0170895182291666,0.3347350819905599
original,1000,10,260930403,60,670,4,0,0,666,4,1.0072069498697918,0.3336637369791667
original,1000,10,260930403,61,670,4,0,0,666,4,1.0267965494791667,0.33405756632486977
original,1000,10,260930403,62,670,5,0,0,665,5,1.0257334798177082,0.32967905680338544
original,1000,10,260930403,63,670,6,0,0,664,6,1.0200313313802083,0.3285593922932943
original,1500,10,260930403,0,670,4,0,0,666,4,1.0149413248697916,0.24821812947591146
original,1500,10,260930403,1,670,5,0,0,665,5,1.0184579264322917,0.24632843017578124
original,1500,10,260930403,2,670,5,0,0,665,5,1.0197250162760416,0.24898028055826824
original,1500,10,260930403,3,670,5,0,0,665,5,1.0229842936197917,0.24913709004720053
original,1500,10,260930403,4,670,5,0,0,665,5,1.0234862467447916,0.24899345397949219
original,1500,10,260930403,5,670,6,0,0,664,6,1.01976904296875,0.24417889912923177
original,1500,10,260930403,6,670,5,0,0,665,5,1.0129429524739584,0.2461743672688802
original,1500,10,260930403,7,670,6,0,0,664,6,1.0196919759114584,0.24770802815755208
original,1500,10,260930403,8,670,4,0,0,666,4,1.0124811197916668,0.24825037638346353
original,1500,10,260930403,9,670,3,0,0,667,3,1.022186767578125,0.24753863016764324
original,1500,10,260930403,10,670,4,0,0,666,4,1.01368212890625,0.24843976338704427
original,1500,10,260930403,11,670,5,0,0,665,5,1.0237046712239584,0.24813761393229167
original,1500,10,260930403,12,670,5,0,0,665,5,1.019370849609375,0.24541412353515624
original,1500,10,260930403,13,670,5,0,0,665,5,1.0164861653645834,0.24793645222981772
original,1500,10,260930403,14,670,5,0,0,665,5,1.020248291015625,0.2473778279622396
original,1500,10,260930403,15,670,5,0,0,665,5,1.0192649739583333,0.24784774780273439
original,1500,10,260930403,16,670,3,0,0,667,3,1.0186912434895834,0.24718528747558594
original,1500,10,260930403,17,670,3,0,0,667,3,1.0153133951822917,0.24407318115234375
original,1500,10,260930403,18,670,5,0,0,665,5,1.015566650390625,0.2459246571858724
original,1500,10,260930403,19,670,4,0,0,666,4,1.0120962727864584,0.24623573303222657
original,1500,10,260930403,20,670,4,0,0,666,4,1.0142782389322917,0.2477660878499349
original,1500,10,260930403,21,670,4,0,0,666,4,1.0164335123697916,0.2455382029215495
original,1500,10,260930403,22,670,5,0,0,665,5,1.0174309895833333,0.24871103922526042
original,1500,10,260930403,23,670,6,0,0,664,6,1.0193053385416666,0.2473547617594401
original,1500,10,260930403,24,670,4,0,0,666,4,1.0153416341145833,0.24826311747233074
original,1500,10,260930403,25,670,3,0,0,667,3,1.01639697265625,0.24644335428873698
original,1500,10,260930403,26,670,5,0,0,665,5,1.0213751627604166,0.2488659922281901
original,1500,10,260930403,27,670,5,0,0,665,5,1.012173583984375,0.24783096313476563
original,1500,10,260930403,28,670,5,0,0,665,5,1.0122477213541667,0.24469741821289062
original,1500,10,260930403,29,670,4,0,0,666,4,1.0184486490885416,0.24622255961100262
original,1500,10,260930403,30,670,5,0,0,665,5,1.020155029296875,0.24857826232910157
original,1500,10,260930403,31,670,5,0,0,665,5,1.0217325032552083,0.24719629923502603
original,1500,10,260930403,32,670,3,0,0,667,3,1.0217369791666666,0.24799944559733073
original,1500,10,260930403,33,670,4,0,0,666,4,1.02165283203125,0.24879948933919271
original,1500,10,260930403,34,670,4,0,0,666,4,1.0163672688802083,0.24723556518554687
original,1500,10,260930403,35,670,4,0,0,666,4,1.0168780110677083,0.24592491149902343
original,1500,10,260930403,36,670,5,0,0,665,5,1.0104850260416667,0.24788419087727864
original,1500,10,260930403,37,670,5,0,0,665,5,1.0195174967447918,0.24791748046875
original,1500,10,260930403,38,670,5,0,0,665,5,1.0187168782552083,0.24873626708984375
original,1500,10,260930403,39,670,6,0,0,664,6,1.0182417805989583,0.24783531188964844
original,1500,10,260930403,40,670,4,0,0,666,4,1.011297607421875,0.24781623840332032
original,1500,10,260930403,41,670,5,0,0,665,5,1.0159576009114584,0.2483996327718099
original,1500,10,260930403,42,670,4,0,0,666,4,1.0144072265625,0.24792376200358074
original,1500,10,260930403,43,670,4,0,0,666,4,1.0116478678385417,0.24687708536783853
original,1500,10,260930403,44,670,5,0,0,665,5,1.0184090983072918,0.2482709503173828
original,1500,10,260930403,45,670,4,0,0,666,4,1.01422998046875,0.24733301798502605
original,1500,10,260930403,46,670,4,0,0,666,4,1.01849072265625,0.24555259704589844
original,1500,10,260930403,47,670,4,0,0,666,4,1.0195635579427083,0.248526611328125
original,1500,10,260930403,48,670,3,0,0,667,3,1.004363037109375,0.17998592376708986
original,1500,10,260930403,49,670,3,0,0,667,3,1.0051953125,0.24550880432128908
original,1500,10,260930403,50,670,5,0,0,665,5,1.0114418131510416,0.2468780008951823
original,1500,10,260930403,51,670,4,0,0,666,4,1.0066171875,0.24595965067545572
original,1500,10,260930403,52,670,4,0,0,666,4,1.022593017578125,0.24827534993489583
original,1500,10,260930403,53,670,4,0,0,666,4,1.0092134602864584,0.24613746643066406
original,1500,10,260930403,54,670,4,0,0,666,4,1.0153683268229166,0.24690523783365886
original,1500,10,260930403,55,670,4,0,0,666,4,1.0091521809895834,0.24654556274414063
original,1500,10,260930403,56,670,3,0,0,667,3,1.0184703776041666,0.24077140808105468
original,1500,10,260930403,57,670,3,0,0,667,3,1.01191748046875,0.24558514912923177
original,1500,10,260930403,58,670,4,0,0,666,4,1.00876123046875,0.24702402750651042
original,1500,10,260930403,59,670,4,0,0,666,4,1.022310791015625,0.24703470865885416
original,1500,10,260930403,60,670,4,0,0,666,4,1.0099847819010417,0.2458234405517578
original,1500,10,260930403,61,670,3,0,0,667,3,1.01664697265625,0.2445111083984375
original,1500,10,260930403,62,670,3,0,0,667,3,1.0055909830729166,0.23993143717447918
original,1500,10,260930403,63,670,4,0,0,666,4,1.0179056803385416,0.24748639424641927
original,500,15,260930401,0,670,18,0,0,652,18,1.0363084716796875,0.46898178100585936
original,500,15,260930401,1,670,17,0,0,653,17,1.0408529052734374,0.4708392333984375
original,500,15,260930401,2,670,19,0,0,651,19,1.0446409912109376,0.4830349349975586
original,500,15,260930401,3,670,18,0,0,652,18,1.03854931640625,0.47159446716308595
original,500,15,260930401,4,670,19,0,0,651,19,1.0399293212890626,0.48175247192382814
original,500,15,260930401,5,670,20,0,0,650,20,1.04434130859375,0.484808349609375
original,500,15,260930401,6,670,20,0,0,650,20,1.0405313720703124,0.4830325698852539
original,500,15,260930401,7,670,19,0,0,651,19,1.039440185546875,0.4831210708618164
original,500,15,260930401,8,670,17,0,0,653,17,1.0360655517578126,0.46794857025146486
original,500,15,260930401,9,670,19,0,0,651,19,1.040239013671875,0.4745876693725586
original,500,15,260930401,10,670,18,0,0,652,18,1.0424892578125,0.4797785568237305
original,500,15,260930401,11,670,18,0,0,652,18,1.0419154052734374,0.4791796875
original,500,15,260930401,12,670,19,0,0,651,19,1.0466295166015624,0.48474678039550784
original,500,15,260930401,13,670,19,0,0,651,19,1.045338134765625,0.48446456909179686
original,500,15,260930401,14,670,18,0,0,652,18,1.039480712890625,0.4831485366821289
original,500,15,260930401,15,670,19,0,0,651,19,1.0395654296875,0.4831925201416016
original,500,15,260930401,16,670,18,0,0,652,18,1.0377130126953125,0.4706121826171875
original,500,15,260930401,17,670,16,0,0,654,16,1.0355302734375,0.4690039825439453
original,500,15,260930401,18,670,16,0,0,654,16,1.0371181640625,0.47014808654785156
original,500,15,260930401,19,670,17,0,0,653,17,1.0440321044921874,0.4838795471191406
original,500,15,260930401,20,670,20,0,0,650,20,1.04214013671875,0.4821092987060547
original,500,15,260930401,21,670,19,0,0,651,19,1.0397484130859376,0.47676193237304687
original,500,15,260930401,22,670,18,0,0,652,18,1.040632080078125,0.48219760894775393
original,500,15,260930401,23,670,20,0,0,650,20,1.045100341796875,0.4843521881103516
original,500,15,260930401,24,670,17,0,0,653,17,1.040501220703125,0.47435680389404294
original,500,15,260930401,25,670,17,0,0,653,17,1.0373890380859374,0.4706441497802734
original,500,15,260930401,26,670,18,0,0,652,18,1.0376214599609375,0.4709233093261719
original,500,15,260930401,27,670,19,0,0,651,19,1.0420035400390626,0.4812137985229492
original,500,15,260930401,28,670,19,0,0,651,19,1.040966796875,0.4798543930053711
original,500,15,260930401,29,670,20,0,0,650,20,1.04231884765625,0.4815479278564453
original,500,15,260930401,30,670,19,0,0,651,19,1.04397509765625,0.483646125793457
original,500,15,260930401,31,670,21,0,0,649,21,1.045780517578125,0.4846990966796875
original,500,15,260930401,32,670,17,0,0,653,17,1.0342271728515624,0.46729408264160155
original,500,15,260930401,33,670,18,0,0,652,18,1.0396885986328126,0.4719266891479492
original,500,15,260930401,34,670,18,0,0,652,18,1.0418646240234375,0.47876480102539065
original,500,15,260930401,35,670,18,0,0,652,18,1.0443907470703124,0.48009170532226564
original,500,15,260930401,36,670,18,0,0,652,18,1.0466087646484374,0.4861103439331055
original,500,15,260930401,37,670,18,0,0,652,18,1.04486767578125,0.48322261810302736
original,500,15,260930401,38,670,18,0,0,652,18,1.038638427734375,0.4717684555053711
original,500,15,260930401,39,670,18,0,0,652,18,1.0464339599609376,0.4847348022460938
original,500,15,260930401,40,670,18,0,0,652,18,1.036022705078125,0.4686641311645508
original,500,15,260930401,41,670,18,0,0,652,18,1.0413372802734375,0.4758728790283203
original,500,15,260930401,42,670,18,0,0,652,18,1.03811328125,0.4714763641357422
original,500,15,260930401,43,670,17,0,0,653,17,1.0378223876953125,0.4696999740600586
original,500,15,260930401,44,670,19,0,0,651,19,1.0435482177734374,0.4821012496948242
original,500,15,260930401,45,670,18,0,0,652,18,1.0389222412109376,0.4806477355957031
original,500,15,260930401,46,670,18,0,0,652,18,1.0378470458984375,0.48181198120117186
original,500,15,260930401,47,670,18,0,0,652,18,1.0419525146484374,0.4842476272583008
original,500,15,260930401,48,670,17,0,0,653,17,1.0357525634765625,0.46831623077392576
original,500,15,260930401,49,670,17,0,0,653,17,1.0370947265625,0.4676532745361328
original,500,15,260930401,50,670,17,0,0,653,17,1.0342435302734374,0.4679459762573242
original,500,15,260930401,51,670,17,0,0,653,17,1.0348914794921875,0.46821136474609376
original,500,15,260930401,52,670,17,0,0,653,17,1.0425625,0.48056983947753906
original,500,15,260930401,53,670,19,0,0,651,19,1.0374539794921875,0.4727799606323242
original,500,15,260930401,54,670,18,0,0,652,18,1.0415792236328125,0.48332733154296875
original,500,15,260930401,55,670,19,0,0,651,19,1.0419920654296875,0.48368682861328127
original,500,15,260930401,56,670,17,0,0,653,17,1.0305936279296875,0.46713813781738284
original,500,15,260930401,57,670,18,0,0,652,18,1.0353739013671874,0.4752486801147461
original,500,15,260930401,58,670,18,0,0,652,18,1.037013427734375,0.4709306716918945
original,500,15,260930401,59,670,17,0,0,653,17,1.0375196533203126,0.47110034942626955
original,500,15,260930401,60,670,17,0,0,653,17,1.034972900390625,0.46828689575195315
original,500,15,260930401,61,670,17,0,0,653,17,1.0431405029296874,0.4842837905883789
original,500,15,260930401,62,670,18,0,0,652,18,1.0418472900390625,0.4809175109863281
original,500,15,260930401,63,670,18,0,0,652,18,1.044122802734375,0.4841036605834961
original,1000,15,260930401,0,670,5,0,0,665,5,1.0303982747395832,0.34014437357584637
original,1000,15,260930401,1,670,5,0,0,665,5,1.030615966796875,0.3380718231201172
original,1000,15,260930401,2,670,6,0,0,664,6,1.0315926920572918,0.33663106282552085
original,1000,15,260930401,3,670,6,0,0,664,6,1.021192626953125,0.33610867818196616
original,1000,15,260930401,4,670,7,0,0,663,7,1.020010498046875,0.3367188517252604
original,1000,15,260930401,5,670,6,0,0,664,6,1.0313828938802083,0.3388403065999349
original,1000,15,260930401,6,670,7,0,0,663,7,1.02885791015625,0.34256238301595054
original,1000,15,260930401,7,670,7,0,0,663,7,1.0295221354166666,0.3431068166097005
original,1000,15,260930401,8,670,5,0,0,665,5,1.0118572591145834,0.3352840169270833
original,1000,15,260930401,9,670,6,0,0,664,6,1.021803466796875,0.3366047922770182
original,1000,15,260930401,10,670,7,0,0,663,7,1.0233988444010416,0.3359576161702474
original,1000,15,260930401,11,670,7,0,0,663,7,1.027487548828125,0.3374090067545573
original,1000,15,260930401,12,670,7,0,0,663,7,1.026705810546875,0.34327303568522133
original,1000,15,260930401,13,670,6,0,0,664,6,1.022814208984375,0.34248758951822916
original,1000,15,260930401,14,670,5,0,0,665,5,1.0300096842447917,0.3378713989257813
original,1000,15,260930401,15,670,6,0,0,664,6,1.0304114583333333,0.33521553039550783
original,1000,15,260930401,16,670,6,0,0,664,6,1.01959033203125,0.3364873758951823
original,1000,15,260930401,17,670,5,0,0,665,5,1.0226621907552083,0.3363219197591146
original,1000,15,260930401,18,670,5,0,0,665,5,1.0184375,0.332825444539388
original,1000,15,260930401,19,670,6,0,0,664,6,1.02038671875,0.3339491780598958
original,1000,15,260930401,20,670,7,0,0,663,7,1.0310094401041667,0.3398714447021484
original,1000,15,260930401,21,670,6,0,0,664,6,1.0300302734375,0.33585845947265625
original,1000,15,260930401,22,670,6,0,0,664,6,1.0264034830729167,0.33488037109375
original,1000,15,260930401,23,670,7,0,0,663,7,1.0260323079427083,0.33728965759277346
original,1000,15,260930401,24,670,5,0,0,665,5,1.0199314778645834,0.33717549641927086
original,1000,15,260930401,25,670,5,0,0,665,5,1.02644091796875,0.3384687042236328
original,1000,15,260930401,26,670,5,0,0,665,5,1.028906005859375,0.33560028076171877
original,1000,15,260930401,27,670,7,0,0,663,7,1.02539111328125,0.33490524291992185
original,1000,15,260930401,28,670,7,0,0,663,7,1.0288955891927083,0.3368072764078776
original,1000,15,260930401,29,670,7,0,0,663,7,1.0298243815104167,0.3384450276692708
original,1000,15,260930401,30,670,7,0,0,663,7,1.0237853190104167,0.3383919270833333
original,1000,15,260930401,31,670,8,0,0,662,8,1.0310537109375,0.3376862589518229
original,1000,15,260930401,32,670,4,0,0,666,4,1.0276930338541668,0.3390796152750651
original,1000,15,260930401,33,670,5,0,0,665,5,1.0212242838541667,0.33571075439453124
original,1000,15,260930401,34,670,7,0,0,663,7,1.0282557779947916,0.33823488871256513
original,1000,15,260930401,35,670,7,0,0,663,7,1.0277991536458333,0.3381726328531901
original,1000,15,260930401,36,670,6,0,0,664,6,1.0318234049479167,0.3402997589111328
original,1000,15,260930401,37,670,7,0,0,663,7,1.0257164713541667,0.33518351236979166
original,1000,15,260930401,38,670,6,0,0,664,6,1.0215897623697916,0.33617815653483074
original,1000,15,260930401,39,670,7,0,0,663,7,1.0297137858072916,0.34160181681315105
original,1000,15,260930401,40,670,6,0,0,664,6,1.0211421712239583,0.33502298990885415
original,1000,15,260930401,41,670,7,0,0,663,7,1.0285504557291667,0.3378834279378255
original,1000,15,260930401,42,670,6,0,0,664,6,1.0317366536458332,0.33918551127115887
original,1000,15,260930401,43,670,5,0,0,665,5,1.017333740234375,0.3345624796549479
original,1000,15,260930401,44,670,7,0,0,663,7,1.0308390299479167,0.3355519358317057
original,1000,15,260930401,45,670,5,0,0,665,5,1.0187218424479167,0.33511947631835937
original,1000,15,260930401,46,670,6,0,0,664,6,1.0240604654947916,0.3370720672607422
original,1000,15,260930401,47,670,6,0,0,664,6,1.022612060546875,0.3363076782226562
original,1000,15,260930401,48,670,4,0,0,666,4,1.0104539388020832,0.3344428253173828
original,1000,15,260930401,49,670,5,0,0,665,5,1.0321015625,0.3397089131673177
original,1000,15,260930401,50,670,4,0,0,666,4,1.02687890625,0.3385301717122396
original,1000,15,260930401,51,670,4,0,0,666,4,1.0302190755208334,0.3395649210611979
original,1000,15,260930401,52,670,6,0,0,664,6,1.0263097330729167,0.3374321492513021
original,1000,15,260930401,53,670,6,0,0,664,6,1.009840087890625,0.3348320515950521
original,1000,15,260930401,54,670,6,0,0,664,6,1.0243758951822917,0.3351282755533854
original,1000,15,260930401,55,670,6,0,0,664,6,1.020145263671875,0.3351344299316406
original,1000,15,260930401,56,670,5,0,0,665,5,1.0199205729166667,0.336468505859375
original,1000,15,260930401,57,670,5,0,0,665,5,1.025560546875,0.33443773905436197
original,1000,15,260930401,58,670,5,0,0,665,5,1.0167639973958333,0.3342371877034505
original,1000,15,260930401,59,670,5,0,0,665,5,1.012936767578125,0.3341301981608073
original,1000,15,260930401,60,670,4,0,0,666,4,1.0307149251302083,0.33969334920247396
original,1000,15,260930401,61,670,4,0,0,666,4,1.0121431477864584,0.3296734619140625
original,1000,15,260930401,62,670,5,0,0,665,5,1.02286962890625,0.32679529825846354
original,1000,15,260930401,63,670,6,0,0,664,6,1.0235028483072917,0.33174713134765627
original,1500,15,260930401,0,670,4,0,0,666,4,1.0128509928385416,0.2483159637451172
original,1500,15,260930401,1,670,4,0,0,666,4,1.01822265625,0.24869873046875
original,1500,15,260930401,2,670,5,0,0,665,5,1.0231573893229167,0.24880826314290364
original,1500,15,260930401,3,670,5,0,0,665,5,1.0184047037760418,0.2487622324625651
original,1500,15,260930401,4,670,5,0,0,665,5,1.0224671223958333,0.2488697306315104
original,1500,15,260930401,5,670,6,0,0,664,6,1.0219385579427083,0.2461285400390625
original,1500,15,260930401,6,670,5,0,0,665,5,1.01954052734375,0.24736340840657553
original,1500,15,260930401,7,670,6,0,0,664,6,1.020211181640625,0.24762619018554688
original,1500,15,260930401,8,670,4,0,0,666,4,1.013121826171875,0.24832514444986978
original,1500,15,260930401,9,670,4,0,0,666,4,1.0220498860677083,0.24862599690755208
original,1500,15,260930401,10,670,5,0,0,665,5,1.0208811848958332,0.24878005981445311
original,1500,15,260930401,11,670,5,0,0,665,5,1.018361083984375,0.24691162109375
original,1500,15,260930401,12,670,5,0,0,665,5,1.0222451985677083,0.24837649027506511
original,1500,15,260930401,13,670,5,0,0,665,5,1.0146560872395833,0.24727381388346353
original,1500,15,260930401,14,670,5,0,0,665,5,1.015852783203125,0.24793841044108073
original,1500,15,260930401,15,670,5,0,0,665,5,1.01735546875,0.24750389099121095
original,1500,15,260930401,16,670,4,0,0,666,4,1.0097576497395833,0.2462474568684896
original,1500,15,260930401,17,670,3,0,0,667,3,1.0080555826822917,0.243087158203125
original,1500,15,260930401,18,670,3,0,0,667,3,1.01737353515625,0.24614123026529947
original,1500,15,260930401,19,670,4,0,0,666,4,1.0067808430989584,0.24513107299804687
original,1500,15,260930401,20,670,5,0,0,665,5,1.0230116373697917,0.24822397867838542
original,1500,15,260930401,21,670,4,0,0,666,4,1.0183378092447917,0.24814036051432292
original,1500,15,260930401,22,670,4,0,0,666,4,1.01997509765625,0.2481963602701823
original,1500,15,260930401,23,670,4,0,0,666,4,1.0149879557291666,0.246579106648763
original,1500,15,260930401,24,670,3,0,0,667,3,1.02296044921875,0.24895955403645834
original,1500,15,260930401,25,670,3,0,0,667,3,1.0140056966145834,0.24592010498046876
original,1500,15,260930401,26,670,5,0,0,665,5,1.019463623046875,0.24859079996744793
original,1500,15,260930401,27,670,3,0,0,667,3,1.0137058919270834,0.24674914042154947
original,1500,15,260930401,28,670,5,0,0,665,5,1.0211949869791668,0.2469805653889974
original,1500,15,260930401,29,670,5,0,0,665,5,1.0200773111979167,0.24511858622233074
original,1500,15,260930401,30,670,6,0,0,664,6,1.0212688802083334,0.24855631510416668
original,1500,15,260930401,31,670,5,0,0,665,5,1.0145404459635416,0.24713175455729167
original,1500,15,260930401,32,670,4,0,0,666,4,1.0182906087239583,0.24724970499674478
original,1500,15,260930401,33,670,3,0,0,667,3,1.0180885416666667,0.2483049774169922
original,1500,15,260930401,34,670,4,0,0,666,4,1.0113726399739584,0.24614758809407553
original,1500,15,260930401,35,670,4,0,0,666,4,1.022014404296875,0.2475671895345052
original,1500,15,260930401,36,670,4,0,0,666,4,1.0034375,0.24572758992513022
original,1500,15,260930401,37,670,6,0,0,664,6,1.0092281901041666,0.24649337768554688
original,1500,15,260930401,38,670,4,0,0,666,4,1.0157939453125,0.24850929260253907
original,1500,15,260930401,39,670,5,0,0,665,5,1.0229842122395834,0.24747777303059895
original,1500,15,260930401,40,670,6,0,0,664,6,1.0136570638020834,0.2479229736328125
original,1500,15,260930401,41,670,5,0,0,665,5,1.016070068359375,0.24814867655436199
original,1500,15,260930401,42,670,5,0,0,665,5,1.0208994954427084,0.24763460795084635
original,1500,15,260930401,43,670,3,0,0,667,3,1.011616455078125,0.24744901021321614
original,1500,15,260930401,44,670,5,0,0,665,5,1.0226700846354166,0.24833628336588542
original,1500,15,260930401,45,670,4,0,0,666,4,1.00988134765625,0.24690531412760416
original,1500,15,260930401,46,670,4,0,0,666,4,1.02076806640625,0.2471831766764323
original,1500,15,260930401,47,670,4,0,0,666,4,1.0206886393229166,0.24681569417317709
original,1500,15,260930401,48,670,3,0,0,667,3,1.0082853190104166,0.2473412068684896
original,1500,15,260930401,49,670,3,0,0,667,3,1.0011243489583332,0.24535855611165364
original,1500,15,260930401,50,670,4,0,0,666,4,1.0196485188802082,0.2475481414794922
original,1500,15,260930401,51,670,4,0,0,666,4,1.007843017578125,0.2456152852376302
original,1500,15,260930401,52,670,3,0,0,667,3,1.0214235026041667,0.2471466064453125
original,1500,15,260930401,53,670,3,0,0,667,3,1.0155950520833332,0.2462230936686198
original,1500,15,260930401,54,670,5,0,0,665,5,1.022572021484375,0.24748029073079428
original,1500,15,260930401,55,670,4,0,0,666,4,1.0066201985677083,0.24636713663736978
original,1500,15,260930401,56,670,3,0,0,667,3,1.0136477864583333,0.24252637227376303
original,1500,15,260930401,57,670,3,0,0,667,3,1.015507568359375,0.245462646484375
original,1500,15,260930401,58,670,4,0,0,666,4,1.0188723958333334,0.24672805786132812
original,1500,15,260930401,59,670,3,0,0,667,3,1.0189686686197916,0.2465954335530599
original,1500,15,260930401,60,670,4,0,0,666,4,1.0116748860677083,0.2457709503173828
original,1500,15,260930401,61,670,4,0,0,666,4,1.0225821940104167,0.24630783081054688
original,1500,15,260930401,62,670,4,0,0,666,4,1.0191941731770833,0.2460565185546875
original,1500,15,260930401,63,670,4,0,0,666,4,1.0112023111979167,0.24510866800944012
original,500,15,260930402,0,670,18,0,0,652,18,1.0362938232421874,0.46902904510498045
original,500,15,260930402,1,670,17,0,0,653,17,1.0403935546875,0.4708245086669922
original,500,15,260930402,2,670,19,0,0,651,19,1.0435390625,0.48257949829101565
original,500,15,260930402,3,670,19,0,0,651,19,1.042478271484375,0.4829297256469727
original,500,15,260930402,4,670,19,0,0,651,19,1.0414163818359374,0.4833365249633789
original,500,15,260930402,5,670,20,0,0,650,20,1.042380126953125,0.48288673400878906
original,500,15,260930402,6,670,20,0,0,650,20,1.0443828125,0.48369991302490234
original,500,15,260930402,7,670,20,0,0,650,20,1.0394390869140624,0.48312034606933596
original,500,15,260930402,8,670,18,0,0,652,18,1.03602099609375,0.4676662826538086
original,500,15,260930402,9,670,18,0,0,652,18,1.040890380859375,0.47668304443359377
original,500,15,260930402,10,670,19,0,0,651,19,1.0424571533203124,0.47968578338623047
original,500,15,260930402,11,670,19,0,0,651,19,1.0410189208984375,0.4787424087524414
original,500,15,260930402,12,670,20,0,0,650,20,1.0415858154296875,0.48315582275390623
original,500,15,260930402,13,670,18,0,0,652,18,1.0463704833984375,0.48435489654541014
original,500,15,260930402,14,670,18,0,0,652,18,1.03948486328125,0.4831509017944336
original,500,15,260930402,15,670,19,0,0,651,19,1.044136962890625,0.4853533935546875
original,500,15,260930402,16,670,17,0,0,653,17,1.032455078125,0.4667559814453125
original,500,15,260930402,17,670,18,0,0,652,18,1.0348817138671875,0.4707387924194336
original,500,15,260930402,18,670,18,0,0,652,18,1.03706689453125,0.4705968856811523
original,500,15,260930402,19,670,18,0,0,652,18,1.0419150390625,0.4836538314819336
original,500,15,260930402,20,670,18,0,0,652,18,1.0413707275390625,0.48210960388183594
original,500,15,260930402,21,670,19,0,0,651,19,1.0396319580078126,0.4828610610961914
original,500,15,260930402,22,670,20,0,0,650,20,1.0462861328125,0.4858370208740234
original,500,15,260930402,23,670,18,0,0,652,18,1.045431884765625,0.484639892578125
original,500,15,260930402,24,670,17,0,0,653,17,1.040709228515625,0.47486644744873047
original,500,15,260930402,25,670,18,0,0,652,18,1.0390072021484376,0.4818113708496094
original,500,15,260930402,26,670,18,0,0,652,18,1.03913330078125,0.4709902191162109
original,500,15,260930402,27,670,18,0,0,652,18,1.0383165283203124,0.48234325408935547
original,500,15,260930402,28,670,18,0,0,652,18,1.0380682373046874,0.4702599334716797
original,500,15,260930402,29,670,18,0,0,652,18,1.03919482421875,0.4804067611694336
original,500,15,260930402,30,670,20,0,0,650,20,1.0460198974609376,0.4855479049682617
original,500,15,260930402,31,670,20,0,0,650,20,1.043164306640625,0.48319847106933594
original,500,15,260930402,32,670,15,0,0,655,15,1.03362158203125,0.467425537109375
original,500,15,260930402,33,670,17,0,0,653,17,1.0402314453125,0.473668212890625
original,500,15,260930402,34,670,19,0,0,651,19,1.0410224609375,0.4755452728271484
original,500,15,260930402,35,670,18,0,0,652,18,1.0413646240234375,0.48097427368164064
original,500,15,260930402,36,670,18,0,0,652,18,1.039593017578125,0.4825571060180664
original,500,15,260930402,37,670,18,0,0,652,18,1.0388583984375,0.48258506774902343
original,500,15,260930402,38,670,18,0,0,652,18,1.0385003662109376,0.4717425537109375
original,500,15,260930402,39,670,19,0,0,651,19,1.0461497802734374,0.48574142456054686
original,500,15,260930402,40,670,17,0,0,653,17,1.0359300537109375,0.46791748046875
original,500,15,260930402,41,670,18,0,0,652,18,1.0410836181640626,0.47555980682373045
original,500,15,260930402,42,670,18,0,0,652,18,1.0382535400390625,0.47151782989501956
original,500,15,260930402,43,670,17,0,0,653,17,1.03750341796875,0.47090652465820315
original,500,15,260930402,44,670,18,0,0,652,18,1.0454075927734374,0.48450485229492185
original,500,15,260930402,45,670,18,0,0,652,18,1.0391114501953125,0.48066890716552735
original,500,15,260930402,46,670,19,0,0,651,19,1.043622802734375,0.48096275329589844
original,500,15,260930402,47,670,21,0,0,649,21,1.0378726806640626,0.48191577911376954
original,500,15,260930402,48,670,16,0,0,654,16,1.035482421875,0.46778865814208986
original,500,15,260930402,49,670,17,0,0,653,17,1.0370472412109375,0.46862354278564455
original,500,15,260930402,50,670,17,0,0,653,17,1.03435009765625,0.4680902099609375
original,500,15,260930402,51,670,18,0,0,652,18,1.0424971923828126,0.482738037109375
original,500,15,260930402,52,670,18,0,0,652,18,1.040718994140625,0.4755439376831055
original,500,15,260930402,53,670,18,0,0,652,18,1.0373157958984376,0.4726067352294922
original,500,15,260930402,54,670,18,0,0,652,18,1.0413458251953125,0.481463737487793
original,500,15,260930402,55,670,19,0,0,651,19,1.0415101318359374,0.48102699279785155
original,500,15,260930402,56,670,18,0,0,652,18,1.029421630859375,0.4658759307861328
original,500,15,260930402,57,670,18,0,0,652,18,1.043957275390625,0.4772810363769531
original,500,15,260930402,58,670,18,0,0,652,18,1.03534375,0.46970836639404295
original,500,15,260930402,59,670,18,0,0,652,18,1.0378009033203126,0.47120391845703125
original,500,15,260930402,60,670,18,0,0,652,18,1.03819140625,0.4821879196166992
original,500,15,260930402,61,670,18,0,0,652,18,1.0402322998046876,0.48283432006835936
original,500,15,260930402,62,670,18,0,0,652,18,1.03815234375,0.4812319564819336
original,500,15,260930402,63,670,19,0,0,651,19,1.0426954345703126,0.4828189468383789
original,1000,15,260930402,0,670,5,0,0,665,5,1.0299786783854166,0.34003568013509117
original,1000,15,260930402,1,670,5,0,0,665,5,1.029356201171875,0.3378325398763021
original,1000,15,260930402,2,670,5,0,0,665,5,1.0235911458333333,0.34182561238606773
original,1000,15,260930402,3,670,6,0,0,664,6,1.02640478515625,0.3440741221110026
original,1000,15,260930402,4,670,7,0,0,663,7,1.0283015950520833,0.3377909342447917
original,1000,15,260930402,5,670,6,0,0,664,6,1.031116943359375,0.3387777201334635
original,1000,15,260930402,6,670,7,0,0,663,7,1.02967919921875,0.3425995381673177
original,1000,15,260930402,7,670,7,0,0,663,7,1.0295162760416667,0.3430987803141276
original,1000,15,260930402,8,670,5,0,0,665,5,1.02858740234375,0.3363886260986328
original,1000,15,260930402,9,670,6,0,0,664,6,1.028979736328125,0.3388905334472656
original,1000,15,260930402,10,670,7,0,0,663,7,1.0197931315104167,0.3363940938313802
original,1000,15,260930402,11,670,7,0,0,663,7,1.0266915690104166,0.3375114440917969
original,1000,15,260930402,12,670,7,0,0,663,7,1.0299222819010416,0.34340118408203124
original,1000,15,260930402,13,670,7,0,0,663,7,1.027148681640625,0.3439086151123047
original,1000,15,260930402,14,670,5,0,0,665,5,1.0300325520833333,0.3381513214111328
original,1000,15,260930402,15,670,6,0,0,664,6,1.0303370768229168,0.335101064046224
original,1000,15,260930402,16,670,4,0,0,666,4,1.0212679036458334,0.33717488606770835
original,1000,15,260930402,17,670,5,0,0,665,5,1.0287138671875,0.3369053904215495
original,1000,15,260930402,18,670,6,0,0,664,6,1.0238763020833332,0.33490303039550784
original,1000,15,260930402,19,670,6,0,0,664,6,1.0154712727864583,0.33436691284179687
original,1000,15,260930402,20,670,7,0,0,663,7,1.0316768391927083,0.3399473826090495
original,1000,15,260930402,21,670,6,0,0,664,6,1.0271660970052083,0.3357417297363281
original,1000,15,260930402,22,670,7,0,0,663,7,1.0297101236979167,0.3366582997639974
original,1000,15,260930402,23,670,6,0,0,664,6,1.02560302734375,0.3372278849283854
original,1000,15,260930402,24,670,5,0,0,665,5,1.0217755533854167,0.3368823496500651
original,1000,15,260930402,25,670,6,0,0,664,6,1.0244379069010416,0.33820721944173177
original,1000,15,260930402,26,670,5,0,0,665,5,1.0297484537760417,0.3356555430094401
original,1000,15,260930402,27,670,6,0,0,664,6,1.0304628092447916,0.33989784240722654
original,1000,15,260930402,28,670,6,0,0,664,6,1.0279335123697917,0.3387596130371094
original,1000,15,260930402,29,670,6,0,0,664,6,1.0296854654947916,0.3384090677897135
original,1000,15,260930402,30,670,7,0,0,663,7,1.032572265625,0.3427031453450521
original,1000,15,260930402,31,670,8,0,0,662,8,1.0260159505208333,0.338754145304362
original,1000,15,260930402,32,670,4,0,0,666,4,1.0248111979166667,0.3383445994059245
original,1000,15,260930402,33,670,6,0,0,664,6,1.020607666015625,0.3362061564127604
original,1000,15,260930402,34,670,7,0,0,663,7,1.0282623697916666,0.338232167561849
original,1000,15,260930402,35,670,7,0,0,663,7,1.0278358561197916,0.33818692525227867
original,1000,15,260930402,36,670,6,0,0,664,6,1.031372314453125,0.34030199686686197
original,1000,15,260930402,37,670,7,0,0,663,7,1.031312744140625,0.34020159403483075
original,1000,15,260930402,38,670,6,0,0,664,6,1.0210183919270834,0.33615859985351565
original,1000,15,260930402,39,670,6,0,0,664,6,1.03011572265625,0.33428232828776044
original,1000,15,260930402,40,670,5,0,0,665,5,1.0167596028645833,0.3349037170410156
original,1000,15,260930402,41,670,7,0,0,663,7,1.02585986328125,0.337488276163737
original,1000,15,260930402,42,670,7,0,0,663,7,1.02923291015625,0.3388086191813151
original,1000,15,260930402,43,670,5,0,0,665,5,1.0233402506510416,0.3349209849039714
original,1000,15,260930402,44,670,6,0,0,664,6,1.0246964518229167,0.3355522155761719
original,1000,15,260930402,45,670,6,0,0,664,6,1.0250718587239582,0.33653437296549477
original,1000,15,260930402,46,670,8,0,0,662,8,1.023944091796875,0.3340719604492188
original,1000,15,260930402,47,670,7,0,0,663,7,1.021310302734375,0.33394299825032553
original,1000,15,260930402,48,670,4,0,0,666,4,1.0186611328125,0.3340716552734375
original,1000,15,260930402,49,670,5,0,0,665,5,1.0317062174479166,0.33947601318359377
original,1000,15,260930402,50,670,4,0,0,666,4,1.0277040201822916,0.3387029266357422
original,1000,15,260930402,51,670,5,0,0,665,5,1.0291105143229167,0.330579833984375
original,1000,15,260930402,52,670,6,0,0,664,6,1.027418701171875,0.3377630360921224
original,1000,15,260930402,53,670,6,0,0,664,6,1.0276427408854167,0.33481480916341144
original,1000,15,260930402,54,670,5,0,0,665,5,1.0271670735677083,0.33520118713378905
original,1000,15,260930402,55,670,6,0,0,664,6,1.030312255859375,0.3351590983072917
original,1000,15,260930402,56,670,4,0,0,666,4,1.0135045572916668,0.3347787729899089
original,1000,15,260930402,57,670,6,0,0,664,6,1.022141845703125,0.3341874186197917
original,1000,15,260930402,58,670,5,0,0,665,5,1.01206640625,0.33375635782877605
original,1000,15,260930402,59,670,5,0,0,665,5,1.0142449544270833,0.33421780904134113
original,1000,15,260930402,60,670,4,0,0,666,4,1.02662353515625,0.3350439961751302
original,1000,15,260930402,61,670,6,0,0,664,6,1.0248170572916666,0.3312507629394531
original,1000,15,260930402,62,670,5,0,0,665,5,1.0188555501302083,0.32921585083007815
original,1000,15,260930402,63,670,7,0,0,663,7,1.0283050944010417,0.3325562540690104
original,1500,15,260930402,0,670,4,0,0,666,4,1.0127308756510416,0.24830190022786458
original,1500,15,260930402,1,670,4,0,0,666,4,1.0182605794270834,0.24870073954264324
original,1500,15,260930402,2,670,5,0,0,665,5,1.0215150553385417,0.24803187052408854
original,1500,15,260930402,3,670,5,0,0,665,5,1.017858154296875,0.24811297098795573
original,1500,15,260930402,4,670,5,0,0,665,5,1.020365478515625,0.2466303507486979
original,1500,15,260930402,5,670,6,0,0,664,6,1.017076416015625,0.2456226348876953
original,1500,15,260930402,6,670,5,0,0,665,5,1.0233021647135416,0.24853652954101563
original,1500,15,260930402,7,670,6,0,0,664,6,1.0201238606770833,0.24782796223958334
original,1500,15,260930402,8,670,4,0,0,666,4,1.017144775390625,0.24816134134928386
original,1500,15,260930402,9,670,3,0,0,667,3,1.0210926920572916,0.24741317749023437
original,1500,15,260930402,10,670,5,0,0,665,5,1.015015625,0.2475230916341146
original,1500,15,260930402,11,670,5,0,0,665,5,1.0111796875,0.24645591735839845
original,1500,15,260930402,12,670,6,0,0,664,6,1.0214275716145833,0.24789334615071615
original,1500,15,260930402,13,670,5,0,0,665,5,1.0194519856770834,0.24806264241536458
original,1500,15,260930402,14,670,5,0,0,665,5,1.0168857421875,0.24808263142903647
original,1500,15,260930402,15,670,5,0,0,665,5,1.02231201171875,0.24775728861490887
original,1500,15,260930402,16,670,3,0,0,667,3,1.0096517740885416,0.2448218282063802
original,1500,15,260930402,17,670,3,0,0,667,3,1.0096741536458333,0.24314989725748698
original,1500,15,260930402,18,670,3,0,0,667,3,1.0188219401041667,0.24613550821940103
original,1500,15,260930402,19,670,4,0,0,666,4,1.0086853841145833,0.24533429463704426
original,1500,15,260930402,20,670,5,0,0,665,5,1.0232645670572917,0.24826733907063803
original,1500,15,260930402,21,670,5,0,0,665,5,1.0181009928385416,0.24808377583821614
original,1500,15,260930402,22,670,5,0,0,665,5,1.022546630859375,0.24707018534342448
original,1500,15,260930402,23,670,5,0,0,665,5,1.016052734375,0.24752690633138022
original,1500,15,260930402,24,670,3,0,0,667,3,1.0236922200520833,0.24899574279785155
original,1500,15,260930402,25,670,4,0,0,666,4,1.0134034830729166,0.24578165690104167
original,1500,15,260930402,26,670,4,0,0,666,4,1.0181298828125,0.24860506693522136
original,1500,15,260930402,27,670,5,0,0,665,5,1.01820654296875,0.2479431660970052
original,1500,15,260930402,28,670,3,0,0,667,3,1.0219754231770832,0.24743479410807293
original,1500,15,260930402,29,670,4,0,0,666,4,1.0178672688802084,0.24498926798502604
original,1500,15,260930402,30,670,6,0,0,664,6,1.02128369140625,0.24855873107910156
original,1500,15,260930402,31,670,6,0,0,664,6,1.0151703287760416,0.2471392822265625
original,1500,15,260930402,32,670,3,0,0,667,3,1.0136354166666666,0.245894775390625
original,1500,15,260930402,33,670,3,0,0,667,3,1.0203208821614584,0.24852434794108072
original,1500,15,260930402,34,670,4,0,0,666,4,1.0113174641927083,0.24603520711263022
original,1500,15,260930402,35,670,4,0,0,666,4,1.021592529296875,0.24746686299641926
original,1500,15,260930402,36,670,5,0,0,665,5,1.0188509928385416,0.24816174825032553
original,1500,15,260930402,37,670,5,0,0,665,5,1.0194973958333333,0.24827802022298176
original,1500,15,260930402,38,670,5,0,0,665,5,1.0156338704427084,0.2484954833984375
original,1500,15,260930402,39,670,6,0,0,664,6,1.0074832356770833,0.2467382558186849
original,1500,15,260930402,40,670,4,0,0,666,4,1.0098682454427084,0.24766515096028646
original,1500,15,260930402,41,670,5,0,0,665,5,1.015962890625,0.24814781188964843
original,1500,15,260930402,42,670,5,0,0,665,5,1.017753173828125,0.24763773600260416
original,1500,15,260930402,43,670,4,0,0,666,4,1.0086259765625,0.24688377380371093
original,1500,15,260930402,44,670,5,0,0,665,5,1.01407177734375,0.24800310770670572
original,1500,15,260930402,45,670,4,0,0,666,4,1.0210697428385416,0.24700759887695312
original,1500,15,260930402,46,670,4,0,0,666,4,1.021955322265625,0.24710339864095052
original,1500,15,260930402,47,670,5,0,0,665,5,1.0204222819010416,0.2470848846435547
original,1500,15,260930402,48,670,3,0,0,667,3,1.0064627278645832,0.24688433329264323
original,1500,15,260930402,49,670,3,0,0,667,3,1.0227607421875,0.24823992411295573
original,1500,15,260930402,50,670,4,0,0,666,4,1.0203301595052083,0.2476970672607422
original,1500,15,260930402,51,670,4,0,0,666,4,1.019931396484375,0.2468066660563151
original,1500,15,260930402,52,670,3,0,0,667,3,1.0120176595052084,0.2462316640218099
original,1500,15,260930402,53,670,3,0,0,667,3,1.0166822102864583,0.24619656880696614
original,1500,15,260930402,54,670,4,0,0,666,4,1.00802587890625,0.24652137756347656
original,1500,15,260930402,55,670,4,0,0,666,4,1.0110361328125,0.24642466227213541
original,1500,15,260930402,56,670,4,0,0,666,4,1.018106689453125,0.24350547790527344
original,1500,15,260930402,57,670,2,0,0,668,2,1.018900634765625,0.24496597290039063
original,1500,15,260930402,58,670,4,0,0,666,4,1.0138116048177084,0.2463414764404297
original,1500,15,260930402,59,670,4,0,0,666,4,1.0199349772135418,0.2468543243408203
original,1500,15,260930402,60,670,4,0,0,666,4,1.018634765625,0.2482800801595052
original,1500,15,260930402,61,670,4,0,0,666,4,1.0183395182291666,0.24593889872233074
original,1500,15,260930402,62,670,4,0,0,666,4,1.0211624348958332,0.24766423543294272
original,1500,15,260930402,63,670,3,0,0,667,3,1.0217749837239583,0.24807301839192708
original,500,15,260930403,0,670,17,0,0,653,17,1.0360582275390624,0.46872879028320313
original,500,15,260930403,1,670,18,0,0,652,18,1.0416981201171875,0.47117515563964846
original,500,15,260930403,2,670,19,0,0,651,19,1.044326416015625,0.4837991333007812
original,500,15,260930403,3,670,19,0,0,651,19,1.042098876953125,0.48281055450439453
original,500,15,260930403,4,670,19,0,0,651,19,1.0411136474609375,0.48296657562255857
original,500,15,260930403,5,670,20,0,0,650,20,1.0433504638671875,0.48382671356201173
original,500,15,260930403,6,670,20,0,0,650,20,1.0394986572265625,0.48315963745117185
original,500,15,260930403,7,670,19,0,0,651,19,1.0394403076171874,0.4831211090087891
original,500,15,260930403,8,670,16,0,0,654,16,1.0360540771484374,0.46801410675048827
original,500,15,260930403,9,670,19,0,0,651,19,1.04055615234375,0.47509761810302736
original,500,15,260930403,10,670,18,0,0,652,18,1.041121337890625,0.4790385818481445
original,500,15,260930403,11,670,19,0,0,651,19,1.0424578857421876,0.48125816345214845
original,500,15,260930403,12,670,18,0,0,652,18,1.0452088623046876,0.48489330291748045
original,500,15,260930403,13,670,19,0,0,651,19,1.045968994140625,0.4839484405517578
original,500,15,260930403,14,670,18,0,0,652,18,1.039482177734375,0.4831493377685547
original,500,15,260930403,15,670,18,0,0,652,18,1.0395662841796875,0.48319297790527344
original,500,15,260930403,16,670,16,0,0,654,16,1.033309326171875,0.4670619583129883
original,500,15,260930403,17,670,17,0,0,653,17,1.03821240234375,0.4703212738037109
original,500,15,260930403,18,670,17,0,0,653,17,1.03543603515625,0.4683290100097656
original,500,15,260930403,19,670,18,0,0,652,18,1.038128662109375,0.47113014221191407
original,500,15,260930403,20,670,18,0,0,652,18,1.04189892578125,0.48224597930908203
original,500,15,260930403,21,670,19,0,0,651,19,1.0401248779296874,0.4828527069091797
original,500,15,260930403,22,670,20,0,0,650,20,1.0449013671875,0.48449901580810545
original,500,15,260930403,23,670,20,0,0,650,20,1.0430302734375,0.4841434860229492
original,500,15,260930403,24,670,18,0,0,652,18,1.0382232666015625,0.4712490463256836
original,500,15,260930403,25,670,18,0,0,652,18,1.0424759521484375,0.4844062423706055
original,500,15,260930403,26,670,18,0,0,652,18,1.041729248046875,0.4828818893432617
original,500,15,260930403,27,670,18,0,0,652,18,1.0384212646484374,0.4825769805908203
original,500,15,260930403,28,670,20,0,0,650,20,1.03944775390625,0.481673583984375
original,500,15,260930403,29,670,18,0,0,652,18,1.040624755859375,0.481546630859375
original,500,15,260930403,30,670,20,0,0,650,20,1.0444833984375,0.48410648345947266
original,500,15,260930403,31,670,20,0,0,650,20,1.0441988525390624,0.4841395568847656
original,500,15,260930403,32,670,17,0,0,653,17,1.03377880859375,0.4670295333862305
original,500,15,260930403,33,670,18,0,0,652,18,1.04008447265625,0.47300048828125
original,500,15,260930403,34,670,19,0,0,651,19,1.04356982421875,0.48230461120605467
original,500,15,260930403,35,670,18,0,0,652,18,1.03939013671875,0.47613460540771485
original,500,15,260930403,36,670,18,0,0,652,18,1.04249658203125,0.48465274810791015
original,500,15,260930403,37,670,19,0,0,651,19,1.0389024658203125,0.48216655731201175
original,500,15,260930403,38,670,17,0,0,653,17,1.0383587646484376,0.4717128372192383
original,500,15,260930403,39,670,18,0,0,652,18,1.038843994140625,0.48270889282226564
original,500,15,260930403,40,670,17,0,0,653,17,1.0364564208984375,0.47086273193359374
original,500,15,260930403,41,670,18,0,0,652,18,1.0405728759765625,0.4744314193725586
original,500,15,260930403,42,670,19,0,0,651,19,1.03879736328125,0.4714921188354492
original,500,15,260930403,43,670,18,0,0,652,18,1.0394937744140624,0.47612709045410156
original,500,15,260930403,44,670,17,0,0,653,17,1.0394246826171876,0.482933349609375
original,500,15,260930403,45,670,19,0,0,651,19,1.0389222412109376,0.4785429382324219
original,500,15,260930403,46,670,21,0,0,649,21,1.0379287109375,0.48192638397216797
original,500,15,260930403,47,670,19,0,0,651,19,1.038760498046875,0.4819113540649414
original,500,15,260930403,48,670,16,0,0,654,16,1.035564697265625,0.46774513244628907
original,500,15,260930403,49,670,17,0,0,653,17,1.037018310546875,0.46926567077636716
original,500,15,260930403,50,670,17,0,0,653,17,1.034669921875,0.46827068328857424
original,500,15,260930403,51,670,17,0,0,653,17,1.0429005126953126,0.4821099853515625
original,500,15,260930403,52,670,18,0,0,652,18,1.0412802734375,0.47602436065673825
original,500,15,260930403,53,670,18,0,0,652,18,1.0390682373046876,0.47331527709960936
original,500,15,260930403,54,670,19,0,0,651,19,1.0398780517578126,0.4833108139038086
original,500,15,260930403,55,670,17,0,0,653,17,1.0388560791015624,0.48115966796875
original,500,15,260930403,56,670,16,0,0,654,16,1.0274112548828125,0.4640033721923828
original,500,15,260930403,57,670,18,0,0,652,18,1.035457275390625,0.4698644638061523
original,500,15,260930403,58,670,19,0,0,651,19,1.0356483154296876,0.4697233200073242
original,500,15,260930403,59,670,17,0,0,653,17,1.0378009033203126,0.4712038803100586
original,500,15,260930403,60,670,16,0,0,654,16,1.0389053955078125,0.4826041030883789
original,500,15,260930403,61,670,17,0,0,653,17,1.0429598388671875,0.4825392150878906
original,500,15,260930403,62,670,18,0,0,652,18,1.0426744384765625,0.48100059509277343
original,500,15,260930403,63,670,19,0,0,651,19,1.04263623046875,0.48283607482910157
original,1000,15,260930403,0,670,6,0,0,664,6,1.0224641927083333,0.3374797821044922
original,1000,15,260930403,1,670,5,0,0,665,5,1.029516845703125,0.33577545166015627
original,1000,15,260930403,2,670,6,0,0,664,6,1.0211075032552084,0.33653594970703127
original,1000,15,260930403,3,670,6,0,0,664,6,1.0315802408854167,0.34404513041178386
original,1000,15,260930403,4,670,7,0,0,663,7,1.0260306803385417,0.33747400919596354
original,1000,15,260930403,5,670,6,0,0,664,6,1.0268343912760416,0.3327143096923828
original,1000,15,260930403,6,670,7,0,0,663,7,1.0300789388020832,0.3435401153564453
original,1000,15,260930403,7,670,7,0,0,663,7,1.029524658203125,0.34310587565104167
original,1000,15,260930403,8,670,5,0,0,665,5,1.021103759765625,0.3352052815755208
original,1000,15,260930403,9,670,6,0,0,664,6,1.0268013509114584,0.3385864512125651
original,1000,15,260930403,10,670,7,0,0,663,7,1.0261006673177084,0.33759836832682294
original,1000,15,260930403,11,670,7,0,0,663,7,1.03057373046875,0.3381809488932292
original,1000,15,260930403,12,670,6,0,0,664,6,1.0228031412760417,0.3384947967529297
original,1000,15,260930403,13,670,7,0,0,663,7,1.0283277180989583,0.3423346710205078
original,1000,15,260930403,14,670,5,0,0,665,5,1.0300176595052084,0.3379931386311849
original,1000,15,260930403,15,670,6,0,0,664,6,1.03041748046875,0.33506434122721357
original,1000,15,260930403,16,670,4,0,0,666,4,1.024518310546875,0.3381964111328125
original,1000,15,260930403,17,670,5,0,0,665,5,1.0245580240885417,0.3364920806884766
original,1000,15,260930403,18,670,5,0,0,665,5,1.0116983235677084,0.3321893564860026
original,1000,15,260930403,19,670,6,0,0,664,6,1.010837158203125,0.3340210978190104
original,1000,15,260930403,20,670,7,0,0,663,7,1.0284146321614582,0.3352916971842448
original,1000,15,260930403,21,670,6,0,0,664,6,1.0287162272135417,0.3362725830078125
original,1000,15,260930403,22,670,7,0,0,663,7,1.0288439127604168,0.3369165802001953
original,1000,15,260930403,23,670,7,0,0,663,7,1.0259767252604166,0.3372974650065104
original,1000,15,260930403,24,670,5,0,0,665,5,1.0309596354166666,0.33614588419596353
original,1000,15,260930403,25,670,6,0,0,664,6,1.0261061197916668,0.338427480061849
original,1000,15,260930403,26,670,6,0,0,664,6,1.0256669108072918,0.34376177469889324
original,1000,15,260930403,27,670,6,0,0,664,6,1.029872314453125,0.3398369852701823
original,1000,15,260930403,28,670,7,0,0,663,7,1.0243763020833334,0.33662422180175783
original,1000,15,260930403,29,670,6,0,0,664,6,1.02953466796875,0.3383691151936849
original,1000,15,260930403,30,670,8,0,0,662,8,1.026281982421875,0.3383728790283203
original,1000,15,260930403,31,670,8,0,0,662,8,1.0249117838541666,0.3387163289388021
original,1000,15,260930403,32,670,4,0,0,666,4,1.0263436686197918,0.3385804494222005
original,1000,15,260930403,33,670,6,0,0,664,6,1.0218837076822918,0.336312993367513
original,1000,15,260930403,34,670,7,0,0,663,7,1.0282564290364584,0.33824801127115883
original,1000,15,260930403,35,670,6,0,0,664,6,1.0285250651041666,0.3382651011149089
original,1000,15,260930403,36,670,5,0,0,665,5,1.0321170247395834,0.3403141276041667
original,1000,15,260930403,37,670,7,0,0,663,7,1.0316980794270834,0.341809336344401
original,1000,15,260930403,38,670,6,0,0,664,6,1.0206619466145834,0.33613914489746094
original,1000,15,260930403,39,670,5,0,0,665,5,1.0252652180989583,0.33411725362141925
original,1000,15,260930403,40,670,7,0,0,663,7,1.0300281575520833,0.3356348419189453
original,1000,15,260930403,41,670,7,0,0,663,7,1.0257748209635416,0.3369024403889974
original,1000,15,260930403,42,670,6,0,0,664,6,1.03068408203125,0.33900344848632813
original,1000,15,260930403,43,670,4,0,0,666,4,1.02864794921875,0.3361002858479818
original,1000,15,260930403,44,670,6,0,0,664,6,1.02707177734375,0.34341570536295574
original,1000,15,260930403,45,670,5,0,0,665,5,1.023256103515625,0.3351186370849609
original,1000,15,260930403,46,670,7,0,0,663,7,1.0224134114583334,0.33375315348307294
original,1000,15,260930403,47,670,6,0,0,664,6,1.0242388509114584,0.33655179341634117
original,1000,15,260930403,48,670,4,0,0,666,4,1.0082544759114582,0.3341921742757161
original,1000,15,260930403,49,670,4,0,0,666,4,1.0309757486979167,0.3387698109944661
original,1000,15,260930403,50,670,5,0,0,665,5,1.0296402180989583,0.3392392222086589
original,1000,15,260930403,51,670,6,0,0,664,6,1.030900390625,0.334025395711263
original,1000,15,260930403,52,670,6,0,0,664,6,1.0295052897135417,0.3383788808186849
original,1000,15,260930403,53,670,6,0,0,664,6,1.0229847005208332,0.3350705718994141
original,1000,15,260930403,54,670,5,0,0,665,5,1.0310780436197917,0.3355590311686198
original,1000,15,260930403,55,670,6,0,0,664,6,1.02013671875,0.33500531514485676
original,1000,15,260930403,56,670,3,0,0,667,3,1.0287391764322917,0.33645919799804686
original,1000,15,260930403,57,670,5,0,0,665,5,1.020146240234375,0.334530029296875
original,1000,15,260930403,58,670,5,0,0,665,5,1.0163163248697917,0.3342327626546224
original,1000,15,260930403,59,670,5,0,0,665,5,1.01252880859375,0.3342195129394531
original,1000,15,260930403,60,670,4,0,0,666,4,1.0273663736979166,0.33767496744791664
original,1000,15,260930403,61,670,4,0,0,666,4,1.0249921061197917,0.3330169677734375
original,1000,15,260930403,62,670,5,0,0,665,5,1.01146923828125,0.3271233876546224
original,1000,15,260930403,63,670,7,0,0,663,7,1.0269580078125,0.3322649637858073
original,1500,15,260930403,0,670,4,0,0,666,4,1.0153018391927084,0.24812337239583335
original,1500,15,260930403,1,670,5,0,0,665,5,1.0192051595052083,0.24878265380859374
original,1500,15,260930403,2,670,5,0,0,665,5,1.019967529296875,0.2453154754638672
original,1500,15,260930403,3,670,5,0,0,665,5,1.0193323567708332,0.24829940795898436
original,1500,15,260930403,4,670,5,0,0,665,5,1.0210556640625,0.246182861328125
original,1500,15,260930403,5,670,6,0,0,664,6,1.0222637532552084,0.24491549173990884
original,1500,15,260930403,6,670,5,0,0,665,5,1.0195380045572917,0.24736274719238283
original,1500,15,260930403,7,670,6,0,0,664,6,1.0201359049479166,0.24793001810709636
original,1500,15,260930403,8,670,3,0,0,667,3,1.02121533203125,0.24828905741373697
original,1500,15,260930403,9,670,3,0,0,667,3,1.023729248046875,0.24884905497233073
original,1500,15,260930403,10,670,4,0,0,666,4,1.0073096516927083,0.24652114868164063
original,1500,15,260930403,11,670,6,0,0,664,6,1.0139000651041667,0.24687021891276043
original,1500,15,260930403,12,670,5,0,0,665,5,1.0160762532552083,0.24774711608886718
original,1500,15,260930403,13,670,5,0,0,665,5,1.0150552571614584,0.24748369852701824
original,1500,15,260930403,14,670,5,0,0,665,5,1.0162220052083333,0.2479962666829427
original,1500,15,260930403,15,670,5,0,0,665,5,1.0173739420572916,0.24750757853190103
original,1500,15,260930403,16,670,3,0,0,667,3,1.014495849609375,0.24623425801595053
original,1500,15,260930403,17,670,3,0,0,667,3,1.0082109375,0.2431219482421875
original,1500,15,260930403,18,670,3,0,0,667,3,1.01530126953125,0.2458557383219401
original,1500,15,260930403,19,670,4,0,0,666,4,1.006111328125,0.24608487447102864
original,1500,15,260930403,20,670,5,0,0,665,5,1.0174788411458333,0.24776290893554687
original,1500,15,260930403,21,670,5,0,0,665,5,1.0205122884114584,0.24831146240234375
original,1500,15,260930403,22,670,5,0,0,665,5,1.0206778157552083,0.24685946146647136
original,1500,15,260930403,23,670,4,0,0,666,4,1.0228641764322917,0.24833234151204428
original,1500,15,260930403,24,670,4,0,0,666,4,1.0187091471354166,0.248519287109375
original,1500,15,260930403,25,670,4,0,0,666,4,1.014774169921875,0.24586458841959635
original,1500,15,260930403,26,670,5,0,0,665,5,1.0194475911458334,0.24772232055664062
original,1500,15,260930403,27,670,6,0,0,664,6,1.0228934733072916,0.24784327189127603
original,1500,15,260930403,28,670,4,0,0,666,4,1.0220079752604168,0.24711705525716146
original,1500,15,260930403,29,670,4,0,0,666,4,1.0181695149739582,0.2446790059407552
original,1500,15,260930403,30,670,6,0,0,664,6,1.0212932942708333,0.24856231689453126
original,1500,15,260930403,31,670,6,0,0,664,6,1.0228992513020834,0.24713152567545574
original,1500,15,260930403,32,670,3,0,0,667,3,1.0163692220052083,0.2462647247314453
original,1500,15,260930403,33,670,4,0,0,666,4,1.0211570638020833,0.2487750244140625
original,1500,15,260930403,34,670,4,0,0,666,4,1.0115415852864584,0.24613789876302083
original,1500,15,260930403,35,670,3,0,0,667,3,1.02169140625,0.24749117533365886
original,1500,15,260930403,36,670,5,0,0,665,5,1.0090362955729166,0.2459399159749349
original,1500,15,260930403,37,670,6,0,0,664,6,1.02256787109375,0.2474828592936198
original,1500,15,260930403,38,670,4,0,0,666,4,1.01547802734375,0.2484820556640625
original,1500,15,260930403,39,670,5,0,0,665,5,1.021126953125,0.24849411010742187
original,1500,15,260930403,40,670,5,0,0,665,5,1.016970703125,0.24793986002604165
original,1500,15,260930403,41,670,5,0,0,665,5,1.023241455078125,0.24915178934733073
original,1500,15,260930403,42,670,5,0,0,665,5,1.0197051595052082,0.24755968729654948
original,1500,15,260930403,43,670,4,0,0,666,4,1.014945068359375,0.24587862650553385
original,1500,15,260930403,44,670,6,0,0,664,6,1.0148317057291667,0.24798690795898437
original,1500,15,260930403,45,670,4,0,0,666,4,1.011147705078125,0.24691146850585938
original,1500,15,260930403,46,670,5,0,0,665,5,1.02115576171875,0.2472752634684245
original,1500,15,260930403,47,670,4,0,0,666,4,1.0195384928385416,0.24687456766764324
original,1500,15,260930403,48,670,3,0,0,667,3,1.0069557291666666,0.24714853922526042
original,1500,15,260930403,49,670,4,0,0,666,4,1.0191961263020832,0.24711830139160157
original,1500,15,260930403,50,670,3,0,0,667,3,1.0226026204427083,0.24826520284016926
original,1500,15,260930403,51,670,4,0,0,666,4,1.0230328776041666,0.24753514607747396
original,1500,15,260930403,52,670,3,0,0,667,3,1.0183541666666667,0.24647272745768228
original,1500,15,260930403,53,670,4,0,0,666,4,1.0094485677083334,0.24663904825846353
original,1500,15,260930403,54,670,5,0,0,665,5,1.0148640950520833,0.24636131286621094
original,1500,15,260930403,55,670,4,0,0,666,4,1.02083251953125,0.24800064086914062
original,1500,15,260930403,56,670,3,0,0,667,3,1.0048077799479167,0.24050618489583334
original,1500,15,260930403,57,670,3,0,0,667,3,1.00852880859375,0.24565450032552083
original,1500,15,260930403,58,670,4,0,0,666,4,1.0131353352864583,0.24676554361979167
original,1500,15,260930403,59,670,3,0,0,667,3,1.019942626953125,0.24685590108235678
original,1500,15,260930403,60,670,4,0,0,666,4,1.0192090657552084,0.24885770161946616
original,1500,15,260930403,61,670,3,0,0,667,3,1.016257568359375,0.24592486063639324
original,1500,15,260930403,62,670,4,0,0,666,4,1.012423095703125,0.24476119995117188
original,1500,15,260930403,63,670,3,0,0,667,3,1.0219969889322917,0.24811330159505207
original,500,20,260930401,0,670,18,0,0,652,18,1.044631103515625,0.471141357421875
original,500,20,260930401,1,670,18,0,0,652,18,1.0439312744140625,0.47065139770507813
original,500,20,260930401,2,670,17,0,0,653,17,1.04021630859375,0.47782054901123044
original,500,20,260930401,3,670,18,0,0,652,18,1.0427181396484375,0.47950740814208986
original,500,20,260930401,4,670,19,0,0,651,19,1.0383759765625,0.4780778503417969
original,500,20,260930401,5,670,19,0,0,651,19,1.043279541015625,0.4768100357055664
original,500,20,260930401,6,670,20,0,0,650,20,1.0393597412109374,0.4796673583984375
original,500,20,260930401,7,670,19,0,0,651,19,1.0392327880859376,0.479620475769043
original,500,20,260930401,8,670,17,0,0,653,17,1.039896484375,0.4683148956298828
original,500,20,260930401,9,670,17,0,0,653,17,1.0392586669921875,0.47039482116699216
original,500,20,260930401,10,670,19,0,0,651,19,1.0341181640625,0.47444881439208986
original,500,20,260930401,11,670,19,0,0,651,19,1.0338270263671876,0.4726483154296875
original,500,20,260930401,12,670,17,0,0,653,17,1.0344166259765626,0.47919593811035155
original,500,20,260930401,13,670,20,0,0,650,20,1.0394515380859375,0.4796903610229492
original,500,20,260930401,14,670,18,0,0,652,18,1.04027490234375,0.4796593475341797
original,500,20,260930401,15,670,18,0,0,652,18,1.0395302734375,0.4797100067138672
original,500,20,260930401,16,670,17,0,0,653,17,1.0422318115234375,0.46953426361083983
original,500,20,260930401,17,670,18,0,0,652,18,1.0445008544921874,0.471507682800293
original,500,20,260930401,18,670,17,0,0,653,17,1.0435347900390626,0.4709357833862305
original,500,20,260930401,19,670,17,0,0,653,17,1.044218994140625,0.47091682434082033
original,500,20,260930401,20,670,18,0,0,652,18,1.040041015625,0.47862972259521486
original,500,20,260930401,21,670,19,0,0,651,19,1.041210205078125,0.47927738189697267
original,500,20,260930401,22,670,18,0,0,652,18,1.0451065673828126,0.4785314178466797
original,500,20,260930401,23,670,18,0,0,652,18,1.04276220703125,0.47990955352783204
original,500,20,260930401,24,670,17,0,0,653,17,1.0428701171875,0.46591209411621093
original,500,20,260930401,25,670,17,0,0,653,17,1.0427147216796875,0.4700752258300781
original,500,20,260930401,26,670,18,0,0,652,18,1.040961181640625,0.4789809417724609
original,500,20,260930401,27,670,19,0,0,651,19,1.0391849365234376,0.4784691619873047
original,500,20,260930401,28,670,20,0,0,650,20,1.0425592041015626,0.47559051513671874
original,500,20,260930401,29,670,18,0,0,652,18,1.0436273193359376,0.4765802001953125
original,500,20,260930401,30,670,18,0,0,652,18,1.045000244140625,0.4789960479736328
original,500,20,260930401,31,670,19,0,0,651,19,1.0444755859375,0.4797178268432617
original,500,20,260930401,32,670,17,0,0,653,17,1.039007080078125,0.46789840698242186
original,500,20,260930401,33,670,17,0,0,653,17,1.0418095703125,0.46635467529296876
original,500,20,260930401,34,670,18,0,0,652,18,1.0404635009765626,0.4689400100708008
original,500,20,260930401,35,670,18,0,0,652,18,1.04455419921875,0.47110179901123045
original,500,20,260930401,36,670,18,0,0,652,18,1.0449586181640624,0.4800728225708008
original,500,20,260930401,37,670,16,0,0,654,16,1.0402340087890625,0.4752005386352539
original,500,20,260930401,38,670,17,0,0,653,17,1.0393206787109375,0.47938282012939454
original,500,20,260930401,39,670,19,0,0,651,19,1.0425255126953126,0.4791105270385742
original,500,20,260930401,40,670,18,0,0,652,18,1.039400146484375,0.46806743621826175
original,500,20,260930401,41,670,17,0,0,653,17,1.044515869140625,0.4709083938598633
original,500,20,260930401,42,670,18,0,0,652,18,1.045339599609375,0.47144886016845705
original,500,20,260930401,43,670,17,0,0,653,17,1.0413975830078126,0.4717146682739258
original,500,20,260930401,44,670,17,0,0,653,17,1.0396307373046876,0.47939735412597656
original,500,20,260930401,45,670,18,0,0,652,18,1.0391025390625,0.4788320541381836
original,500,20,260930401,46,670,20,0,0,650,20,1.044753173828125,0.47802688598632814
original,500,20,260930401,47,670,18,0,0,652,18,1.04471875,0.4782159042358398
original,500,20,260930401,48,670,16,0,0,654,16,1.039308837890625,0.46804630279541015
original,500,20,260930401,49,670,17,0,0,653,17,1.0270341796875,0.4704281234741211
original,500,20,260930401,50,670,17,0,0,653,17,1.0387410888671875,0.467916374206543
original,500,20,260930401,51,670,17,0,0,653,17,1.031833984375,0.46888927459716795
original,500,20,260930401,52,670,17,0,0,653,17,1.0444677734375,0.472779541015625
original,500,20,260930401,53,670,17,0,0,653,17,1.0450914306640624,0.47617813110351564
original,500,20,260930401,54,670,19,0,0,651,19,1.0343985595703125,0.47480918884277346
original,500,20,260930401,55,670,17,0,0,653,17,1.0348736572265624,0.4777200698852539
original,500,20,260930401,56,670,17,0,0,653,17,1.04160009765625,0.4672184753417969
original,500,20,260930401,57,670,18,0,0,652,18,1.041984375,0.469713020324707
original,500,20,260930401,58,670,18,0,0,652,18,1.0439638671875,0.4706898880004883
original,500,20,260930401,59,670,17,0,0,653,17,1.0446737060546876,0.4711157989501953
original,500,20,260930401,60,670,18,0,0,652,18,1.0299686279296876,0.47826663970947264
original,500,20,260930401,61,670,18,0,0,652,18,1.0351888427734375,0.4790739440917969
original,500,20,260930401,62,670,17,0,0,653,17,1.0351190185546875,0.4724759292602539
original,500,20,260930401,63,670,17,0,0,653,17,1.03600732421875,0.47912006378173827
original,1000,20,260930401,0,670,5,0,0,665,5,1.029435302734375,0.34010663350423176
original,1000,20,260930401,1,670,5,0,0,665,5,1.0222887369791667,0.33639381408691404
original,1000,20,260930401,2,670,6,0,0,664,6,1.0254920247395833,0.33398465474446615
original,1000,20,260930401,3,670,5,0,0,665,5,1.0308789876302082,0.3343428548177083
original,1000,20,260930401,4,670,7,0,0,663,7,1.0301363118489584,0.3360840098063151
original,1000,20,260930401,5,670,6,0,0,664,6,1.0281004231770834,0.3384674326578776
original,1000,20,260930401,6,670,7,0,0,663,7,1.0290164388020833,0.3420592244466146
original,1000,20,260930401,7,670,7,0,0,663,7,1.0282110188802083,0.3415343983968099
original,1000,20,260930401,8,670,5,0,0,665,5,1.025772216796875,0.3357346343994141
original,1000,20,260930401,9,670,6,0,0,664,6,1.0315165201822916,0.3385334269205729
original,1000,20,260930401,10,670,7,0,0,663,7,1.0272789713541666,0.3379893493652344
original,1000,20,260930401,11,670,7,0,0,663,7,1.0255460611979166,0.336938730875651
original,1000,20,260930401,12,670,7,0,0,663,7,1.0268970540364584,0.3411815643310547
original,1000,20,260930401,13,670,6,0,0,664,6,1.0306943359375,0.34229939778645835
original,1000,20,260930401,14,670,5,0,0,665,5,1.028739501953125,0.33753133138020835
original,1000,20,260930401,15,670,6,0,0,664,6,1.02912890625,0.33489242553710935
original,1000,20,260930401,16,670,6,0,0,664,6,1.0254055989583333,0.33621790568033855
original,1000,20,260930401,17,670,5,0,0,665,5,1.0238516438802083,0.33413459777832033
original,1000,20,260930401,18,670,4,0,0,666,4,1.0237754720052084,0.33320650736490887
original,1000,20,260930401,19,670,6,0,0,664,6,1.0319521484375,0.3398902893066406
original,1000,20,260930401,20,670,7,0,0,663,7,1.0307613118489583,0.33957687377929685
original,1000,20,260930401,21,670,6,0,0,664,6,1.0231219889322916,0.33526072184244793
original,1000,20,260930401,22,670,6,0,0,664,6,1.0170870768229168,0.3344922383626302
original,1000,20,260930401,23,670,6,0,0,664,6,1.0240660807291666,0.33663050333658856
original,1000,20,260930401,24,670,5,0,0,665,5,1.0147084147135417,0.3357928212483724
original,1000,20,260930401,25,670,5,0,0,665,5,1.023832763671875,0.33807210286458333
original,1000,20,260930401,26,670,6,0,0,664,6,1.0298590494791666,0.33838297526041666
original,1000,20,260930401,27,670,7,0,0,663,7,1.032096923828125,0.34008776346842445
original,1000,20,260930401,28,670,7,0,0,663,7,1.0273357747395833,0.336083501180013
original,1000,20,260930401,29,670,6,0,0,664,6,1.0260966796875,0.3379501597086589
original,1000,20,260930401,30,670,8,0,0,662,8,1.0299152018229167,0.337945810953776
original,1000,20,260930401,31,670,7,0,0,663,7,1.03145458984375,0.3396225992838542
original,1000,20,260930401,32,670,5,0,0,665,5,1.0270865071614583,0.33932673136393227
original,1000,20,260930401,33,670,5,0,0,665,5,1.0194683430989584,0.3355902353922526
original,1000,20,260930401,34,670,6,0,0,664,6,1.0239867350260417,0.33755503336588544
original,1000,20,260930401,35,670,6,0,0,664,6,1.0311769205729167,0.3396250406901042
original,1000,20,260930401,36,670,6,0,0,664,6,1.0300665690104167,0.340166269938151
original,1000,20,260930401,37,670,7,0,0,663,7,1.0314990234375,0.3401976521809896
original,1000,20,260930401,38,670,5,0,0,665,5,1.0239947102864584,0.3360292307535807
original,1000,20,260930401,39,670,6,0,0,664,6,1.027642578125,0.3367552439371745
original,1000,20,260930401,40,670,6,0,0,664,6,1.02262060546875,0.3361084238688151
original,1000,20,260930401,41,670,5,0,0,665,5,1.0179051106770833,0.3357604471842448
original,1000,20,260930401,42,670,5,0,0,665,5,1.0296650390625,0.33897130330403646
original,1000,20,260930401,43,670,5,0,0,665,5,1.0258274739583333,0.33601666768391925
original,1000,20,260930401,44,670,6,0,0,664,6,1.0272090657552084,0.3413274637858073
original,1000,20,260930401,45,670,6,0,0,664,6,1.0186931966145834,0.33480809529622396
original,1000,20,260930401,46,670,7,0,0,663,7,1.0309242350260417,0.339501953125
original,1000,20,260930401,47,670,7,0,0,663,7,1.0305372721354167,0.33938008626302085
original,1000,20,260930401,48,670,4,0,0,666,4,1.031395263671875,0.3404060872395833
original,1000,20,260930401,49,670,5,0,0,665,5,1.0215933430989583,0.327096684773763
original,1000,20,260930401,50,670,4,0,0,666,4,1.0221009928385416,0.33729563395182294
original,1000,20,260930401,51,670,5,0,0,665,5,1.0294129231770834,0.3313170878092448
original,1000,20,260930401,52,670,7,0,0,663,7,1.0285179036458334,0.3386827087402344
original,1000,20,260930401,53,670,6,0,0,664,6,1.0204388834635416,0.33451573689778646
original,1000,20,260930401,54,670,5,0,0,665,5,1.0223193359375,0.3347197977701823
original,1000,20,260930401,55,670,5,0,0,665,5,1.0068238118489583,0.33482348124186195
original,1000,20,260930401,56,670,5,0,0,665,5,1.018736572265625,0.33664332071940106
original,1000,20,260930401,57,670,5,0,0,665,5,1.0245921223958334,0.3340880076090495
original,1000,20,260930401,58,670,5,0,0,665,5,1.007779296875,0.33390571594238283
original,1000,20,260930401,59,670,5,0,0,665,5,1.0282535807291666,0.33383870442708335
original,1000,20,260930401,60,670,6,0,0,664,6,1.0153116861979166,0.33724718729654946
original,1000,20,260930401,61,670,4,0,0,666,4,1.023863525390625,0.332039794921875
original,1000,20,260930401,62,670,5,0,0,665,5,1.0264146321614582,0.33531199137369794
original,1000,20,260930401,63,670,6,0,0,664,6,1.0222284342447916,0.3318359375
original,1500,20,260930401,0,670,4,0,0,666,4,1.0149052734375,0.24847763061523437
original,1500,20,260930401,1,670,4,0,0,666,4,1.0179109700520834,0.24851938883463542
original,1500,20,260930401,2,670,5,0,0,665,5,1.0157344563802084,0.24735333760579428
original,1500,20,260930401,3,670,5,0,0,665,5,1.021601806640625,0.2475220489501953
original,1500,20,260930401,4,670,5,0,0,665,5,1.023739990234375,0.24899345397949219
original,1500,20,260930401,5,670,5,0,0,665,5,1.0202410481770834,0.24455513000488283
original,1500,20,260930401,6,670,5,0,0,665,5,1.020814697265625,0.24774436950683593
original,1500,20,260930401,7,670,6,0,0,664,6,1.0214288736979167,0.2478503672281901
original,1500,20,260930401,8,670,3,0,0,667,3,1.0108312174479166,0.24815218607584635
original,1500,20,260930401,9,670,4,0,0,666,4,1.01849169921875,0.2468011728922526
original,1500,20,260930401,10,670,4,0,0,666,4,1.012334228515625,0.24668980916341146
original,1500,20,260930401,11,670,5,0,0,665,5,1.015970458984375,0.24615702311197918
original,1500,20,260930401,12,670,5,0,0,665,5,1.0213045247395833,0.2484851582845052
original,1500,20,260930401,13,670,6,0,0,664,6,1.0211316731770834,0.2482733408610026
original,1500,20,260930401,14,670,5,0,0,665,5,1.0180869140625,0.24778073628743488
original,1500,20,260930401,15,670,5,0,0,665,5,1.02169970703125,0.24861646016438801
original,1500,20,260930401,16,670,4,0,0,666,4,1.0128015950520832,0.24595746358235676
original,1500,20,260930401,17,670,4,0,0,666,4,1.0084978841145833,0.24675188700358072
original,1500,20,260930401,18,670,3,0,0,667,3,1.0156455078125,0.2453106689453125
original,1500,20,260930401,19,670,4,0,0,666,4,1.0219297688802083,0.24772730509440105
original,1500,20,260930401,20,670,5,0,0,665,5,1.0103412272135417,0.24712793986002604
original,1500,20,260930401,21,670,4,0,0,666,4,1.0233506673177084,0.24882471720377605
original,1500,20,260930401,22,670,4,0,0,666,4,1.0227893880208334,0.24752911885579426
original,1500,20,260930401,23,670,5,0,0,665,5,1.0175185546875,0.24591659545898437
original,1500,20,260930401,24,670,3,0,0,667,3,1.0164908040364584,0.24832794189453125
original,1500,20,260930401,25,670,3,0,0,667,3,1.0116778971354166,0.2453607177734375
original,1500,20,260930401,26,670,5,0,0,665,5,1.0220995279947918,0.24657745361328126
original,1500,20,260930401,27,670,4,0,0,666,4,1.0232036946614584,0.2475414784749349
original,1500,20,260930401,28,670,5,0,0,665,5,1.0167213541666666,0.2464196523030599
original,1500,20,260930401,29,670,5,0,0,665,5,1.0177014973958334,0.24299545288085939
original,1500,20,260930401,30,670,6,0,0,664,6,1.014384765625,0.24691543579101563
original,1500,20,260930401,31,670,6,0,0,664,6,1.0206874186197916,0.24731597900390626
original,1500,20,260930401,32,670,4,0,0,666,4,1.02122314453125,0.248081537882487
original,1500,20,260930401,33,670,3,0,0,667,3,1.0180450032552084,0.24816500345865886
original,1500,20,260930401,34,670,4,0,0,666,4,1.0226278483072917,0.24870465596516927
original,1500,20,260930401,35,670,3,0,0,667,3,1.0196416015625,0.24717951456705728
original,1500,20,260930401,36,670,5,0,0,665,5,1.0129833170572917,0.24677742004394532
original,1500,20,260930401,37,670,5,0,0,665,5,1.0149241536458333,0.24661890665690103
original,1500,20,260930401,38,670,5,0,0,665,5,1.015697998046875,0.24852399190266927
original,1500,20,260930401,39,670,5,0,0,665,5,1.022092041015625,0.24778119405110677
original,1500,20,260930401,40,670,5,0,0,665,5,1.017688232421875,0.24847925821940103
original,1500,20,260930401,41,670,5,0,0,665,5,1.0155132649739584,0.24822013854980468
original,1500,20,260930401,42,670,4,0,0,666,4,1.0204342447916666,0.24743138631184897
original,1500,20,260930401,43,670,4,0,0,666,4,1.0226787923177083,0.24901535034179687
original,1500,20,260930401,44,670,6,0,0,664,6,1.0204759928385416,0.24838419596354167
original,1500,20,260930401,45,670,4,0,0,666,4,1.0201151529947916,0.24674036661783855
original,1500,20,260930401,46,670,5,0,0,665,5,1.0187245279947916,0.2467231241861979
original,1500,20,260930401,47,670,5,0,0,665,5,1.0202692057291667,0.24669766743977864
original,1500,20,260930401,48,670,3,0,0,667,3,1.004999755859375,0.2467620595296224
original,1500,20,260930401,49,670,4,0,0,666,4,1.006587646484375,0.23999923706054688
original,1500,20,260930401,50,670,4,0,0,666,4,1.014771728515625,0.24641626993815105
original,1500,20,260930401,51,670,4,0,0,666,4,1.0145187174479167,0.24684382120768228
original,1500,20,260930401,52,670,4,0,0,666,4,1.0190388997395834,0.24596206665039064
original,1500,20,260930401,53,670,3,0,0,667,3,1.015324462890625,0.2460704803466797
original,1500,20,260930401,54,670,4,0,0,666,4,1.0058516438802083,0.24599451700846353
original,1500,20,260930401,55,670,4,0,0,666,4,1.0189680989583334,0.24773114522298176
original,1500,20,260930401,56,670,3,0,0,667,3,1.015829833984375,0.24307584126790366
original,1500,20,260930401,57,670,3,0,0,667,3,1.0159567057291667,0.2452282206217448
original,1500,20,260930401,58,670,4,0,0,666,4,1.0149330240885417,0.24662882486979168
original,1500,20,260930401,59,670,4,0,0,666,4,1.01763330078125,0.24647537231445313
original,1500,20,260930401,60,670,5,0,0,665,5,1.0128218587239584,0.24670193990071615
original,1500,20,260930401,61,670,4,0,0,666,4,1.0176593424479166,0.246191889444987
original,1500,20,260930401,62,670,3,0,0,667,3,1.0172001139322917,0.2434728749593099
original,1500,20,260930401,63,670,3,0,0,667,3,1.0092689615885417,0.2457977803548177
original,500,20,260930402,0,670,17,0,0,653,17,1.0400439453125,0.46839332580566406
original,500,20,260930402,1,670,17,0,0,653,17,1.04409130859375,0.4707647705078125
original,500,20,260930402,2,670,18,0,0,652,18,1.0390460205078125,0.47847110748291016
original,500,20,260930402,3,670,19,0,0,651,19,1.04210498046875,0.47937042236328126
original,500,20,260930402,4,670,19,0,0,651,19,1.0375328369140624,0.47812679290771487
original,500,20,260930402,5,670,20,0,0,650,20,1.0433251953125,0.4778060150146484
original,500,20,260930402,6,670,20,0,0,650,20,1.0388128662109375,0.47951416015625
original,500,20,260930402,7,670,19,0,0,651,19,1.0392396240234374,0.47962242126464844
original,500,20,260930402,8,670,17,0,0,653,17,1.0404229736328126,0.4685554122924805
original,500,20,260930402,9,670,17,0,0,653,17,1.0391026611328125,0.4724624252319336
original,500,20,260930402,10,670,19,0,0,651,19,1.041766845703125,0.4781437301635742
original,500,20,260930402,11,670,19,0,0,651,19,1.0337935791015624,0.4720851135253906
original,500,20,260930402,12,670,17,0,0,653,17,1.0360067138671876,0.479199104309082
original,500,20,260930402,13,670,18,0,0,652,18,1.04441357421875,0.4793280792236328
original,500,20,260930402,14,670,18,0,0,652,18,1.0399149169921875,0.47965824127197265
original,500,20,260930402,15,670,18,0,0,652,18,1.044857666015625,0.47970970153808595
original,500,20,260930402,16,670,17,0,0,653,17,1.041602783203125,0.46725223541259764
original,500,20,260930402,17,670,18,0,0,652,18,1.0438131103515624,0.4710529708862305
original,500,20,260930402,18,670,18,0,0,652,18,1.04105859375,0.4689150619506836
original,500,20,260930402,19,670,18,0,0,652,18,1.0440810546875,0.4708298873901367
original,500,20,260930402,20,670,18,0,0,652,18,1.0362724609375,0.47861270904541015
original,500,20,260930402,21,670,18,0,0,652,18,1.038411376953125,0.4792804718017578
original,500,20,260930402,22,670,19,0,0,651,19,1.045239501953125,0.47853809356689453
original,500,20,260930402,23,670,19,0,0,651,19,1.042787353515625,0.4789280319213867
original,500,20,260930402,24,670,17,0,0,653,17,1.04328173828125,0.46626880645751956
original,500,20,260930402,25,670,18,0,0,652,18,1.0432747802734375,0.47288223266601564
original,500,20,260930402,26,670,19,0,0,651,19,1.038774658203125,0.4772814178466797
original,500,20,260930402,27,670,18,0,0,652,18,1.0443431396484375,0.47831111907958984
original,500,20,260930402,28,670,18,0,0,652,18,1.0424539794921874,0.4747416305541992
original,500,20,260930402,29,670,19,0,0,651,19,1.0436297607421876,0.47584373474121094
original,500,20,260930402,30,670,18,0,0,652,18,1.0449957275390624,0.47907611846923825
original,500,20,260930402,31,670,19,0,0,651,19,1.044483642578125,0.4789870071411133
original,500,20,260930402,32,670,17,0,0,653,17,1.0393084716796874,0.46813858032226563
original,500,20,260930402,33,670,18,0,0,652,18,1.039447265625,0.4680848693847656
original,500,20,260930402,34,670,17,0,0,653,17,1.042992919921875,0.47026279449462893
original,500,20,260930402,35,670,17,0,0,653,17,1.0444287109375,0.4710209655761719
original,500,20,260930402,36,670,17,0,0,653,17,1.039769775390625,0.4789597702026367
original,500,20,260930402,37,670,18,0,0,652,18,1.04143798828125,0.47941730499267576
original,500,20,260930402,38,670,17,0,0,653,17,1.040453125,0.47947322845458984
original,500,20,260930402,39,670,19,0,0,651,19,1.041803466796875,0.4789534378051758
original,500,20,260930402,40,670,16,0,0,654,16,1.040246826171875,0.46847381591796877
original,500,20,260930402,41,670,17,0,0,653,17,1.0427987060546875,0.46998889923095705
original,500,20,260930402,42,670,16,0,0,654,16,1.044879638671875,0.4711558151245117
original,500,20,260930402,43,670,19,0,0,651,19,1.0417833251953126,0.47431617736816406
original,500,20,260930402,44,670,17,0,0,653,17,1.04016943359375,0.47939922332763674
original,500,20,260930402,45,670,19,0,0,651,19,1.042408935546875,0.4744249725341797
original,500,20,260930402,46,670,19,0,0,651,19,1.0447528076171875,0.47770076751708984
original,500,20,260930402,47,670,20,0,0,650,20,1.0446610107421874,0.4781832504272461
original,500,20,260930402,48,670,16,0,0,654,16,1.04028857421875,0.4686115264892578
original,500,20,260930402,49,670,16,0,0,654,16,1.039986083984375,0.4684992980957031
original,500,20,260930402,50,670,16,0,0,654,16,1.0394373779296875,0.4683088302612305
original,500,20,260930402,51,670,17,0,0,653,17,1.0399508056640625,0.4685016632080078
original,500,20,260930402,52,670,18,0,0,652,18,1.0435,0.4706101989746094
original,500,20,260930402,53,670,18,0,0,652,18,1.0420965576171874,0.4721336364746094
original,500,20,260930402,54,670,19,0,0,651,19,1.034600341796875,0.47708736419677733
original,500,20,260930402,55,670,17,0,0,653,17,1.0408936767578125,0.4776726150512695
original,500,20,260930402,56,670,17,0,0,653,17,1.03963671875,0.4682991409301758
original,500,20,260930402,57,670,17,0,0,653,17,1.04218408203125,0.4714815902709961
original,500,20,260930402,58,670,17,0,0,653,17,1.0449937744140625,0.4712997055053711
original,500,20,260930402,59,670,18,0,0,652,18,1.0439560546875,0.4786027145385742
original,500,20,260930402,60,670,17,0,0,653,17,1.0387845458984375,0.4793411636352539
original,500,20,260930402,61,670,17,0,0,653,17,1.0362178955078125,0.4783698272705078
original,500,20,260930402,62,670,18,0,0,652,18,1.0344964599609374,0.4731942367553711
original,500,20,260930402,63,670,18,0,0,652,18,1.0361326904296875,0.479112548828125
original,1000,20,260930402,0,670,5,0,0,665,5,1.0143740234375,0.3349022165934245
original,1000,20,260930402,1,670,5,0,0,665,5,1.0253927408854167,0.33717826843261717
original,1000,20,260930402,2,670,5,0,0,665,5,1.0286437174479166,0.33399688720703125
original,1000,20,260930402,3,670,6,0,0,664,6,1.0313124186197917,0.3421515401204427
original,1000,20,260930402,4,670,7,0,0,663,7,1.0175791829427083,0.33603304545084633
original,1000,20,260930402,5,670,7,0,0,663,7,1.0277986653645834,0.33838976542154947
original,1000,20,260930402,6,670,7,0,0,663,7,1.029434326171875,0.3384344482421875
original,1000,20,260930402,7,670,7,0,0,663,7,1.0282305501302083,0.34155186971028645
original,1000,20,260930402,8,670,5,0,0,665,5,1.0277216796875,0.33634554545084633
original,1000,20,260930402,9,670,6,0,0,664,6,1.0265384114583334,0.3384879557291667
original,1000,20,260930402,10,670,7,0,0,663,7,1.01990966796875,0.3353532918294271
original,1000,20,260930402,11,670,7,0,0,663,7,1.0230154622395833,0.3374609375
original,1000,20,260930402,12,670,7,0,0,663,7,1.0316909993489582,0.3412000274658203
original,1000,20,260930402,13,670,7,0,0,663,7,1.02910400390625,0.3419568634033203
original,1000,20,260930402,14,670,5,0,0,665,5,1.0287303059895834,0.33735153198242185
original,1000,20,260930402,15,670,6,0,0,664,6,1.0291253255208332,0.33472124735514325
original,1000,20,260930402,16,670,6,0,0,664,6,1.01863916015625,0.33595667521158856
original,1000,20,260930402,17,670,5,0,0,665,5,1.018287841796875,0.3343079630533854
original,1000,20,260930402,18,670,6,0,0,664,6,1.0274407552083333,0.33780789693196617
original,1000,20,260930402,19,670,6,0,0,664,6,1.031847412109375,0.3398657735188802
original,1000,20,260930402,20,670,7,0,0,663,7,1.0240159505208333,0.3349720001220703
original,1000,20,260930402,21,670,6,0,0,664,6,1.027178466796875,0.3354967498779297
original,1000,20,260930402,22,670,7,0,0,663,7,1.0234694010416667,0.33545705159505207
original,1000,20,260930402,23,670,7,0,0,663,7,1.0213954264322918,0.3365758514404297
original,1000,20,260930402,24,670,5,0,0,665,5,1.0170996907552083,0.3362177530924479
original,1000,20,260930402,25,670,7,0,0,663,7,1.0254842936197917,0.33829925537109373
original,1000,20,260930402,26,670,6,0,0,664,6,1.027407470703125,0.33405853271484376
original,1000,20,260930402,27,670,6,0,0,664,6,1.0300900065104166,0.33984364827473956
original,1000,20,260930402,28,670,6,0,0,664,6,1.0269422200520832,0.3386297861735026
original,1000,20,260930402,29,670,7,0,0,663,7,1.026102783203125,0.33795191446940104
original,1000,20,260930402,30,670,7,0,0,663,7,1.031399658203125,0.3361253356933594
original,1000,20,260930402,31,670,7,0,0,663,7,1.0313329264322917,0.33959917704264325
original,1000,20,260930402,32,670,6,0,0,664,6,1.0268334147135416,0.3392847696940104
original,1000,20,260930402,33,670,5,0,0,665,5,1.0247110188802084,0.3343886566162109
original,1000,20,260930402,34,670,7,0,0,663,7,1.0264476725260416,0.33754150390625
original,1000,20,260930402,35,670,6,0,0,664,6,1.0310664876302083,0.3395995585123698
original,1000,20,260930402,36,670,6,0,0,664,6,1.0295861002604167,0.34008476257324216
original,1000,20,260930402,37,670,8,0,0,662,8,1.0189239095052083,0.3346378326416016
original,1000,20,260930402,38,670,6,0,0,664,6,1.031275146484375,0.34268821716308595
original,1000,20,260930402,39,670,7,0,0,663,7,1.0301102701822917,0.3344954172770182
original,1000,20,260930402,40,670,5,0,0,665,5,1.0031497395833333,0.33467191060384116
original,1000,20,260930402,41,670,6,0,0,664,6,1.02124267578125,0.33604947408040364
original,1000,20,260930402,42,670,6,0,0,664,6,1.027110595703125,0.33846842447916664
original,1000,20,260930402,43,670,7,0,0,663,7,1.02349169921875,0.3372678375244141
original,1000,20,260930402,44,670,5,0,0,665,5,1.0227168782552083,0.33525533040364586
original,1000,20,260930402,45,670,7,0,0,663,7,1.01839794921875,0.3347539520263672
original,1000,20,260930402,46,670,6,0,0,664,6,1.030924072265625,0.3395020294189453
original,1000,20,260930402,47,670,7,0,0,663,7,1.03037060546875,0.3393403625488281
original,1000,20,260930402,48,670,5,0,0,665,5,1.0295918782552083,0.33971460978190104
original,1000,20,260930402,49,670,5,0,0,665,5,1.0273929850260417,0.3388766225179036
original,1000,20,260930402,50,670,4,0,0,666,4,1.0235199381510416,0.3377915700276693
original,1000,20,260930402,51,670,4,0,0,666,4,1.0272703450520833,0.33901583353678383
original,1000,20,260930402,52,670,6,0,0,664,6,1.0307120768229168,0.3370375061035156
original,1000,20,260930402,53,670,6,0,0,664,6,1.0210545247395832,0.33466707865397133
original,1000,20,260930402,54,670,5,0,0,665,5,1.0205677897135417,0.3347683970133464
original,1000,20,260930402,55,670,5,0,0,665,5,1.02434130859375,0.3347977956136068
original,1000,20,260930402,56,670,6,0,0,664,6,1.0267040201822917,0.3386735534667969
original,1000,20,260930402,57,670,6,0,0,664,6,1.0185797526041667,0.3337916819254557
original,1000,20,260930402,58,670,5,0,0,665,5,1.009859619140625,0.3341230010986328
original,1000,20,260930402,59,670,4,0,0,666,4,1.03194970703125,0.3400385284423828
original,1000,20,260930402,60,670,5,0,0,665,5,1.0313623860677084,0.33441980997721354
original,1000,20,260930402,61,670,4,0,0,666,4,1.0251826171875,0.3334478759765625
original,1000,20,260930402,62,670,6,0,0,664,6,1.0215867513020833,0.33379269917805987
original,1000,20,260930402,63,670,6,0,0,664,6,1.022215087890625,0.3318379465738932
original,1500,20,260930402,0,670,3,0,0,667,3,1.0220686848958334,0.24798533121744792
original,1500,20,260930402,1,670,4,0,0,666,4,1.0168120930989584,0.24858802795410156
original,1500,20,260930402,2,670,5,0,0,665,5,1.0160873209635417,0.24612200419108074
original,1500,20,260930402,3,670,5,0,0,665,5,1.0214169921875,0.24761248270670572
original,1500,20,260930402,4,670,5,0,0,665,5,1.0216729329427083,0.2487982177734375
original,1500,20,260930402,5,670,6,0,0,664,6,1.0140777180989584,0.24497650146484376
original,1500,20,260930402,6,670,5,0,0,665,5,1.0207923990885417,0.2477398173014323
original,1500,20,260930402,7,670,6,0,0,664,6,1.0214524739583333,0.24785565694173178
original,1500,20,260930402,8,670,3,0,0,667,3,1.0114342447916667,0.2482245127360026
original,1500,20,260930402,9,670,4,0,0,666,4,1.0186199544270833,0.246844482421875
original,1500,20,260930402,10,670,5,0,0,665,5,1.012706298828125,0.24839319864908854
original,1500,20,260930402,11,670,5,0,0,665,5,1.011692138671875,0.24650489807128906
original,1500,20,260930402,12,670,4,0,0,666,4,1.0218116861979167,0.2485503896077474
original,1500,20,260930402,13,670,5,0,0,665,5,1.02120361328125,0.24856315612792967
original,1500,20,260930402,14,670,5,0,0,665,5,1.01806591796875,0.24777615865071614
original,1500,20,260930402,15,670,5,0,0,665,5,1.02134326171875,0.24856941223144532
original,1500,20,260930402,16,670,3,0,0,667,3,1.005443115234375,0.24504313151041668
original,1500,20,260930402,17,670,4,0,0,666,4,1.0084913736979166,0.24688837687174478
original,1500,20,260930402,18,670,4,0,0,666,4,1.0126363932291667,0.24776199340820312
original,1500,20,260930402,19,670,3,0,0,667,3,1.0218382161458333,0.24770779927571615
original,1500,20,260930402,20,670,6,0,0,664,6,1.0196158040364582,0.24715296427408853
original,1500,20,260930402,21,670,5,0,0,665,5,1.01809912109375,0.2480640157063802
original,1500,20,260930402,22,670,5,0,0,665,5,1.01414013671875,0.2467231241861979
original,1500,20,260930402,23,670,5,0,0,665,5,1.0214148763020834,0.24780367533365885
original,1500,20,260930402,24,670,3,0,0,667,3,1.017406005859375,0.24841275533040363
original,1500,20,260930402,25,670,3,0,0,667,3,1.01524169921875,0.245670166015625
original,1500,20,260930402,26,670,5,0,0,665,5,1.022873291015625,0.24884142557779948
original,1500,20,260930402,27,670,5,0,0,665,5,1.0115843912760416,0.24643346150716147
original,1500,20,260930402,28,670,4,0,0,666,4,1.0226503092447916,0.2473448944091797
original,1500,20,260930402,29,670,5,0,0,665,5,1.0136607259114583,0.24380276997884115
original,1500,20,260930402,30,670,6,0,0,664,6,1.018062255859375,0.247987060546875
original,1500,20,260930402,31,670,5,0,0,665,5,1.0228837890625,0.2473023986816406
original,1500,20,260930402,32,670,3,0,0,667,3,1.0208223470052082,0.24798848470052084
original,1500,20,260930402,33,670,4,0,0,666,4,1.0097195638020833,0.2471746826171875
original,1500,20,260930402,34,670,4,0,0,666,4,1.02361328125,0.24883171081542968
original,1500,20,260930402,35,670,3,0,0,667,3,1.0194763997395833,0.24713940938313803
original,1500,20,260930402,36,670,5,0,0,665,5,1.0203074544270834,0.24711878458658854
original,1500,20,260930402,37,670,4,0,0,666,4,1.0203809407552082,0.24735585530598958
original,1500,20,260930402,38,670,5,0,0,665,5,1.02209619140625,0.24877054850260416
original,1500,20,260930402,39,670,5,0,0,665,5,1.0212168782552082,0.24749249776204427
original,1500,20,260930402,40,670,4,0,0,666,4,1.014927490234375,0.24764030456542968
original,1500,20,260930402,41,670,4,0,0,666,4,1.0166653645833332,0.24851615905761718
original,1500,20,260930402,42,670,5,0,0,665,5,1.0157747395833334,0.2473925272623698
original,1500,20,260930402,43,670,3,0,0,667,3,1.014787109375,0.24634330749511718
original,1500,20,260930402,44,670,5,0,0,665,5,1.0203633626302084,0.24836573282877605
original,1500,20,260930402,45,670,5,0,0,665,5,1.014474609375,0.24665924072265624
original,1500,20,260930402,46,670,5,0,0,665,5,1.0180809733072917,0.24671407063802084
original,1500,20,260930402,47,670,5,0,0,665,5,1.0219453125,0.24644866943359375
original,1500,20,260930402,48,670,3,0,0,667,3,1.0051879069010417,0.2458721415201823
original,1500,20,260930402,49,670,3,0,0,667,3,1.020465576171875,0.24787991841634113
original,1500,20,260930402,50,670,3,0,0,667,3,1.0167555338541667,0.246868896484375
original,1500,20,260930402,51,670,4,0,0,666,4,1.0229786783854167,0.24847030639648438
original,1500,20,260930402,52,670,3,0,0,667,3,1.0074497884114584,0.24585118611653645
original,1500,20,260930402,53,670,3,0,0,667,3,1.0163441569010416,0.2463402303059896
original,1500,20,260930402,54,670,4,0,0,666,4,1.0230335286458334,0.24819491068522134
original,1500,20,260930402,55,670,5,0,0,665,5,1.0184252115885417,0.24633041381835938
original,1500,20,260930402,56,670,4,0,0,666,4,1.014277099609375,0.2449208068847656
original,1500,20,260930402,57,670,2,0,0,668,2,1.02159375,0.24766716003417968
original,1500,20,260930402,58,670,4,0,0,666,4,1.0206971028645833,0.24730339050292968
original,1500,20,260930402,59,670,3,0,0,667,3,1.01337060546875,0.2463086954752604
original,1500,20,260930402,60,670,3,0,0,667,3,1.0218397623697917,0.24740709940592448
original,1500,20,260930402,61,670,4,0,0,666,4,1.0160940755208334,0.2454224650065104
original,1500,20,260930402,62,670,3,0,0,667,3,1.013773193359375,0.24172856648763022
original,1500,20,260930402,63,670,4,0,0,666,4,1.0162498372395834,0.24585342407226562
original,500,20,260930403,0,670,18,0,0,652,18,1.0389073486328124,0.46598224639892577
original,500,20,260930403,1,670,17,0,0,653,17,1.04412158203125,0.4707996368408203
original,500,20,260930403,2,670,17,0,0,653,17,1.03914599609375,0.4777760696411133
original,500,20,260930403,3,670,18,0,0,652,18,1.0432449951171876,0.479383544921875
original,500,20,260930403,4,670,19,0,0,651,19,1.0372340087890626,0.478061637878418
original,500,20,260930403,5,670,20,0,0,650,20,1.0432401123046875,0.47682537078857423
original,500,20,260930403,6,670,20,0,0,650,20,1.0393690185546876,0.47966995239257815
original,500,20,260930403,7,670,19,0,0,651,19,1.0392431640625,0.4796234130859375
original,500,20,260930403,8,670,17,0,0,653,17,1.0407518310546875,0.4684888458251953
original,500,20,260930403,9,670,18,0,0,652,18,1.0430238037109374,0.4679642868041992
original,500,20,260930403,10,670,18,0,0,652,18,1.0341380615234375,0.4727262878417969
original,500,20,260930403,11,670,18,0,0,652,18,1.0329248046875,0.4792214584350586
original,500,20,260930403,12,670,17,0,0,653,17,1.0388486328125,0.47930107116699217
original,500,20,260930403,13,670,18,0,0,652,18,1.045135009765625,0.47971153259277344
original,500,20,260930403,14,670,18,0,0,652,18,1.040248291015625,0.47965641021728517
original,500,20,260930403,15,670,18,0,0,652,18,1.0443607177734375,0.4797102737426758
original,500,20,260930403,16,670,16,0,0,654,16,1.0431290283203125,0.46698986053466796
original,500,20,260930403,17,670,17,0,0,653,17,1.043430908203125,0.47082489013671874
original,500,20,260930403,18,670,17,0,0,653,17,1.0388526611328126,0.4681130599975586
original,500,20,260930403,19,670,18,0,0,652,18,1.044403076171875,0.4797686767578125
original,500,20,260930403,20,670,19,0,0,651,19,1.0440904541015625,0.4790301513671875
original,500,20,260930403,21,670,18,0,0,652,18,1.0410338134765624,0.4792455291748047
original,500,20,260930403,22,670,18,0,0,652,18,1.045214111328125,0.47895179748535155
original,500,20,260930403,23,670,18,0,0,652,18,1.042751220703125,0.4792676544189453
original,500,20,260930403,24,670,17,0,0,653,17,1.0432813720703125,0.4662688446044922
original,500,20,260930403,25,670,18,0,0,652,18,1.042816162109375,0.47023357391357423
original,500,20,260930403,26,670,17,0,0,653,17,1.03829833984375,0.468253059387207
original,500,20,260930403,27,670,18,0,0,652,18,1.039592529296875,0.47879508972167967
original,500,20,260930403,28,670,19,0,0,651,19,1.0427064208984376,0.4761056900024414
original,500,20,260930403,29,670,20,0,0,650,20,1.043584716796875,0.47738826751708985
original,500,20,260930403,30,670,18,0,0,652,18,1.0449654541015625,0.4789202880859375
original,500,20,260930403,31,670,19,0,0,651,19,1.0442884521484375,0.4789730453491211
original,500,20,260930403,32,670,16,0,0,654,16,1.03863232421875,0.46773002624511717
original,500,20,260930403,33,670,18,0,0,652,18,1.041726806640625,0.4663417053222656
original,500,20,260930403,34,670,17,0,0,653,17,1.04149658203125,0.46923179626464845
original,500,20,260930403,35,670,18,0,0,652,18,1.0446683349609376,0.4711769104003906
original,500,20,260930403,36,670,18,0,0,652,18,1.0389658203125,0.47907218933105467
original,500,20,260930403,37,670,18,0,0,652,18,1.0418809814453125,0.4790285873413086
original,500,20,260930403,38,670,18,0,0,652,18,1.0449046630859375,0.47865386962890627
original,500,20,260930403,39,670,18,0,0,652,18,1.040549560546875,0.4790573501586914
original,500,20,260930403,40,670,17,0,0,653,17,1.0403992919921874,0.46863975524902346
original,500,20,260930403,41,670,17,0,0,653,17,1.0428035888671876,0.469967041015625
original,500,20,260930403,42,670,18,0,0,652,18,1.04533984375,0.471448974609375
original,500,20,260930403,43,670,18,0,0,652,18,1.0404576416015625,0.47524295806884764
original,500,20,260930403,44,670,17,0,0,653,17,1.040241943359375,0.4793993377685547
original,500,20,260930403,45,670,18,0,0,652,18,1.0343441162109375,0.47888282775878904
original,500,20,260930403,46,670,18,0,0,652,18,1.0447525634765624,0.4780574798583984
original,500,20,260930403,47,670,18,0,0,652,18,1.044692138671875,0.4782086181640625
original,500,20,260930403,48,670,16,0,0,654,16,1.039378173828125,0.46810062408447267
original,500,20,260930403,49,670,16,0,0,654,16,1.0406634521484375,0.46886459350585935
original,500,20,260930403,50,670,17,0,0,653,17,1.03926611328125,0.4681195068359375
original,500,20,260930403,51,670,16,0,0,654,16,1.0424547119140626,0.47848163604736327
original,500,20,260930403,52,670,17,0,0,653,17,1.0439830322265624,0.4708869552612305
original,500,20,260930403,53,670,17,0,0,653,17,1.0452828369140625,0.4759888458251953
original,500,20,260930403,54,670,17,0,0,653,17,1.0401390380859374,0.4776044464111328
original,500,20,260930403,55,670,18,0,0,652,18,1.0346954345703125,0.4776229476928711
original,500,20,260930403,56,670,17,0,0,653,17,1.037331787109375,0.4661624526977539
original,500,20,260930403,57,670,17,0,0,653,17,1.04218310546875,0.46967586517333987
original,500,20,260930403,58,670,17,0,0,653,17,1.043578857421875,0.47047061920166017
original,500,20,260930403,59,670,17,0,0,653,17,1.045045166015625,0.47931877136230466
original,500,20,260930403,60,670,17,0,0,653,17,1.038768798828125,0.47883823394775393
original,500,20,260930403,61,670,18,0,0,652,18,1.03670703125,0.47920955657958986
original,500,20,260930403,62,670,19,0,0,651,19,1.0383394775390624,0.4776578903198242
original,500,20,260930403,63,670,18,0,0,652,18,1.03726025390625,0.4792869186401367
original,1000,20,260930403,0,670,6,0,0,664,6,1.029439208984375,0.33669731140136716
original,1000,20,260930403,1,670,5,0,0,665,5,1.0245806477864583,0.33717130025227865
original,1000,20,260930403,2,670,6,0,0,664,6,1.0314541015625,0.33484517415364584
original,1000,20,260930403,3,670,5,0,0,665,5,1.023591796875,0.3332005055745443
original,1000,20,260930403,4,670,7,0,0,663,7,1.0299156087239583,0.33598663330078127
original,1000,20,260930403,5,670,7,0,0,663,7,1.0282328287760416,0.3384990692138672
original,1000,20,260930403,6,670,7,0,0,663,7,1.0290769856770834,0.34207954406738283
original,1000,20,260930403,7,670,7,0,0,663,7,1.0282378743489584,0.3415612538655599
original,1000,20,260930403,8,670,5,0,0,665,5,1.0138003743489583,0.33494064331054685
original,1000,20,260930403,9,670,6,0,0,664,6,1.026103759765625,0.33825037638346356
original,1000,20,260930403,10,670,7,0,0,663,7,1.0277465006510416,0.3380541737874349
original,1000,20,260930403,11,670,7,0,0,663,7,1.0285282389322916,0.3376453908284505
original,1000,20,260930403,12,670,7,0,0,663,7,1.02676953125,0.34116246541341144
original,1000,20,260930403,13,670,6,0,0,664,6,1.0291551920572917,0.3349004109700521
original,1000,20,260930403,14,670,5,0,0,665,5,1.028715087890625,0.33739166259765624
original,1000,20,260930403,15,670,6,0,0,664,6,1.02913134765625,0.334634272257487
original,1000,20,260930403,16,670,4,0,0,666,4,1.018367431640625,0.33670257568359374
original,1000,20,260930403,17,670,4,0,0,666,4,1.0137399088541668,0.33360623677571616
original,1000,20,260930403,18,670,5,0,0,665,5,1.0286402994791666,0.3380178070068359
original,1000,20,260930403,19,670,6,0,0,664,6,1.032084228515625,0.33991668701171873
original,1000,20,260930403,20,670,6,0,0,664,6,1.0210458984375,0.3349414825439453
original,1000,20,260930403,21,670,6,0,0,664,6,1.0230428059895833,0.3351249694824219
original,1000,20,260930403,22,670,6,0,0,664,6,1.0241494140625,0.33459935506184896
original,1000,20,260930403,23,670,7,0,0,663,7,1.027722412109375,0.33654988606770836
original,1000,20,260930403,24,670,5,0,0,665,5,1.0159427897135416,0.3362183634440104
original,1000,20,260930403,25,670,5,0,0,665,5,1.023787841796875,0.3380665842692057
original,1000,20,260930403,26,670,5,0,0,665,5,1.015484375,0.3353650156656901
original,1000,20,260930403,27,670,7,0,0,663,7,1.031496337890625,0.34000996907552083
original,1000,20,260930403,28,670,7,0,0,663,7,1.0298362630208333,0.3363545989990234
original,1000,20,260930403,29,670,6,0,0,664,6,1.0300045572916667,0.33790578206380206
original,1000,20,260930403,30,670,8,0,0,662,8,1.0274542643229168,0.33762977600097654
original,1000,20,260930403,31,670,7,0,0,663,7,1.0317474772135418,0.339672368367513
original,1000,20,260930403,32,670,4,0,0,666,4,1.024568115234375,0.3381292724609375
original,1000,20,260930403,33,670,5,0,0,665,5,1.018033447265625,0.33553164164225263
original,1000,20,260930403,34,670,6,0,0,664,6,1.0293472493489584,0.33755289713541664
original,1000,20,260930403,35,670,6,0,0,664,6,1.0313096516927083,0.3396570332845052
original,1000,20,260930403,36,670,5,0,0,665,5,1.029685791015625,0.3400742848714193
original,1000,20,260930403,37,670,7,0,0,663,7,1.0290352376302083,0.33733675638834637
original,1000,20,260930403,38,670,5,0,0,665,5,1.0156298014322918,0.33581197102864585
original,1000,20,260930403,39,670,7,0,0,663,7,1.03235009765625,0.34065572102864583
original,1000,20,260930403,40,670,6,0,0,664,6,1.017397216796875,0.33565452575683596
original,1000,20,260930403,41,670,7,0,0,663,7,1.0187892252604167,0.3358380126953125
original,1000,20,260930403,42,670,5,0,0,665,5,1.0298304850260416,0.3390070088704427
original,1000,20,260930403,43,670,6,0,0,664,6,1.0304639485677083,0.33617952982584637
original,1000,20,260930403,44,670,5,0,0,665,5,1.0227123209635416,0.33525077819824217
original,1000,20,260930403,45,670,6,0,0,664,6,1.0189462076822917,0.3347667185465495
original,1000,20,260930403,46,670,7,0,0,663,7,1.0309230143229167,0.33950174967447916
original,1000,20,260930403,47,670,7,0,0,663,7,1.0304496256510416,0.3393590291341146
original,1000,20,260930403,48,670,4,0,0,666,4,1.0318380533854166,0.3404669189453125
original,1000,20,260930403,49,670,5,0,0,665,5,1.0298841145833333,0.3393883768717448
original,1000,20,260930403,50,670,4,0,0,666,4,1.0245626627604167,0.3382796478271484
original,1000,20,260930403,51,670,4,0,0,666,4,1.0185369466145833,0.33338356018066406
original,1000,20,260930403,52,670,6,0,0,664,6,1.029823486328125,0.3379467010498047
original,1000,20,260930403,53,670,6,0,0,664,6,1.0192345377604166,0.3345670064290365
original,1000,20,260930403,54,670,6,0,0,664,6,1.03055517578125,0.33630625406901044
original,1000,20,260930403,55,670,5,0,0,665,5,1.0271165364583332,0.33477343241373697
original,1000,20,260930403,56,670,4,0,0,666,4,1.0267765299479166,0.3358557383219401
original,1000,20,260930403,57,670,6,0,0,664,6,1.0182779947916667,0.333787841796875
original,1000,20,260930403,58,670,4,0,0,666,4,1.0317849934895833,0.339786376953125
original,1000,20,260930403,59,670,5,0,0,665,5,1.0309095052083332,0.3398640696207682
original,1000,20,260930403,60,670,5,0,0,665,5,1.0280369466145833,0.3333109029134115
original,1000,20,260930403,61,670,4,0,0,666,4,1.0271866048177083,0.3317822265625
original,1000,20,260930403,62,670,6,0,0,664,6,1.0211033528645834,0.3354070790608724
original,1000,20,260930403,63,670,5,0,0,665,5,1.0227762858072917,0.332913080851237
original,1500,20,260930403,0,670,4,0,0,666,4,1.0194431966145834,0.2489276123046875
original,1500,20,260930403,1,670,4,0,0,666,4,1.0169397786458334,0.24860211690266928
original,1500,20,260930403,2,670,5,0,0,665,5,1.0138563639322917,0.247152837117513
original,1500,20,260930403,3,670,4,0,0,666,4,1.0230899251302084,0.24785855611165364
original,1500,20,260930403,4,670,5,0,0,665,5,1.02173486328125,0.248788324991862
original,1500,20,260930403,5,670,6,0,0,664,6,1.0220074055989583,0.24530253092447918
original,1500,20,260930403,6,670,5,0,0,665,5,1.02091015625,0.24776639302571615
original,1500,20,260930403,7,670,6,0,0,664,6,1.02146337890625,0.24785809834798178
original,1500,20,260930403,8,670,3,0,0,667,3,1.0105764973958333,0.24813265482584634
original,1500,20,260930403,9,670,4,0,0,666,4,1.019212890625,0.24833208719889324
original,1500,20,260930403,10,670,4,0,0,666,4,1.0162061360677084,0.24671058654785155
original,1500,20,260930403,11,670,4,0,0,666,4,1.0193998209635418,0.24657610575358072
original,1500,20,260930403,12,670,5,0,0,665,5,1.022247314453125,0.2485973866780599
original,1500,20,260930403,13,670,5,0,0,665,5,1.0213090006510417,0.24857096354166666
original,1500,20,260930403,14,670,5,0,0,665,5,1.0179986165364583,0.24776044209798176
original,1500,20,260930403,15,670,5,0,0,665,5,1.0213606770833332,0.2485791015625
original,1500,20,260930403,16,670,3,0,0,667,3,1.00732275390625,0.24420338948567707
original,1500,20,260930403,17,670,3,0,0,667,3,1.00334375,0.24193717956542968
original,1500,20,260930403,18,670,3,0,0,667,3,1.0133638509114584,0.24561129252115885
original,1500,20,260930403,19,670,4,0,0,666,4,1.0221067708333333,0.2477678680419922
original,1500,20,260930403,20,670,6,0,0,664,6,1.0217490234375,0.24754826863606771
original,1500,20,260930403,21,670,4,0,0,666,4,1.023076904296875,0.24878395080566407
original,1500,20,260930403,22,670,5,0,0,665,5,1.0178777669270833,0.24698465983072918
original,1500,20,260930403,23,670,4,0,0,666,4,1.0213163248697916,0.24770479838053386
original,1500,20,260930403,24,670,4,0,0,666,4,1.016538330078125,0.2483568827311198
original,1500,20,260930403,25,670,3,0,0,667,3,1.011644287109375,0.24535235087076823
original,1500,20,260930403,26,670,4,0,0,666,4,1.0160154622395834,0.24839421590169272
original,1500,20,260930403,27,670,4,0,0,666,4,1.0173638509114584,0.24741190592447918
original,1500,20,260930403,28,670,5,0,0,665,5,1.01943701171875,0.24419405619303386
original,1500,20,260930403,29,670,5,0,0,665,5,1.0202876790364583,0.24379857381184897
original,1500,20,260930403,30,670,6,0,0,664,6,1.01593408203125,0.24691324869791667
original,1500,20,260930403,31,670,6,0,0,664,6,1.0227172037760417,0.24735430399576822
original,1500,20,260930403,32,670,3,0,0,667,3,1.011361328125,0.24542493184407552
original,1500,20,260930403,33,670,3,0,0,667,3,1.0176432291666666,0.24814666748046876
original,1500,20,260930403,34,670,3,0,0,667,3,1.0214934895833334,0.24856348673502604
original,1500,20,260930403,35,670,3,0,0,667,3,1.0198108723958332,0.24721916198730468
original,1500,20,260930403,36,670,5,0,0,665,5,1.022284423828125,0.24675684611002605
original,1500,20,260930403,37,670,4,0,0,666,4,1.0194300944010417,0.24746721903483074
original,1500,20,260930403,38,670,4,0,0,666,4,1.0135575358072917,0.24831865946451823
original,1500,20,260930403,39,670,6,0,0,664,6,1.0146279296875,0.24665283203125
original,1500,20,260930403,40,670,5,0,0,665,5,1.01311865234375,0.24799313863118488
original,1500,20,260930403,41,670,4,0,0,666,4,1.0160331217447918,0.24830479939778646
original,1500,20,260930403,42,670,4,0,0,666,4,1.02060791015625,0.2474309794108073
original,1500,20,260930403,43,670,4,0,0,666,4,1.0181212565104167,0.24756434122721355
original,1500,20,260930403,44,670,5,0,0,665,5,1.020318603515625,0.24836046854654947
original,1500,20,260930403,45,670,5,0,0,665,5,1.0191700846354166,0.24667701721191407
original,1500,20,260930403,46,670,5,0,0,665,5,1.0181263834635417,0.24672658284505208
original,1500,20,260930403,47,670,5,0,0,665,5,1.0201678873697917,0.24667457580566407
original,1500,20,260930403,48,670,3,0,0,667,3,1.008936767578125,0.24680035909016926
original,1500,20,260930403,49,670,3,0,0,667,3,1.0226168619791667,0.24836669921875
original,1500,20,260930403,50,670,3,0,0,667,3,1.0187791341145833,0.2474767812093099
original,1500,20,260930403,51,670,4,0,0,666,4,1.0134171549479167,0.2465339152018229
original,1500,20,260930403,52,670,3,0,0,667,3,1.0218457845052082,0.24602737426757812
original,1500,20,260930403,53,670,3,0,0,667,3,1.0132350260416667,0.24616406758626302
original,1500,20,260930403,54,670,4,0,0,666,4,1.0169534505208333,0.24610585530598958
original,1500,20,260930403,55,670,5,0,0,665,5,1.0231885579427082,0.24718289693196616
original,1500,20,260930403,56,670,3,0,0,667,3,1.006238525390625,0.2398993174235026
original,1500,20,260930403,57,670,3,0,0,667,3,1.02159619140625,0.2476678721110026
original,1500,20,260930403,58,670,4,0,0,666,4,1.0127110188802084,0.24633204142252604
original,1500,20,260930403,59,670,4,0,0,666,4,1.01987451171875,0.24838488260904948
original,1500,20,260930403,60,670,4,0,0,666,4,1.0214151204427084,0.24703699747721355
original,1500,20,260930403,61,670,4,0,0,666,4,1.021191162109375,0.2474841054280599
original,1500,20,260930403,62,670,5,0,0,665,5,1.0174430338541667,0.24579495747884114
original,1500,20,260930403,63,670,4,0,0,666,4,1.0182442220052084,0.24670084635416667
original,500,5,260930401,0,670,18,0,0,652,18,1.0446043701171874,0.48642959594726565
original,500,5,260930401,1,670,20,0,0,650,20,1.0388946533203125,0.4932594299316406
original,500,5,260930401,2,670,21,0,0,649,21,1.03286376953125,0.48586650848388674
original,500,5,260930401,3,670,22,0,0,648,22,1.036177490234375,0.4964090728759766
original,500,5,260930401,4,670,22,0,0,648,22,1.0380587158203125,0.4960854721069336
original,500,5,260930401,5,670,21,0,0,649,21,1.0367725830078125,0.49645534515380857
original,500,5,260930401,6,670,21,0,0,649,21,1.037836181640625,0.49929908752441404
original,500,5,260930401,7,670,22,0,0,648,22,1.0424749755859375,0.49737071990966797
original,500,5,260930401,8,670,19,0,0,651,19,1.0436217041015625,0.4820100402832031
original,500,5,260930401,9,670,20,0,0,650,20,1.0459844970703125,0.48777362823486325
original,500,5,260930401,10,670,21,0,0,649,21,1.03355078125,0.4866466903686523
original,500,5,260930401,11,670,20,0,0,650,20,1.0389210205078125,0.48768470764160154
original,500,5,260930401,12,670,21,0,0,649,21,1.0425035400390625,0.4868882369995117
original,500,5,260930401,13,670,21,0,0,649,21,1.0363515625,0.49693534851074217
original,500,5,260930401,14,670,22,0,0,648,22,1.030282958984375,0.4988349151611328
original,500,5,260930401,15,670,21,0,0,649,21,1.0333824462890624,0.4994384765625
original,500,5,260930401,16,670,20,0,0,650,20,1.0453468017578125,0.4851984024047852
original,500,5,260930401,17,670,20,0,0,650,20,1.044727294921875,0.4861105728149414
original,500,5,260930401,18,670,20,0,0,650,20,1.0393043212890625,0.4893659210205078
original,500,5,260930401,19,670,21,0,0,649,21,1.0362469482421874,0.48755619049072263
original,500,5,260930401,20,670,21,0,0,649,21,1.04424169921875,0.4986345672607422
original,500,5,260930401,21,670,22,0,0,648,22,1.041203125,0.4884355926513672
original,500,5,260930401,22,670,21,0,0,649,21,1.0329425048828125,0.49868919372558596
original,500,5,260930401,23,670,21,0,0,649,21,1.03125341796875,0.4905539321899414
original,500,5,260930401,24,670,18,0,0,652,18,1.0430501708984374,0.48631237030029295
original,500,5,260930401,25,670,20,0,0,650,20,1.0434661865234376,0.4856275939941406
original,500,5,260930401,26,670,21,0,0,649,21,1.037121826171875,0.49928524017333986
original,500,5,260930401,27,670,22,0,0,648,22,1.0321719970703125,0.4882814407348633
original,500,5,260930401,28,670,21,0,0,649,21,1.045443115234375,0.48558597564697265
original,500,5,260930401,29,670,22,0,0,648,22,1.045083740234375,0.4897408294677734
original,500,5,260930401,30,670,22,0,0,648,22,1.0327352294921874,0.48646068572998047
original,500,5,260930401,31,670,20,0,0,650,20,1.0355450439453124,0.4887192153930664
original,500,5,260930401,32,670,19,0,0,651,19,1.0456644287109376,0.4837240982055664
original,500,5,260930401,33,670,21,0,0,649,21,1.0434327392578124,0.48636680603027344
original,500,5,260930401,34,670,21,0,0,649,21,1.032171630859375,0.48805526733398436
original,500,5,260930401,35,670,20,0,0,650,20,1.0442774658203124,0.49378623962402346
original,500,5,260930401,36,670,20,0,0,650,20,1.044749267578125,0.48601932525634767
original,500,5,260930401,37,670,21,0,0,649,21,1.0440830078125,0.4860775756835938
original,500,5,260930401,38,670,20,0,0,650,20,1.0449132080078125,0.48664241790771484
original,500,5,260930401,39,670,21,0,0,649,21,1.04384619140625,0.49830219268798825
original,500,5,260930401,40,670,18,0,0,652,18,1.0452591552734376,0.4833604049682617
original,500,5,260930401,41,670,21,0,0,649,21,1.0326572265625,0.48814399719238283
original,500,5,260930401,42,670,21,0,0,649,21,1.0376558837890626,0.4879696655273438
original,500,5,260930401,43,670,20,0,0,650,20,1.043224609375,0.4844741439819336
original,500,5,260930401,44,670,21,0,0,649,21,1.0446632080078124,0.48570842742919923
original,500,5,260930401,45,670,20,0,0,650,20,1.0413050537109374,0.48668876647949216
original,500,5,260930401,46,670,22,0,0,648,22,1.0446805419921874,0.4882114028930664
original,500,5,260930401,47,670,21,0,0,649,21,1.035748291015625,0.48783397674560547
original,500,5,260930401,48,670,18,0,0,652,18,1.04137939453125,0.4747495651245117
original,500,5,260930401,49,670,20,0,0,650,20,1.0318868408203126,0.4843718338012695
original,500,5,260930401,50,670,19,0,0,651,19,1.0393280029296874,0.48392772674560547
original,500,5,260930401,51,670,19,0,0,651,19,1.033416259765625,0.48407535552978515
original,500,5,260930401,52,670,21,0,0,649,21,1.0457664794921875,0.4852509689331055
original,500,5,260930401,53,670,21,0,0,649,21,1.04127490234375,0.498214111328125
original,500,5,260930401,54,670,20,0,0,650,20,1.0416094970703125,0.4907961654663086
original,500,5,260930401,55,670,22,0,0,648,22,1.038709228515625,0.48799858093261717
original,500,5,260930401,56,670,20,0,0,650,20,1.0401685791015625,0.48161338806152343
original,500,5,260930401,57,670,21,0,0,649,21,1.037657958984375,0.49157588958740234
original,500,5,260930401,58,670,19,0,0,651,19,1.0328514404296876,0.48635852813720704
original,500,5,260930401,59,670,21,0,0,649,21,1.032699462890625,0.4861783599853516
original,500,5,260930401,60,670,20,0,0,650,20,1.0319766845703124,0.48418182373046875
original,500,5,260930401,61,670,21,0,0,649,21,1.038876953125,0.4932230758666992
original,500,5,260930401,62,670,20,0,0,650,20,1.035385986328125,0.4868056106567383
original,500,5,260930401,63,670,21,0,0,649,21,1.042197509765625,0.49471256256103513
original,1000,5,260930401,0,670,5,0,0,665,5,1.014861328125,0.3350207010904948
original,1000,5,260930401,1,670,6,0,0,664,6,1.0285140787760416,0.34241317749023437
original,1000,5,260930401,2,670,6,0,0,664,6,1.0265181477864582,0.33689603169759114
original,1000,5,260930401,3,670,9,0,0,661,9,1.0322014973958333,0.3529188537597656
original,1000,5,260930401,4,670,8,0,0,662,8,1.022778076171875,0.3462535603841146
original,1000,5,260930401,5,670,7,0,0,663,7,1.0237789713541667,0.3424464416503906
original,1000,5,260930401,6,670,7,0,0,663,7,1.024735107421875,0.35562538146972655
original,1000,5,260930401,7,670,9,0,0,661,9,1.0313165690104167,0.34833714803059895
original,1000,5,260930401,8,670,5,0,0,665,5,1.0245455729166666,0.3342164357503255
original,1000,5,260930401,9,670,6,0,0,664,6,1.0222147623697917,0.3360167694091797
original,1000,5,260930401,10,670,7,0,0,663,7,1.0259759928385417,0.3354090627034505
original,1000,5,260930401,11,670,6,0,0,664,6,1.0280646158854168,0.33539408365885415
original,1000,5,260930401,12,670,7,0,0,663,7,1.0243067220052082,0.33593246459960935
original,1000,5,260930401,13,670,8,0,0,662,8,1.0334659016927084,0.35337928771972654
original,1000,5,260930401,14,670,8,0,0,662,8,1.0274911295572917,0.3539654541015625
original,1000,5,260930401,15,670,8,0,0,662,8,1.03060595703125,0.35626871744791666
original,1000,5,260930401,16,670,7,0,0,663,7,1.0205293782552083,0.33546101888020835
original,1000,5,260930401,17,670,7,0,0,663,7,1.0278024088541666,0.33499626159667967
original,1000,5,260930401,18,670,7,0,0,663,7,1.0281443684895832,0.3396153767903646
original,1000,5,260930401,19,670,8,0,0,662,8,1.0308832194010418,0.33681856791178383
original,1000,5,260930401,20,670,8,0,0,662,8,1.0276637369791666,0.35124900817871096
original,1000,5,260930401,21,670,7,0,0,663,7,1.0260879720052083,0.3340406545003255
original,1000,5,260930401,22,670,7,0,0,663,7,1.0301063639322916,0.3369935353597005
original,1000,5,260930401,23,670,9,0,0,661,9,1.027634033203125,0.3382462565104167
original,1000,5,260930401,24,670,5,0,0,665,5,1.0272736002604166,0.3369793955485026
original,1000,5,260930401,25,670,7,0,0,663,7,1.0274137369791667,0.33630770365397133
original,1000,5,260930401,26,670,7,0,0,663,7,1.0318567708333333,0.35681254069010415
original,1000,5,260930401,27,670,8,0,0,662,8,1.0301493326822917,0.3353889465332031
original,1000,5,260930401,28,670,7,0,0,663,7,1.0276653645833334,0.3345386505126953
original,1000,5,260930401,29,670,8,0,0,662,8,1.0286586100260418,0.3383802032470703
original,1000,5,260930401,30,670,8,0,0,662,8,1.029073974609375,0.33670221964518227
original,1000,5,260930401,31,670,8,0,0,662,8,1.0282264811197916,0.3393915812174479
original,1000,5,260930401,32,670,5,0,0,665,5,1.024136962890625,0.33429776509602865
original,1000,5,260930401,33,670,6,0,0,664,6,1.0230533040364584,0.3331449381510417
original,1000,5,260930401,34,670,8,0,0,662,8,1.0235426432291668,0.3353259023030599
original,1000,5,260930401,35,670,6,0,0,664,6,1.0244264322916667,0.34353785196940106
original,1000,5,260930401,36,670,7,0,0,663,7,1.0294523111979166,0.33657493591308596
original,1000,5,260930401,37,670,7,0,0,663,7,1.0292455240885416,0.3347010040283203
original,1000,5,260930401,38,670,7,0,0,663,7,1.0131920572916666,0.33554801940917967
original,1000,5,260930401,39,670,7,0,0,663,7,1.022810791015625,0.3522308858235677
original,1000,5,260930401,40,670,5,0,0,665,5,1.0106896158854166,0.3354765828450521
original,1000,5,260930401,41,670,7,0,0,663,7,1.0255586751302084,0.3371393839518229
original,1000,5,260930401,42,670,9,0,0,661,9,1.0285687662760417,0.33811208089192707
original,1000,5,260930401,43,670,5,0,0,665,5,1.0220349934895834,0.33564857482910154
original,1000,5,260930401,44,670,6,0,0,664,6,1.028525146484375,0.33743921915690106
original,1000,5,260930401,45,670,7,0,0,663,7,1.027379638671875,0.33711835225423176
original,1000,5,260930401,46,670,7,0,0,663,7,1.0236178385416668,0.3360279337565104
original,1000,5,260930401,47,670,7,0,0,663,7,1.0247103678385416,0.33587318420410156
original,1000,5,260930401,48,670,4,0,0,666,4,1.0259056803385416,0.32320388793945315
original,1000,5,260930401,49,670,5,0,0,665,5,1.0153984375,0.3350995127360026
original,1000,5,260930401,50,670,5,0,0,665,5,1.011785888671875,0.33450233459472656
original,1000,5,260930401,51,670,5,0,0,665,5,1.0133531901041666,0.33495236714680987
original,1000,5,260930401,52,670,5,0,0,665,5,1.0176324869791666,0.3356006113688151
original,1000,5,260930401,53,670,7,0,0,663,7,1.0264114583333332,0.336788330078125
original,1000,5,260930401,54,670,7,0,0,663,7,1.0287124837239583,0.34107378641764324
original,1000,5,260930401,55,670,6,0,0,664,6,1.0293439127604167,0.33703582763671874
original,1000,5,260930401,56,670,4,0,0,666,4,1.0239479166666667,0.33587298075358074
original,1000,5,260930401,57,670,6,0,0,664,6,1.0255912272135417,0.3351796213785807
original,1000,5,260930401,58,670,7,0,0,663,7,1.0301947428385416,0.3370615641276042
original,1000,5,260930401,59,670,6,0,0,664,6,1.02870263671875,0.33685399373372393
original,1000,5,260930401,60,670,5,0,0,665,5,1.0192843424479168,0.3355247243245443
original,1000,5,260930401,61,670,8,0,0,662,8,1.0235361328125,0.34409988403320313
original,1000,5,260930401,62,670,5,0,0,665,5,1.0215694173177083,0.3272433725992839
original,1000,5,260930401,63,670,8,0,0,662,8,1.024725830078125,0.34899180094401044
original,1500,5,260930401,0,670,3,0,0,667,3,1.0108731282552084,0.24751017252604166
original,1500,5,260930401,1,670,4,0,0,666,4,1.0234593098958333,0.24904024759928386
original,1500,5,260930401,2,670,5,0,0,665,5,1.0142991536458332,0.2456743367513021
original,1500,5,260930401,3,670,5,0,0,665,5,1.0187499186197917,0.24572369893391927
original,1500,5,260930401,4,670,6,0,0,664,6,1.023009521484375,0.24665359497070313
original,1500,5,260930401,5,670,5,0,0,665,5,1.0194140625,0.24857185363769532
original,1500,5,260930401,6,670,5,0,0,665,5,1.01991748046875,0.2481810760498047
original,1500,5,260930401,7,670,6,0,0,664,6,1.0218900553385417,0.24816693623860678
original,1500,5,260930401,8,670,4,0,0,666,4,1.0068455403645833,0.24667271931966145
original,1500,5,260930401,9,670,3,0,0,667,3,1.0130865071614583,0.2461009979248047
original,1500,5,260930401,10,670,4,0,0,666,4,1.0159632161458334,0.24795557657877604
original,1500,5,260930401,11,670,6,0,0,664,6,1.0158809407552083,0.24803258260091146
original,1500,5,260930401,12,670,5,0,0,665,5,1.0158069661458333,0.24676976521809896
original,1500,5,260930401,13,670,5,0,0,665,5,1.0219009602864584,0.24563735961914063
original,1500,5,260930401,14,670,5,0,0,665,5,1.021443603515625,0.2482672119140625
original,1500,5,260930401,15,670,5,0,0,665,5,1.022227783203125,0.25078351338704424
original,1500,5,260930401,16,670,4,0,0,666,4,1.017868408203125,0.24688931783040366
original,1500,5,260930401,17,670,3,0,0,667,3,1.0125962727864584,0.24420501708984374
original,1500,5,260930401,18,670,4,0,0,666,4,1.0177998046875,0.24482465108235676
original,1500,5,260930401,19,670,5,0,0,665,5,1.020326904296875,0.24749315897623697
original,1500,5,260930401,20,670,5,0,0,665,5,1.02089453125,0.24845919291178387
original,1500,5,260930401,21,670,5,0,0,665,5,1.0116552734375,0.24434605916341146
original,1500,5,260930401,22,670,5,0,0,665,5,1.0209215494791666,0.24961578369140625
original,1500,5,260930401,23,670,5,0,0,665,5,1.0231936848958334,0.2463006846110026
original,1500,5,260930401,24,670,3,0,0,667,3,1.0229521484375,0.24813265482584634
original,1500,5,260930401,25,670,4,0,0,666,4,1.0218421223958334,0.24743977864583333
original,1500,5,260930401,26,670,4,0,0,666,4,1.0154303385416668,0.24940294901529947
original,1500,5,260930401,27,670,6,0,0,664,6,1.0146875813802083,0.2469617207845052
original,1500,5,260930401,28,670,4,0,0,666,4,1.0148790690104166,0.24615453084309896
original,1500,5,260930401,29,670,4,0,0,666,4,1.0206090494791666,0.2449415334065755
original,1500,5,260930401,30,670,5,0,0,665,5,1.0230152180989582,0.2480401865641276
original,1500,5,260930401,31,670,5,0,0,665,5,1.022136962890625,0.2471551513671875
original,1500,5,260930401,32,670,4,0,0,666,4,1.0060786946614584,0.2451282246907552
original,1500,5,260930401,33,670,3,0,0,667,3,1.01018359375,0.24470695495605468
original,1500,5,260930401,34,670,4,0,0,666,4,1.0178618977864584,0.24706525166829427
original,1500,5,260930401,35,670,5,0,0,665,5,1.020638671875,0.24699073791503906
original,1500,5,260930401,36,670,5,0,0,665,5,1.01811376953125,0.2471130116780599
original,1500,5,260930401,37,670,5,0,0,665,5,1.022068115234375,0.24787328084309895
original,1500,5,260930401,38,670,5,0,0,665,5,1.015076416015625,0.24840296427408853
original,1500,5,260930401,39,670,5,0,0,665,5,1.018145263671875,0.2469403076171875
original,1500,5,260930401,40,670,4,0,0,666,4,1.0146954752604167,0.24813997904459636
original,1500,5,260930401,41,670,5,0,0,665,5,1.0212633463541667,0.24873621622721354
original,1500,5,260930401,42,670,5,0,0,665,5,1.02135400390625,0.24854227701822917
original,1500,5,260930401,43,670,4,0,0,666,4,1.017437255859375,0.24826301574707033
original,1500,5,260930401,44,670,5,0,0,665,5,1.0230321451822917,0.24897260030110677
original,1500,5,260930401,45,670,4,0,0,666,4,1.0196077473958334,0.24810455322265626
original,1500,5,260930401,46,670,5,0,0,665,5,1.015852783203125,0.24583752950032553
original,1500,5,260930401,47,670,5,0,0,665,5,1.0211333821614583,0.24557029724121093
original,1500,5,260930401,48,670,3,0,0,667,3,1.00859912109375,0.22344622294108074
original,1500,5,260930401,49,670,3,0,0,667,3,1.01133154296875,0.2467156728108724
original,1500,5,260930401,50,670,4,0,0,666,4,1.0135986328125,0.24606658935546874
original,1500,5,260930401,51,670,4,0,0,666,4,1.0131027018229166,0.24681986490885416
original,1500,5,260930401,52,670,4,0,0,666,4,1.0168084309895833,0.24832138061523437
original,1500,5,260930401,53,670,4,0,0,666,4,1.0164063313802083,0.24888417561848958
original,1500,5,260930401,54,670,3,0,0,667,3,1.0174003092447916,0.2475007629394531
original,1500,5,260930401,55,670,3,0,0,667,3,1.023020263671875,0.2475731658935547
original,1500,5,260930401,56,670,4,0,0,666,4,1.0193592936197917,0.24463328043619792
original,1500,5,260930401,57,670,4,0,0,666,4,1.0200650227864583,0.2454932149251302
original,1500,5,260930401,58,670,4,0,0,666,4,1.021538330078125,0.248304443359375
original,1500,5,260930401,59,670,4,0,0,666,4,1.0202647298177083,0.24809415181477865
original,1500,5,260930401,60,670,4,0,0,666,4,1.014033203125,0.24687904357910156
original,1500,5,260930401,61,670,4,0,0,666,4,1.02069873046875,0.24514119466145834
original,1500,5,260930401,62,670,3,0,0,667,3,1.0212486165364583,0.2429357655843099
original,1500,5,260930401,63,670,5,0,0,665,5,1.0143492838541666,0.2444700876871745
original,500,5,260930402,0,670,18,0,0,652,18,1.044122802734375,0.48243419647216795
original,500,5,260930402,1,670,21,0,0,649,21,1.0374918212890625,0.48626678466796874
original,500,5,260930402,2,670,20,0,0,650,20,1.03283935546875,0.48587890625
original,500,5,260930402,3,670,21,0,0,649,21,1.0331868896484375,0.48648914337158206
original,500,5,260930402,4,670,21,0,0,649,21,1.037151611328125,0.4983470916748047
original,500,5,260930402,5,670,22,0,0,648,22,1.0371588134765626,0.4966056442260742
original,500,5,260930402,6,670,22,0,0,648,22,1.0331319580078124,0.4993032455444336
original,500,5,260930402,7,670,22,0,0,648,22,1.0425401611328124,0.49928070068359376
original,500,5,260930402,8,670,20,0,0,650,20,1.044695068359375,0.4825421142578125
original,500,5,260930402,9,670,21,0,0,649,21,1.0362469482421874,0.4876959991455078
original,500,5,260930402,10,670,21,0,0,649,21,1.033048583984375,0.48588626861572265
original,500,5,260930402,11,670,21,0,0,649,21,1.0335860595703126,0.48658016204833987
original,500,5,260930402,12,670,21,0,0,649,21,1.042398193359375,0.48684574127197267
original,500,5,260930402,13,670,22,0,0,648,22,1.0357257080078126,0.4993231582641602
original,500,5,260930402,14,670,22,0,0,648,22,1.029645751953125,0.4988557434082031
original,500,5,260930402,15,670,21,0,0,649,21,1.0353150634765624,0.4993374633789063
original,500,5,260930402,16,670,19,0,0,651,19,1.0436390380859375,0.48438846588134765
original,500,5,260930402,17,670,21,0,0,649,21,1.0447362060546874,0.4851799011230469
original,500,5,260930402,18,670,20,0,0,650,20,1.0391351318359374,0.4853499221801758
original,500,5,260930402,19,670,20,0,0,650,20,1.0350294189453124,0.48744659423828124
original,500,5,260930402,20,670,20,0,0,650,20,1.045172607421875,0.4959701156616211
original,500,5,260930402,21,670,22,0,0,648,22,1.0419443359375,0.4900816345214844
original,500,5,260930402,22,670,21,0,0,649,21,1.0370220947265625,0.4986934280395508
original,500,5,260930402,23,670,21,0,0,649,21,1.03644482421875,0.4976198959350586
original,500,5,260930402,24,670,19,0,0,651,19,1.042860107421875,0.4863117218017578
original,500,5,260930402,25,670,20,0,0,650,20,1.042933837890625,0.4984527587890625
original,500,5,260930402,26,670,20,0,0,650,20,1.0332650146484375,0.4863188934326172
original,500,5,260930402,27,670,21,0,0,649,21,1.043681396484375,0.485809326171875
original,500,5,260930402,28,670,20,0,0,650,20,1.0453785400390625,0.4855845642089844
original,500,5,260930402,29,670,21,0,0,649,21,1.035781005859375,0.4955854797363281
original,500,5,260930402,30,670,21,0,0,649,21,1.0326285400390625,0.4989541244506836
original,500,5,260930402,31,670,21,0,0,649,21,1.0460687255859376,0.4985828018188477
original,500,5,260930402,32,670,19,0,0,651,19,1.0434664306640624,0.48216392517089846
original,500,5,260930402,33,670,20,0,0,650,20,1.04379931640625,0.4861323547363281
original,500,5,260930402,34,670,21,0,0,649,21,1.032269287109375,0.4908863830566406
original,500,5,260930402,35,670,22,0,0,648,22,1.0458165283203125,0.48742290496826174
original,500,5,260930402,36,670,20,0,0,650,20,1.0441173095703125,0.4859896087646484
original,500,5,260930402,37,670,20,0,0,650,20,1.04474365234375,0.49903987884521483
original,500,5,260930402,38,670,21,0,0,649,21,1.044458740234375,0.48664146423339844
original,500,5,260930402,39,670,19,0,0,651,19,1.044322509765625,0.48773921966552736
original,500,5,260930402,40,670,18,0,0,652,18,1.0453192138671874,0.483419189453125
original,500,5,260930402,41,670,20,0,0,650,20,1.032615966796875,0.4881421661376953
original,500,5,260930402,42,670,21,0,0,649,21,1.0346064453125,0.4874753952026367
original,500,5,260930402,43,670,20,0,0,650,20,1.0426812744140626,0.4841532516479492
original,500,5,260930402,44,670,21,0,0,649,21,1.04467431640625,0.4994340515136719
original,500,5,260930402,45,670,19,0,0,651,19,1.04191796875,0.4866828536987305
original,500,5,260930402,46,670,21,0,0,649,21,1.044588134765625,0.4881668472290039
original,500,5,260930402,47,670,21,0,0,649,21,1.0446405029296875,0.4869179916381836
original,500,5,260930402,48,670,19,0,0,651,19,1.035798095703125,0.46881881713867185
original,500,5,260930402,49,670,19,0,0,651,19,1.0321953125,0.48374134063720703
original,500,5,260930402,50,670,19,0,0,651,19,1.038925048828125,0.4843848419189453
original,500,5,260930402,51,670,20,0,0,650,20,1.0324691162109374,0.48436794281005857
original,500,5,260930402,52,670,21,0,0,649,21,1.0415760498046875,0.4891575622558594
original,500,5,260930402,53,670,21,0,0,649,21,1.0372559814453124,0.4861403274536133
original,500,5,260930402,54,670,22,0,0,648,22,1.0329586181640624,0.4959181594848633
original,500,5,260930402,55,670,21,0,0,649,21,1.0375850830078126,0.49350807189941404
original,500,5,260930402,56,670,18,0,0,652,18,1.038023193359375,0.4790962219238281
original,500,5,260930402,57,670,21,0,0,649,21,1.0331695556640625,0.48478164672851565
original,500,5,260930402,58,670,19,0,0,651,19,1.04364990234375,0.4858329391479492
original,500,5,260930402,59,670,21,0,0,649,21,1.03272705078125,0.48629051208496094
original,500,5,260930402,60,670,20,0,0,650,20,1.0326558837890625,0.48402774810791016
original,500,5,260930402,61,670,20,0,0,650,20,1.031522216796875,0.4899119186401367
original,500,5,260930402,62,670,21,0,0,649,21,1.0354622802734375,0.49744735717773436
original,500,5,260930402,63,670,20,0,0,650,20,1.0339808349609374,0.4859905242919922
original,1000,5,260930402,0,670,6,0,0,664,6,1.0290576985677082,0.33479751586914064
original,1000,5,260930402,1,670,6,0,0,664,6,1.0298882649739582,0.33708330790201824
original,1000,5,260930402,2,670,6,0,0,664,6,1.0270380045572918,0.33694712320963544
original,1000,5,260930402,3,670,7,0,0,663,7,1.03171826171875,0.33749791463216144
original,1000,5,260930402,4,670,8,0,0,662,8,1.0287452799479166,0.351315180460612
original,1000,5,260930402,5,670,8,0,0,662,8,1.0238760579427084,0.3443390655517578
original,1000,5,260930402,6,670,7,0,0,663,7,1.0247715657552083,0.3556378936767578
original,1000,5,260930402,7,670,8,0,0,662,8,1.0282316080729166,0.3553234354654948
original,1000,5,260930402,8,670,6,0,0,664,6,1.010439208984375,0.33549224853515625
original,1000,5,260930402,9,670,6,0,0,664,6,1.029107177734375,0.3384636688232422
original,1000,5,260930402,10,670,7,0,0,663,7,1.0308349609375,0.33663968404134115
original,1000,5,260930402,11,670,7,0,0,663,7,1.0271029459635417,0.33548133850097656
original,1000,5,260930402,12,670,7,0,0,663,7,1.029369140625,0.3372358703613281
original,1000,5,260930402,13,670,7,0,0,663,7,1.0253870442708333,0.3557648722330729
original,1000,5,260930402,14,670,8,0,0,662,8,1.0250762532552082,0.35394490559895836
original,1000,5,260930402,15,670,8,0,0,662,8,1.0254349772135416,0.35578114827473956
original,1000,5,260930402,16,670,6,0,0,664,6,1.0190233561197917,0.3359728749593099
original,1000,5,260930402,17,670,7,0,0,663,7,1.0178706868489584,0.3316294097900391
original,1000,5,260930402,18,670,6,0,0,664,6,1.023583984375,0.3305974578857422
original,1000,5,260930402,19,670,6,0,0,664,6,1.0242601725260416,0.3362627665201823
original,1000,5,260930402,20,670,6,0,0,664,6,1.02771337890625,0.34709493001302083
original,1000,5,260930402,21,670,7,0,0,663,7,1.0227635904947916,0.33258969624837237
original,1000,5,260930402,22,670,7,0,0,663,7,1.0288169759114583,0.33690383911132815
original,1000,5,260930402,23,670,8,0,0,662,8,1.03169482421875,0.350227788289388
original,1000,5,260930402,24,670,5,0,0,665,5,1.0317240397135417,0.3392553965250651
original,1000,5,260930402,25,670,7,0,0,663,7,1.0118534342447916,0.3500162760416667
original,1000,5,260930402,26,670,6,0,0,664,6,1.0310235188802084,0.33741676330566406
original,1000,5,260930402,27,670,7,0,0,663,7,1.0316465657552083,0.33690569559733075
original,1000,5,260930402,28,670,6,0,0,664,6,1.01550244140625,0.33445014953613283
original,1000,5,260930402,29,670,7,0,0,663,7,1.021251708984375,0.3450780995686849
original,1000,5,260930402,30,670,7,0,0,663,7,1.0258828125,0.35323313395182293
original,1000,5,260930402,31,670,7,0,0,663,7,1.0238916015625,0.35087366739908854
original,1000,5,260930402,32,670,5,0,0,665,5,1.0150260416666668,0.33364064534505206
original,1000,5,260930402,33,670,6,0,0,664,6,1.0248224283854166,0.3367182922363281
original,1000,5,260930402,34,670,8,0,0,662,8,1.0164635416666667,0.34237096150716145
original,1000,5,260930402,35,670,7,0,0,663,7,1.02660302734375,0.33623433430989585
original,1000,5,260930402,36,670,7,0,0,663,7,1.0299486490885417,0.33662803649902345
original,1000,5,260930402,37,670,8,0,0,662,8,1.0303134765625,0.3539780680338542
original,1000,5,260930402,38,670,7,0,0,663,7,1.0132125651041666,0.33559605916341145
original,1000,5,260930402,39,670,7,0,0,663,7,1.030108154296875,0.334857660929362
original,1000,5,260930402,40,670,5,0,0,665,5,1.0104755859375,0.3354650370279948
original,1000,5,260930402,41,670,7,0,0,663,7,1.0296471354166667,0.33602882385253907
original,1000,5,260930402,42,670,8,0,0,662,8,1.0281722819010417,0.33726893107096356
original,1000,5,260930402,43,670,5,0,0,665,5,1.0120734049479168,0.3355352783203125
original,1000,5,260930402,44,670,7,0,0,663,7,1.02856982421875,0.35550237019856773
original,1000,5,260930402,45,670,7,0,0,663,7,1.0292579752604167,0.33719841003417966
original,1000,5,260930402,46,670,7,0,0,663,7,1.0238924967447918,0.33611790974934896
original,1000,5,260930402,47,670,7,0,0,663,7,1.0236681315104166,0.3360235341389974
original,1000,5,260930402,48,670,4,0,0,666,4,1.009093017578125,0.3116192626953125
original,1000,5,260930402,49,670,5,0,0,665,5,1.0184566243489583,0.3354729970296224
original,1000,5,260930402,50,670,5,0,0,665,5,1.0171058756510416,0.33510167439778643
original,1000,5,260930402,51,670,5,0,0,665,5,1.0215107421875,0.335793940226237
original,1000,5,260930402,52,670,6,0,0,664,6,1.0248790690104166,0.3346248626708984
original,1000,5,260930402,53,670,7,0,0,663,7,1.0264073079427083,0.3367870330810547
original,1000,5,260930402,54,670,6,0,0,664,6,1.0273594563802084,0.3462225596110026
original,1000,5,260930402,55,670,7,0,0,663,7,1.0277671712239584,0.33719635009765625
original,1000,5,260930402,56,670,5,0,0,665,5,1.010466796875,0.33222023010253904
original,1000,5,260930402,57,670,6,0,0,664,6,1.02438818359375,0.3361705780029297
original,1000,5,260930402,58,670,6,0,0,664,6,1.0256878255208333,0.3353618367513021
original,1000,5,260930402,59,670,6,0,0,664,6,1.0300693359375,0.33700607299804686
original,1000,5,260930402,60,670,5,0,0,665,5,1.01366845703125,0.33497062683105466
original,1000,5,260930402,61,670,6,0,0,664,6,1.013564453125,0.3378399403889974
original,1000,5,260930402,62,670,6,0,0,664,6,1.0242481282552083,0.32733731587727866
original,1000,5,260930402,63,670,6,0,0,664,6,1.0239624837239583,0.3361877950032552
original,1500,5,260930402,0,670,4,0,0,666,4,1.0140533854166667,0.24724945068359375
original,1500,5,260930402,1,670,4,0,0,666,4,1.0200040690104166,0.2459235382080078
original,1500,5,260930402,2,670,5,0,0,665,5,1.0118935546875,0.24567616780598958
original,1500,5,260930402,3,670,4,0,0,666,4,1.0196988118489583,0.24719223022460937
original,1500,5,260930402,4,670,6,0,0,664,6,1.0171915690104167,0.24821762084960938
original,1500,5,260930402,5,670,6,0,0,664,6,1.019552490234375,0.2485931905110677
original,1500,5,260930402,6,670,5,0,0,665,5,1.017460205078125,0.24769325256347657
original,1500,5,260930402,7,670,6,0,0,664,6,1.0209763997395833,0.24863929748535157
original,1500,5,260930402,8,670,4,0,0,666,4,1.015060546875,0.24839747111002605
original,1500,5,260930402,9,670,3,0,0,667,3,1.0148074544270833,0.2463116963704427
original,1500,5,260930402,10,670,5,0,0,665,5,1.02192822265625,0.24901288350423176
original,1500,5,260930402,11,670,5,0,0,665,5,1.0182637532552083,0.24776743570963541
original,1500,5,260930402,12,670,5,0,0,665,5,1.0166673177083334,0.24682047526041667
original,1500,5,260930402,13,670,6,0,0,664,6,1.011045654296875,0.24906763712565105
original,1500,5,260930402,14,670,5,0,0,665,5,1.022165283203125,0.2512506103515625
original,1500,5,260930402,15,670,5,0,0,665,5,1.0202706705729168,0.2491423797607422
original,1500,5,260930402,16,670,4,0,0,666,4,1.0231111653645832,0.24808263142903647
original,1500,5,260930402,17,670,4,0,0,666,4,1.015378662109375,0.24433169047037762
original,1500,5,260930402,18,670,4,0,0,666,4,1.0068982747395834,0.2435899861653646
original,1500,5,260930402,19,670,4,0,0,666,4,1.0137205403645833,0.2466552734375
original,1500,5,260930402,20,670,5,0,0,665,5,1.0209698893229167,0.24847808837890625
original,1500,5,260930402,21,670,6,0,0,664,6,1.015779541015625,0.24684005737304687
original,1500,5,260930402,22,670,5,0,0,665,5,1.0211039225260417,0.24992154439290365
original,1500,5,260930402,23,670,5,0,0,665,5,1.0214767252604167,0.24885686238606772
original,1500,5,260930402,24,670,4,0,0,666,4,1.0219139811197917,0.2478851572672526
original,1500,5,260930402,25,670,4,0,0,666,4,1.0223231608072916,0.2504928080240885
original,1500,5,260930402,26,670,5,0,0,665,5,1.0085425618489583,0.24580172220865884
original,1500,5,260930402,27,670,5,0,0,665,5,1.02208349609375,0.24768661499023437
original,1500,5,260930402,28,670,4,0,0,666,4,1.0148917643229167,0.24622329711914062
original,1500,5,260930402,29,670,5,0,0,665,5,1.01132177734375,0.24603040059407552
original,1500,5,260930402,30,670,5,0,0,665,5,1.0208921712239583,0.24853551228841145
original,1500,5,260930402,31,670,5,0,0,665,5,1.0198008626302084,0.2505336761474609
original,1500,5,260930402,32,670,4,0,0,666,4,1.0222391764322916,0.2474908447265625
original,1500,5,260930402,33,670,4,0,0,666,4,1.0220515950520834,0.2488062540690104
original,1500,5,260930402,34,670,4,0,0,666,4,1.0131043294270834,0.24724210103352864
original,1500,5,260930402,35,670,5,0,0,665,5,1.022339599609375,0.24697456359863282
original,1500,5,260930402,36,670,4,0,0,666,4,1.01856689453125,0.24714248657226562
original,1500,5,260930402,37,670,5,0,0,665,5,1.0146070963541667,0.24848559061686198
original,1500,5,260930402,38,670,5,0,0,665,5,1.0150869954427084,0.24840113321940105
original,1500,5,260930402,39,670,4,0,0,666,4,1.011739013671875,0.24690208435058594
original,1500,5,260930402,40,670,4,0,0,666,4,1.013409423828125,0.2480414326985677
original,1500,5,260930402,41,670,5,0,0,665,5,1.0223570149739583,0.24865010579427083
original,1500,5,260930402,42,670,5,0,0,665,5,1.0217381184895833,0.24864407857259116
original,1500,5,260930402,43,670,3,0,0,667,3,1.0110994466145833,0.2338665771484375
original,1500,5,260930402,44,670,5,0,0,665,5,1.0230824381510417,0.24898638407389323
original,1500,5,260930402,45,670,4,0,0,666,4,1.020050048828125,0.2482189432779948
original,1500,5,260930402,46,670,5,0,0,665,5,1.0150537109375,0.24597272237141926
original,1500,5,260930402,47,670,5,0,0,665,5,1.012447021484375,0.24579861958821614
original,1500,5,260930402,48,670,3,0,0,667,3,1.0060731608072917,0.2032542292277018
original,1500,5,260930402,49,670,3,0,0,667,3,1.01452734375,0.2473010762532552
original,1500,5,260930402,50,670,4,0,0,666,4,1.01003173828125,0.24634320576985677
original,1500,5,260930402,51,670,4,0,0,666,4,1.01647900390625,0.2470196533203125
original,1500,5,260930402,52,670,5,0,0,665,5,1.0220882161458333,0.24568603515625
original,1500,5,260930402,53,670,3,0,0,667,3,1.0163893229166667,0.24726170857747395
original,1500,5,260930402,54,670,4,0,0,666,4,1.0172118326822917,0.24794469197591146
original,1500,5,260930402,55,670,4,0,0,666,4,1.0222822265625,0.24778533935546876
original,1500,5,260930402,56,670,3,0,0,667,3,1.0073888346354167,0.24171745300292968
original,1500,5,260930402,57,670,3,0,0,667,3,1.0202914225260418,0.24650957743326823
original,1500,5,260930402,58,670,4,0,0,666,4,1.02146142578125,0.2467152150472005
original,1500,5,260930402,59,670,4,0,0,666,4,1.0209405110677083,0.24814977010091147
original,1500,5,260930402,60,670,4,0,0,666,4,1.013031494140625,0.24680137634277344
original,1500,5,260930402,61,670,4,0,0,666,4,1.014931884765625,0.2439759826660156
original,1500,5,260930402,62,670,4,0,0,666,4,1.01639208984375,0.24581873575846355
original,1500,5,260930402,63,670,5,0,0,665,5,1.0195528971354166,0.2476519775390625
original,500,5,260930403,0,670,18,0,0,652,18,1.04448291015625,0.48283939361572265
original,500,5,260930403,1,670,20,0,0,650,20,1.037398681640625,0.48812767028808596
original,500,5,260930403,2,670,21,0,0,649,21,1.03285205078125,0.48592281341552734
original,500,5,260930403,3,670,22,0,0,648,22,1.0335238037109375,0.48630542755126954
original,500,5,260930403,4,670,23,0,0,647,23,1.0369444580078124,0.49614303588867187
original,500,5,260930403,5,670,21,0,0,649,21,1.0365865478515626,0.4964143371582031
original,500,5,260930403,6,670,21,0,0,649,21,1.0325472412109375,0.49912677764892577
original,500,5,260930403,7,670,22,0,0,648,22,1.0426378173828126,0.4975518798828125
original,500,5,260930403,8,670,19,0,0,651,19,1.0440653076171875,0.48225841522216795
original,500,5,260930403,9,670,21,0,0,649,21,1.037888671875,0.49869384765625
original,500,5,260930403,10,670,20,0,0,650,20,1.0459498291015625,0.48812774658203123
original,500,5,260930403,11,670,21,0,0,649,21,1.0456307373046876,0.4895989990234375
original,500,5,260930403,12,670,20,0,0,650,20,1.0426871337890624,0.48856094360351565
original,500,5,260930403,13,670,21,0,0,649,21,1.037602783203125,0.48671703338623046
original,500,5,260930403,14,670,21,0,0,649,21,1.0306639404296876,0.49884624481201173
original,500,5,260930403,15,670,21,0,0,649,21,1.0335255126953125,0.49922515869140627
original,500,5,260930403,16,670,19,0,0,651,19,1.04318603515625,0.48239036560058596
original,500,5,260930403,17,670,20,0,0,650,20,1.045255859375,0.4861090469360352
original,500,5,260930403,18,670,19,0,0,651,19,1.0392130126953125,0.4864824295043945
original,500,5,260930403,19,670,20,0,0,650,20,1.035852783203125,0.4866202926635742
original,500,5,260930403,20,670,21,0,0,649,21,1.0442255859375,0.4984017562866211
original,500,5,260930403,21,670,21,0,0,649,21,1.0413375244140626,0.4875704574584961
original,500,5,260930403,22,670,21,0,0,649,21,1.0329210205078125,0.49865840911865233
original,500,5,260930403,23,670,21,0,0,649,21,1.031441650390625,0.4992308044433594
original,500,5,260930403,24,670,19,0,0,651,19,1.0438192138671876,0.48753746032714845
original,500,5,260930403,25,670,19,0,0,651,19,1.043430908203125,0.48557296752929685
original,500,5,260930403,26,670,20,0,0,650,20,1.03875146484375,0.48628936767578124
original,500,5,260930403,27,670,21,0,0,649,21,1.04359423828125,0.4858068084716797
original,500,5,260930403,28,670,20,0,0,650,20,1.0454068603515625,0.48552303314208983
original,500,5,260930403,29,670,23,0,0,647,23,1.035382080078125,0.49759769439697266
original,500,5,260930403,30,670,20,0,0,650,20,1.033566650390625,0.4875170135498047
original,500,5,260930403,31,670,21,0,0,649,21,1.033341064453125,0.49035545349121096
original,500,5,260930403,32,670,17,0,0,653,17,1.0444384765625,0.4829851531982422
original,500,5,260930403,33,670,20,0,0,650,20,1.0435718994140626,0.48182857513427735
original,500,5,260930403,34,670,20,0,0,650,20,1.0449613037109375,0.48562652587890626
original,500,5,260930403,35,670,21,0,0,649,21,1.0453572998046874,0.48881526947021486
original,500,5,260930403,36,670,20,0,0,650,20,1.0441878662109374,0.48597484588623047
original,500,5,260930403,37,670,21,0,0,649,21,1.0380399169921875,0.48830413818359375
original,500,5,260930403,38,670,20,0,0,650,20,1.04491357421875,0.48820301055908205
original,500,5,260930403,39,670,21,0,0,649,21,1.041266357421875,0.49861228942871094
original,500,5,260930403,40,670,18,0,0,652,18,1.044482421875,0.4823731231689453
original,500,5,260930403,41,670,19,0,0,651,19,1.0325389404296874,0.49806674957275393
original,500,5,260930403,42,670,21,0,0,649,21,1.0334874267578125,0.4873982620239258
original,500,5,260930403,43,670,21,0,0,649,21,1.0426817626953124,0.48473400115966797
original,500,5,260930403,44,670,21,0,0,649,21,1.03326904296875,0.49171207427978514
original,500,5,260930403,45,670,21,0,0,649,21,1.04320068359375,0.48669670104980467
original,500,5,260930403,46,670,21,0,0,649,21,1.0447308349609374,0.49805221557617185
original,500,5,260930403,47,670,21,0,0,649,21,1.044892578125,0.48767066955566407
original,500,5,260930403,48,670,19,0,0,651,19,1.0383323974609375,0.46941486358642576
original,500,5,260930403,49,670,19,0,0,651,19,1.0320557861328126,0.48383506774902346
original,500,5,260930403,50,670,19,0,0,651,19,1.039192138671875,0.48417999267578127
original,500,5,260930403,51,670,19,0,0,651,19,1.0334146728515625,0.4840880966186523
original,500,5,260930403,52,670,21,0,0,649,21,1.0455494384765625,0.4854022979736328
original,500,5,260930403,53,670,21,0,0,649,21,1.0373740234375,0.4983436965942383
original,500,5,260930403,54,670,21,0,0,649,21,1.0361942138671876,0.48538215637207033
original,500,5,260930403,55,670,21,0,0,649,21,1.033218017578125,0.4867343521118164
original,500,5,260930403,56,670,18,0,0,652,18,1.0372403564453125,0.4791193389892578
original,500,5,260930403,57,670,20,0,0,650,20,1.0367584228515625,0.4848214340209961
original,500,5,260930403,58,670,20,0,0,650,20,1.03417626953125,0.4868862915039063
original,500,5,260930403,59,670,21,0,0,649,21,1.043645751953125,0.4859288024902344
original,500,5,260930403,60,670,20,0,0,650,20,1.0326573486328126,0.48404918670654296
original,500,5,260930403,61,670,20,0,0,650,20,1.0406002197265625,0.49378292083740233
original,500,5,260930403,62,670,20,0,0,650,20,1.0408223876953124,0.4805471420288086
original,500,5,260930403,63,670,21,0,0,649,21,1.03632470703125,0.4986823272705078
original,1000,5,260930403,0,670,6,0,0,664,6,1.0133709309895833,0.33496004740397134
original,1000,5,260930403,1,670,6,0,0,664,6,1.0134408365885417,0.3323726145426432
original,1000,5,260930403,2,670,6,0,0,664,6,1.027428466796875,0.3369995371500651
original,1000,5,260930403,3,670,7,0,0,663,7,1.0274779459635417,0.33168607076009116
original,1000,5,260930403,4,670,8,0,0,662,8,1.024581787109375,0.3496470387776693
original,1000,5,260930403,5,670,7,0,0,663,7,1.0183682454427083,0.3439108530680339
original,1000,5,260930403,6,670,8,0,0,662,8,1.0226066080729166,0.35476183573404946
original,1000,5,260930403,7,670,8,0,0,662,8,1.0234099934895833,0.348655268351237
original,1000,5,260930403,8,670,5,0,0,665,5,1.03007373046875,0.33481147766113284
original,1000,5,260930403,9,670,7,0,0,663,7,1.0257694498697916,0.3546081034342448
original,1000,5,260930403,10,670,7,0,0,663,7,1.0271624348958333,0.33550944010416667
original,1000,5,260930403,11,670,6,0,0,664,6,1.013979736328125,0.33544855753580727
original,1000,5,260930403,12,670,7,0,0,663,7,1.0307588704427084,0.3373671468098958
original,1000,5,260930403,13,670,7,0,0,663,7,1.030064453125,0.3371263376871745
original,1000,5,260930403,14,670,8,0,0,662,8,1.0282242024739583,0.35404073079427084
original,1000,5,260930403,15,670,8,0,0,662,8,1.0297499186197916,0.3560796864827474
original,1000,5,260930403,16,670,5,0,0,665,5,1.0072891438802083,0.332390619913737
original,1000,5,260930403,17,670,7,0,0,663,7,1.0281205240885416,0.33496927897135415
original,1000,5,260930403,18,670,6,0,0,664,6,1.0240873209635417,0.33085169474283854
original,1000,5,260930403,19,670,7,0,0,663,7,1.0240946451822917,0.33621676127115885
original,1000,5,260930403,20,670,8,0,0,662,8,1.0278125,0.3509468587239583
original,1000,5,260930403,21,670,6,0,0,664,6,1.026057373046875,0.335182851155599
original,1000,5,260930403,22,670,7,0,0,663,7,1.029055908203125,0.3370018005371094
original,1000,5,260930403,23,670,7,0,0,663,7,1.0210348307291666,0.3351546223958333
original,1000,5,260930403,24,670,5,0,0,665,5,1.0247576497395834,0.33415514628092446
original,1000,5,260930403,25,670,7,0,0,663,7,1.0238883463541666,0.3359120432535807
original,1000,5,260930403,26,670,6,0,0,664,6,1.0289650065104166,0.33699704488118487
original,1000,5,260930403,27,670,7,0,0,663,7,1.031628662109375,0.3369014485677083
original,1000,5,260930403,28,670,7,0,0,663,7,1.0273142903645833,0.33458882649739585
original,1000,5,260930403,29,670,8,0,0,662,8,1.0292003580729168,0.34612085978190105
original,1000,5,260930403,30,670,8,0,0,662,8,1.0257753092447917,0.33669146219889323
original,1000,5,260930403,31,670,9,0,0,661,9,1.0304503580729167,0.33771102905273437
original,1000,5,260930403,32,670,4,0,0,666,4,1.0083106282552083,0.3342931874593099
original,1000,5,260930403,33,670,6,0,0,664,6,1.0219896647135416,0.3333751932779948
original,1000,5,260930403,34,670,6,0,0,664,6,1.0202494303385417,0.33515846252441406
original,1000,5,260930403,35,670,7,0,0,663,7,1.024358642578125,0.336260986328125
original,1000,5,260930403,36,670,7,0,0,663,7,1.0304754231770834,0.336686528523763
original,1000,5,260930403,37,670,8,0,0,662,8,1.029982666015625,0.3368378194173177
original,1000,5,260930403,38,670,7,0,0,663,7,1.0139337565104167,0.33554801940917967
original,1000,5,260930403,39,670,8,0,0,662,8,1.0252596028645833,0.3523836771647135
original,1000,5,260930403,40,670,4,0,0,666,4,1.0109891764322916,0.3355121358235677
original,1000,5,260930403,41,670,6,0,0,664,6,1.0330479329427082,0.3545771280924479
original,1000,5,260930403,42,670,8,0,0,662,8,1.0274728190104168,0.33719759623209633
original,1000,5,260930403,43,670,5,0,0,665,5,1.01673583984375,0.335883305867513
original,1000,5,260930403,44,670,8,0,0,662,8,1.0284099934895834,0.34486056009928384
original,1000,5,260930403,45,670,7,0,0,663,7,1.027500732421875,0.3371627044677734
original,1000,5,260930403,46,670,8,0,0,662,8,1.0238013509114583,0.3486821492513021
original,1000,5,260930403,47,670,7,0,0,663,7,1.0287864583333333,0.3360217539469401
original,1000,5,260930403,48,670,4,0,0,666,4,1.0170048014322917,0.3139959716796875
original,1000,5,260930403,49,670,5,0,0,665,5,1.0119580078125,0.3350176493326823
original,1000,5,260930403,50,670,5,0,0,665,5,1.015153076171875,0.33486099243164064
original,1000,5,260930403,51,670,5,0,0,665,5,1.0130558268229166,0.3349489084879557
original,1000,5,260930403,52,670,6,0,0,664,6,1.0158525390625,0.33554725646972655
original,1000,5,260930403,53,670,6,0,0,664,6,1.0269046223958334,0.33688690185546877
original,1000,5,260930403,54,670,7,0,0,663,7,1.0272955729166666,0.33702964782714845
original,1000,5,260930403,55,670,6,0,0,664,6,1.0302788899739583,0.3371167755126953
original,1000,5,260930403,56,670,5,0,0,665,5,1.0152310384114582,0.33029752095540366
original,1000,5,260930403,57,670,6,0,0,664,6,1.0301394856770834,0.3361315409342448
original,1000,5,260930403,58,670,7,0,0,663,7,1.0233806966145833,0.3357628377278646
original,1000,5,260930403,59,670,7,0,0,663,7,1.030096435546875,0.3357221221923828
original,1000,5,260930403,60,670,5,0,0,665,5,1.013380615234375,0.3349674987792969
original,1000,5,260930403,61,670,5,0,0,665,5,1.0160726725260416,0.3450758616129557
original,1000,5,260930403,62,670,5,0,0,665,5,1.014488525390625,0.33351938883463544
original,1000,5,260930403,63,670,7,0,0,663,7,1.02370751953125,0.35346961975097657
original,1500,5,260930403,0,670,4,0,0,666,4,1.01044677734375,0.24742513020833334
original,1500,5,260930403,1,670,5,0,0,665,5,1.0182152506510416,0.2466624704996745
original,1500,5,260930403,2,670,4,0,0,666,4,1.0183055013020834,0.24573031107584636
original,1500,5,260930403,3,670,5,0,0,665,5,1.0224549153645834,0.24758923848470052
original,1500,5,260930403,4,670,5,0,0,665,5,1.0133509928385416,0.24568425496419272
original,1500,5,260930403,5,670,6,0,0,664,6,1.0218731282552083,0.24564631144205729
original,1500,5,260930403,6,670,5,0,0,665,5,1.0177134602864584,0.24867828369140624
original,1500,5,260930403,7,670,5,0,0,665,5,1.018786376953125,0.24842529296875
original,1500,5,260930403,8,670,4,0,0,666,4,1.0097259114583332,0.24733116149902343
original,1500,5,260930403,9,670,4,0,0,666,4,1.0167203776041667,0.24761123657226564
original,1500,5,260930403,10,670,5,0,0,665,5,1.0219630533854167,0.2481567128499349
original,1500,5,260930403,11,670,5,0,0,665,5,1.0166016438802083,0.248115717569987
original,1500,5,260930403,12,670,5,0,0,665,5,1.0173905436197916,0.24580680847167968
original,1500,5,260930403,13,670,5,0,0,665,5,1.015287109375,0.24614588419596353
original,1500,5,260930403,14,670,5,0,0,665,5,1.0134562174479167,0.24847796122233073
original,1500,5,260930403,15,670,5,0,0,665,5,1.019044677734375,0.24920608520507812
original,1500,5,260930403,16,670,4,0,0,666,4,1.01700146484375,0.24608311971028646
original,1500,5,260930403,17,670,4,0,0,666,4,1.0123614095052083,0.24407971700032552
original,1500,5,260930403,18,670,4,0,0,666,4,1.005562255859375,0.2433697764078776
original,1500,5,260930403,19,670,4,0,0,666,4,1.0134901529947917,0.24660128275553386
original,1500,5,260930403,20,670,5,0,0,665,5,1.0211178385416666,0.24851628621419272
original,1500,5,260930403,21,670,4,0,0,666,4,1.0207588704427084,0.2462366231282552
original,1500,5,260930403,22,670,6,0,0,664,6,1.0188509928385416,0.24829399108886718
original,1500,5,260930403,23,670,5,0,0,665,5,1.0212725423177083,0.25032386779785154
original,1500,5,260930403,24,670,3,0,0,667,3,1.0163743489583332,0.2462701416015625
original,1500,5,260930403,25,670,4,0,0,666,4,1.0217789713541667,0.2474274190266927
original,1500,5,260930403,26,670,4,0,0,666,4,1.0235763346354168,0.24902943929036458
original,1500,5,260930403,27,670,5,0,0,665,5,1.0220489908854167,0.24767723083496093
original,1500,5,260930403,28,670,4,0,0,666,4,1.01404296875,0.2461346944173177
original,1500,5,260930403,29,670,5,0,0,665,5,1.0208251953125,0.24750406901041666
original,1500,5,260930403,30,670,5,0,0,665,5,1.0201156412760417,0.24819129943847656
original,1500,5,260930403,31,670,5,0,0,665,5,1.0127853190104166,0.2463793182373047
original,1500,5,260930403,32,670,4,0,0,666,4,1.006247314453125,0.24620936075846353
original,1500,5,260930403,33,670,3,0,0,667,3,1.00178173828125,0.24497357686360677
original,1500,5,260930403,34,670,4,0,0,666,4,1.0118282877604166,0.24766044616699218
original,1500,5,260930403,35,670,4,0,0,666,4,1.0213734537760417,0.24691983540852866
original,1500,5,260930403,36,670,5,0,0,665,5,1.018956787109375,0.2471833292643229
original,1500,5,260930403,37,670,6,0,0,664,6,1.022990966796875,0.24771570841471355
original,1500,5,260930403,38,670,5,0,0,665,5,1.0174703776041667,0.24840428670247397
original,1500,5,260930403,39,670,6,0,0,664,6,1.0172091471354168,0.2478057352701823
original,1500,5,260930403,40,670,4,0,0,666,4,1.0144520670572916,0.24811553955078125
original,1500,5,260930403,41,670,5,0,0,665,5,1.0180740559895833,0.24846094767252605
original,1500,5,260930403,42,670,4,0,0,666,4,1.0214732259114583,0.24857421875
original,1500,5,260930403,43,670,4,0,0,666,4,1.01914404296875,0.24840098063151042
original,1500,5,260930403,44,670,6,0,0,664,6,1.022906494140625,0.24893877665201822
original,1500,5,260930403,45,670,4,0,0,666,4,1.0198744303385416,0.2481737518310547
original,1500,5,260930403,46,670,5,0,0,665,5,1.0129817708333333,0.24653831481933594
original,1500,5,260930403,47,670,5,0,0,665,5,1.0145515950520834,0.24580289204915365
original,1500,5,260930403,48,670,3,0,0,667,3,1.0138141276041666,0.20659807840983072
original,1500,5,260930403,49,670,3,0,0,667,3,1.01184375,0.24716278076171874
original,1500,5,260930403,50,670,4,0,0,666,4,1.01590869140625,0.2461999766031901
original,1500,5,260930403,51,670,4,0,0,666,4,1.0141432291666668,0.24686612447102865
original,1500,5,260930403,52,670,4,0,0,666,4,1.0164596354166666,0.24827120463053384
original,1500,5,260930403,53,670,4,0,0,666,4,1.0171690266927083,0.24931340535481772
original,1500,5,260930403,54,670,3,0,0,667,3,1.0170442708333334,0.2474669392903646
original,1500,5,260930403,55,670,3,0,0,667,3,1.0177994791666667,0.2476062266031901
original,1500,5,260930403,56,670,3,0,0,667,3,1.0184588216145833,0.24174468994140624
original,1500,5,260930403,57,670,3,0,0,667,3,1.015648681640625,0.24647715250651042
original,1500,5,260930403,58,670,4,0,0,666,4,1.0119984537760416,0.2452166493733724
original,1500,5,260930403,59,670,4,0,0,666,4,1.01271337890625,0.24678693135579427
original,1500,5,260930403,60,670,4,0,0,666,4,1.0140411783854166,0.24685061136881511
original,1500,5,260930403,61,670,4,0,0,666,4,1.0138063151041667,0.24415985107421875
original,1500,5,260930403,62,670,3,0,0,667,3,1.0188401692708333,0.24422396341959635
original,1500,5,260930403,63,670,6,0,0,664,6,1.013335693359375,0.24870305379231772
unseen_,500,10,261001401,0,670,18,0,0,652,18,1.04481591796875,0.47933666229248045
unseen_,500,10,261001401,1,670,18,0,0,652,18,1.0397406005859375,0.47313613891601564
unseen_,500,10,261001401,2,670,19,0,0,651,19,1.0396453857421875,0.4824664306640625
unseen_,500,10,261001401,3,670,21,0,0,649,21,1.036957763671875,0.48291664123535155
unseen_,500,10,261001401,4,670,20,0,0,650,20,1.0390074462890626,0.48033748626708983
unseen_,500,10,261001401,5,670,20,0,0,650,20,1.0389495849609376,0.47685699462890624
unseen_,500,10,261001401,6,670,19,0,0,651,19,1.042809814453125,0.48073463439941405
unseen_,500,10,261001401,7,670,20,0,0,650,20,1.04484423828125,0.4852238082885742
unseen_,500,10,261001401,8,670,20,0,0,650,20,1.0422674560546874,0.48233421325683595
unseen_,500,10,261001401,9,670,18,0,0,652,18,1.0400616455078124,0.4741061782836914
unseen_,500,10,261001401,10,670,20,0,0,650,20,1.0376368408203125,0.48371578216552735
unseen_,500,10,261001401,11,670,20,0,0,650,20,1.0390732421875,0.484310188293457
unseen_,500,10,261001401,12,670,20,0,0,650,20,1.0451375732421875,0.4810082244873047
unseen_,500,10,261001401,13,670,18,0,0,652,18,1.0431162109375,0.4772544097900391
unseen_,500,10,261001401,14,670,19,0,0,651,19,1.03967626953125,0.48478118896484373
unseen_,500,10,261001401,15,670,19,0,0,651,19,1.0428665771484376,0.47690242767333985
unseen_,500,10,261001401,16,670,20,0,0,650,20,1.0432779541015624,0.48477390289306643
unseen_,500,10,261001401,17,670,18,0,0,652,18,1.039097412109375,0.48423526763916014
unseen_,500,10,261001401,18,670,20,0,0,650,20,1.0387705078125,0.4842950439453125
unseen_,500,10,261001401,19,670,20,0,0,650,20,1.041405517578125,0.48046791076660156
unseen_,500,10,261001401,20,670,18,0,0,652,18,1.0348851318359376,0.48173908233642576
unseen_,500,10,261001401,21,670,18,0,0,652,18,1.0372899169921874,0.4811785125732422
unseen_,500,10,261001401,22,670,19,0,0,651,19,1.0394818115234374,0.48028854370117186
unseen_,500,10,261001401,23,670,19,0,0,651,19,1.0422886962890625,0.4742790985107422
unseen_,500,10,261001401,24,670,19,0,0,651,19,1.0439630126953126,0.4770243835449219
unseen_,500,10,261001401,25,670,18,0,0,652,18,1.0449559326171876,0.478684196472168
unseen_,500,10,261001401,26,670,20,0,0,650,20,1.044291259765625,0.4783861541748047
unseen_,500,10,261001401,27,670,19,0,0,651,19,1.0427574462890625,0.4768167877197266
unseen_,500,10,261001401,28,670,20,0,0,650,20,1.0406494140625,0.47851192474365234
unseen_,500,10,261001401,29,670,18,0,0,652,18,1.0439776611328124,0.4787051391601562
unseen_,500,10,261001401,30,670,20,0,0,650,20,1.0424676513671876,0.4849546813964844
unseen_,500,10,261001401,31,670,19,0,0,651,19,1.0387799072265624,0.48551334381103517
unseen_,500,10,261001401,32,670,21,0,0,649,21,1.04171533203125,0.4841461181640625
unseen_,500,10,261001401,33,670,20,0,0,650,20,1.0414368896484374,0.4825164413452148
unseen_,500,10,261001401,34,670,19,0,0,651,19,1.042671875,0.47507217407226565
unseen_,500,10,261001401,35,670,18,0,0,652,18,1.0382225341796876,0.47379390716552733
unseen_,500,10,261001401,36,670,20,0,0,650,20,1.0445634765625,0.4848640060424805
unseen_,500,10,261001401,37,670,18,0,0,652,18,1.042489501953125,0.4758200454711914
unseen_,500,10,261001401,38,670,18,0,0,652,18,1.0370498046875,0.47944198608398436
unseen_,500,10,261001401,39,670,20,0,0,650,20,1.04517431640625,0.48202991485595703
unseen_,500,10,261001401,40,670,19,0,0,651,19,1.0413929443359375,0.4851503372192383
unseen_,500,10,261001401,41,670,18,0,0,652,18,1.0367216796875,0.4747246551513672
unseen_,500,10,261001401,42,670,18,0,0,652,18,1.04378369140625,0.476640510559082
unseen_,500,10,261001401,43,670,19,0,0,651,19,1.036299072265625,0.48051441192626954
unseen_,500,10,261001401,44,670,18,0,0,652,18,1.04098876953125,0.4805049514770508
unseen_,500,10,261001401,45,670,20,0,0,650,20,1.0341568603515625,0.48079811096191405
unseen_,500,10,261001401,46,670,19,0,0,651,19,1.0382335205078126,0.48279628753662107
unseen_,500,10,261001401,47,670,19,0,0,651,19,1.044886962890625,0.4796156311035156
unseen_,500,10,261001401,48,670,19,0,0,651,19,1.042388671875,0.4749417495727539
unseen_,500,10,261001401,49,670,20,0,0,650,20,1.0418131103515624,0.47368492126464845
unseen_,500,10,261001401,50,670,17,0,0,653,17,1.0416773681640625,0.4861936569213867
unseen_,500,10,261001401,51,670,19,0,0,651,19,1.0423677978515624,0.48314247131347654
unseen_,500,10,261001401,52,670,19,0,0,651,19,1.03989892578125,0.4816897964477539
unseen_,500,10,261001401,53,670,19,0,0,651,19,1.0433172607421874,0.4764019775390625
unseen_,500,10,261001401,54,670,18,0,0,652,18,1.0427852783203124,0.47612533569335935
unseen_,500,10,261001401,55,670,19,0,0,651,19,1.0430770263671876,0.47825672149658205
unseen_,500,10,261001401,56,670,20,0,0,650,20,1.041924072265625,0.48464164733886717
unseen_,500,10,261001401,57,670,19,0,0,651,19,1.040146728515625,0.48374725341796876
unseen_,500,10,261001401,58,670,19,0,0,651,19,1.0377733154296875,0.4844663619995117
unseen_,500,10,261001401,59,670,20,0,0,650,20,1.0394825439453126,0.4820587158203125
unseen_,500,10,261001401,60,670,18,0,0,652,18,1.045162109375,0.47964038848876955
unseen_,500,10,261001401,61,670,19,0,0,651,19,1.0401531982421874,0.4739306640625
unseen_,500,10,261001401,62,670,18,0,0,652,18,1.0416444091796875,0.4810653305053711
unseen_,500,10,261001401,63,670,20,0,0,650,20,1.0427861328125,0.4836146926879883
unseen_,1000,10,261001401,0,670,5,0,0,665,5,1.0279051920572917,0.335370127360026
unseen_,1000,10,261001401,1,670,6,0,0,664,6,1.024298828125,0.33792271931966145
unseen_,1000,10,261001401,2,670,7,0,0,663,7,1.0210613606770833,0.34870338439941406
unseen_,1000,10,261001401,3,670,7,0,0,663,7,1.0285034993489583,0.3434583282470703
unseen_,1000,10,261001401,4,670,6,0,0,664,6,1.0232164713541667,0.34282155354817706
unseen_,1000,10,261001401,5,670,6,0,0,664,6,1.0130531412760417,0.33475056966145833
unseen_,1000,10,261001401,6,670,6,0,0,664,6,1.02650634765625,0.3356963094075521
unseen_,1000,10,261001401,7,670,7,0,0,663,7,1.029803955078125,0.3368109130859375
unseen_,1000,10,261001401,8,670,7,0,0,663,7,1.0230621744791666,0.3401924641927083
unseen_,1000,10,261001401,9,670,6,0,0,664,6,1.020275634765625,0.335432866414388
unseen_,1000,10,261001401,10,670,7,0,0,663,7,1.0250088704427083,0.3459660847981771
unseen_,1000,10,261001401,11,670,7,0,0,663,7,1.0326695149739584,0.3484649912516276
unseen_,1000,10,261001401,12,670,7,0,0,663,7,1.0307412923177084,0.3460020701090495
unseen_,1000,10,261001401,13,670,6,0,0,664,6,1.016786376953125,0.33625386555989584
unseen_,1000,10,261001401,14,670,7,0,0,663,7,1.02476318359375,0.3472522226969401
unseen_,1000,10,261001401,15,670,5,0,0,665,5,1.0212019856770833,0.3355078379313151
unseen_,1000,10,261001401,16,670,7,0,0,663,7,1.0310680338541667,0.3438523101806641
unseen_,1000,10,261001401,17,670,6,0,0,664,6,1.0197603352864584,0.3459791564941406
unseen_,1000,10,261001401,18,670,7,0,0,663,7,1.0300690104166668,0.33746688842773437
unseen_,1000,10,261001401,19,670,6,0,0,664,6,1.0248531087239583,0.33447481791178385
unseen_,1000,10,261001401,20,670,5,0,0,665,5,1.0219013671875,0.3357610321044922
unseen_,1000,10,261001401,21,670,5,0,0,665,5,1.02231298828125,0.33392870585123696
unseen_,1000,10,261001401,22,670,5,0,0,665,5,1.0295489908854167,0.3464324696858724
unseen_,1000,10,261001401,23,670,6,0,0,664,6,1.0295740559895834,0.33599507649739585
unseen_,1000,10,261001401,24,670,8,0,0,662,8,1.0218656412760416,0.336997553507487
unseen_,1000,10,261001401,25,670,6,0,0,664,6,1.0257351888020834,0.33717091878255206
unseen_,1000,10,261001401,26,670,7,0,0,663,7,1.0273427734375,0.3370568339029948
unseen_,1000,10,261001401,27,670,6,0,0,664,6,1.0219451497395833,0.33519259134928386
unseen_,1000,10,261001401,28,670,7,0,0,663,7,1.01853759765625,0.3330371348063151
unseen_,1000,10,261001401,29,670,6,0,0,664,6,1.021272705078125,0.33549713134765624
unseen_,1000,10,261001401,30,670,7,0,0,663,7,1.0311180826822917,0.33923121134440104
unseen_,1000,10,261001401,31,670,7,0,0,663,7,1.016564697265625,0.3342303212483724
unseen_,1000,10,261001401,32,670,7,0,0,663,7,1.029949951171875,0.33802037556966147
unseen_,1000,10,261001401,33,670,7,0,0,663,7,1.0231611328125,0.3332721455891927
unseen_,1000,10,261001401,34,670,5,0,0,665,5,1.024359130859375,0.33551315307617186
unseen_,1000,10,261001401,35,670,6,0,0,664,6,1.03029541015625,0.33902313232421877
unseen_,1000,10,261001401,36,670,8,0,0,662,8,1.0254542643229168,0.33575482686360675
unseen_,1000,10,261001401,37,670,6,0,0,664,6,1.02657861328125,0.33517115275065107
unseen_,1000,10,261001401,38,670,6,0,0,664,6,1.029095458984375,0.3387904866536458
unseen_,1000,10,261001401,39,670,6,0,0,664,6,1.0278357747395834,0.3370820617675781
unseen_,1000,10,261001401,40,670,6,0,0,664,6,1.025218017578125,0.3379969024658203
unseen_,1000,10,261001401,41,670,5,0,0,665,5,1.023553955078125,0.3350442250569661
unseen_,1000,10,261001401,42,670,5,0,0,665,5,1.019378662109375,0.33662994384765627
unseen_,1000,10,261001401,43,670,6,0,0,664,6,1.0186064453125,0.33369606018066406
unseen_,1000,10,261001401,44,670,6,0,0,664,6,1.0232945149739583,0.33519012451171876
unseen_,1000,10,261001401,45,670,6,0,0,664,6,1.0153968098958333,0.34402801513671877
unseen_,1000,10,261001401,46,670,6,0,0,664,6,1.02900341796875,0.3375217437744141
unseen_,1000,10,261001401,47,670,7,0,0,663,7,1.0296451822916666,0.33748257954915367
unseen_,1000,10,261001401,48,670,5,0,0,665,5,1.017097900390625,0.33530543009440106
unseen_,1000,10,261001401,49,670,6,0,0,664,6,1.0213134765625,0.33563824971516926
unseen_,1000,10,261001401,50,670,6,0,0,664,6,1.02665673828125,0.33513641357421875
unseen_,1000,10,261001401,51,670,7,0,0,663,7,1.020878662109375,0.3351749165852865
unseen_,1000,10,261001401,52,670,6,0,0,664,6,1.0234580891927083,0.3354265848795573
unseen_,1000,10,261001401,53,670,6,0,0,664,6,1.021454345703125,0.335596186319987
unseen_,1000,10,261001401,54,670,6,0,0,664,6,1.029256591796875,0.3350871785481771
unseen_,1000,10,261001401,55,670,6,0,0,664,6,1.0195421549479167,0.33384844462076824
unseen_,1000,10,261001401,56,670,7,0,0,663,7,1.024301513671875,0.33404284159342446
unseen_,1000,10,261001401,57,670,8,0,0,662,8,1.0316136067708332,0.3355130767822266
unseen_,1000,10,261001401,58,670,6,0,0,664,6,1.0229449869791667,0.33716163635253904
unseen_,1000,10,261001401,59,670,7,0,0,663,7,1.0106554361979168,0.33501436869303386
unseen_,1000,10,261001401,60,670,6,0,0,664,6,1.0271966145833333,0.33705164591471354
unseen_,1000,10,261001401,61,670,7,0,0,663,7,1.0173937174479166,0.3355340321858724
unseen_,1000,10,261001401,62,670,5,0,0,665,5,1.0310252278645833,0.3397004191080729
unseen_,1000,10,261001401,63,670,7,0,0,663,7,1.02300927734375,0.34677266438802085
unseen_,1500,10,261001401,0,670,3,0,0,667,3,1.017954345703125,0.24692937215169272
unseen_,1500,10,261001401,1,670,4,0,0,666,4,1.0171830240885418,0.2481866709391276
unseen_,1500,10,261001401,2,670,4,0,0,666,4,1.0210506184895833,0.24951075236002604
unseen_,1500,10,261001401,3,670,6,0,0,664,6,1.0192630208333333,0.24636690775553385
unseen_,1500,10,261001401,4,670,5,0,0,665,5,1.021681640625,0.2469457753499349
unseen_,1500,10,261001401,5,670,4,0,0,666,4,1.0202953287760417,0.2474774424235026
unseen_,1500,10,261001401,6,670,4,0,0,666,4,1.0186941731770833,0.24831855773925782
unseen_,1500,10,261001401,7,670,4,0,0,666,4,1.019697509765625,0.24776906331380208
unseen_,1500,10,261001401,8,670,4,0,0,666,4,1.01534228515625,0.24831682840983074
unseen_,1500,10,261001401,9,670,4,0,0,666,4,1.0138544921875,0.24823491414388021
unseen_,1500,10,261001401,10,670,5,0,0,665,5,1.0177481282552083,0.24790685017903646
unseen_,1500,10,261001401,11,670,5,0,0,665,5,1.0158245442708334,0.24645851135253907
unseen_,1500,10,261001401,12,670,5,0,0,665,5,1.022931396484375,0.2497850545247396
unseen_,1500,10,261001401,13,670,4,0,0,666,4,1.0170896809895833,0.24854232788085937
unseen_,1500,10,261001401,14,670,4,0,0,666,4,1.0115887858072916,0.24705879211425782
unseen_,1500,10,261001401,15,670,4,0,0,666,4,1.01630029296875,0.24751363118489583
unseen_,1500,10,261001401,16,670,5,0,0,665,5,1.017425537109375,0.2471252187093099
unseen_,1500,10,261001401,17,670,5,0,0,665,5,1.0216057942708334,0.24965543111165364
unseen_,1500,10,261001401,18,670,5,0,0,665,5,1.0100034993489584,0.2449853515625
unseen_,1500,10,261001401,19,670,4,0,0,666,4,1.017721435546875,0.2466828155517578
unseen_,1500,10,261001401,20,670,4,0,0,666,4,1.017463623046875,0.2445422108968099
unseen_,1500,10,261001401,21,670,3,0,0,667,3,1.019795654296875,0.2453998565673828
unseen_,1500,10,261001401,22,670,5,0,0,665,5,1.017791015625,0.24740745544433593
unseen_,1500,10,261001401,23,670,4,0,0,666,4,1.0160728352864583,0.24863174438476562
unseen_,1500,10,261001401,24,670,4,0,0,666,4,1.0213597005208332,0.24909675598144532
unseen_,1500,10,261001401,25,670,4,0,0,666,4,1.014628662109375,0.246380615234375
unseen_,1500,10,261001401,26,670,6,0,0,664,6,1.0221310221354167,0.24898696899414063
unseen_,1500,10,261001401,27,670,3,0,0,667,3,1.0134527994791667,0.2464745585123698
unseen_,1500,10,261001401,28,670,4,0,0,666,4,1.0129527994791667,0.24570487976074218
unseen_,1500,10,261001401,29,670,4,0,0,666,4,1.0156590983072917,0.24618817647298177
unseen_,1500,10,261001401,30,670,5,0,0,665,5,1.0224078776041667,0.2468920389811198
unseen_,1500,10,261001401,31,670,6,0,0,664,6,1.0137827962239583,0.24611412048339842
unseen_,1500,10,261001401,32,670,5,0,0,665,5,1.0182158203125,0.24750951131184895
unseen_,1500,10,261001401,33,670,4,0,0,666,4,1.022502197265625,0.24745409647623698
unseen_,1500,10,261001401,34,670,4,0,0,666,4,1.017035400390625,0.2479413604736328
unseen_,1500,10,261001401,35,670,4,0,0,666,4,1.023516845703125,0.2482227071126302
unseen_,1500,10,261001401,36,670,5,0,0,665,5,1.0148246256510416,0.24538004557291668
unseen_,1500,10,261001401,37,670,4,0,0,666,4,1.0084413248697917,0.24646344502766926
unseen_,1500,10,261001401,38,670,4,0,0,666,4,1.013670166015625,0.24701204935709636
unseen_,1500,10,261001401,39,670,5,0,0,665,5,1.0142510579427084,0.24795682271321615
unseen_,1500,10,261001401,40,670,5,0,0,665,5,1.0142784016927084,0.24607897440592447
unseen_,1500,10,261001401,41,670,4,0,0,666,4,1.018451416015625,0.24128885904947917
unseen_,1500,10,261001401,42,670,4,0,0,666,4,1.0220502115885417,0.24903788248697917
unseen_,1500,10,261001401,43,670,5,0,0,665,5,1.0119576822916667,0.24680272420247396
unseen_,1500,10,261001401,44,670,3,0,0,667,3,1.0142478841145834,0.24821517944335938
unseen_,1500,10,261001401,45,670,5,0,0,665,5,1.014601806640625,0.2485345967610677
unseen_,1500,10,261001401,46,670,4,0,0,666,4,1.0123438313802082,0.24496879577636718
unseen_,1500,10,261001401,47,670,4,0,0,666,4,1.01581982421875,0.24590059916178386
unseen_,1500,10,261001401,48,670,3,0,0,667,3,1.0149022623697916,0.24779541015625
unseen_,1500,10,261001401,49,670,4,0,0,666,4,1.014585205078125,0.24802632649739584
unseen_,1500,10,261001401,50,670,3,0,0,667,3,1.0191923014322917,0.24385711669921875
unseen_,1500,10,261001401,51,670,4,0,0,666,4,1.0212303873697917,0.24791773478190104
unseen_,1500,10,261001401,52,670,4,0,0,666,4,1.0159420572916666,0.24746144612630208
unseen_,1500,10,261001401,53,670,4,0,0,666,4,1.0219952799479166,0.24721796671549479
unseen_,1500,10,261001401,54,670,4,0,0,666,4,1.0066422526041667,0.2461255900065104
unseen_,1500,10,261001401,55,670,4,0,0,666,4,1.017520751953125,0.24598912556966146
unseen_,1500,10,261001401,56,670,3,0,0,667,3,1.0173627115885417,0.2458459218343099
unseen_,1500,10,261001401,57,670,4,0,0,666,4,1.0198577473958332,0.24791529337565105
unseen_,1500,10,261001401,58,670,3,0,0,667,3,1.01081591796875,0.2434380594889323
unseen_,1500,10,261001401,59,670,5,0,0,665,5,1.0118131510416666,0.2476116434733073
unseen_,1500,10,261001401,60,670,4,0,0,666,4,1.0235211588541666,0.2481377665201823
unseen_,1500,10,261001401,61,670,4,0,0,666,4,1.0225485026041667,0.2479192352294922
unseen_,1500,10,261001401,62,670,4,0,0,666,4,1.020537353515625,0.24720987955729168
unseen_,1500,10,261001401,63,670,5,0,0,665,5,1.021023193359375,0.24844217936197915
unseen_,500,10,261001402,0,670,18,0,0,652,18,1.04306884765625,0.4767578887939453
unseen_,500,10,261001402,1,670,18,0,0,652,18,1.0398292236328126,0.4811004638671875
unseen_,500,10,261001402,2,670,19,0,0,651,19,1.0396395263671876,0.48119091033935546
unseen_,500,10,261001402,3,670,19,0,0,651,19,1.038118408203125,0.48508113861083985
unseen_,500,10,261001402,4,670,21,0,0,649,21,1.039052001953125,0.4831289291381836
unseen_,500,10,261001402,5,670,20,0,0,650,20,1.042635498046875,0.4849802398681641
unseen_,500,10,261001402,6,670,20,0,0,650,20,1.0429322509765624,0.48258567810058595
unseen_,500,10,261001402,7,670,18,0,0,652,18,1.0436524658203126,0.48535003662109377
unseen_,500,10,261001402,8,670,20,0,0,650,20,1.04023974609375,0.48515743255615235
unseen_,500,10,261001402,9,670,19,0,0,651,19,1.039746826171875,0.47311805725097655
unseen_,500,10,261001402,10,670,20,0,0,650,20,1.037377685546875,0.48261085510253904
unseen_,500,10,261001402,11,670,21,0,0,649,21,1.040238037109375,0.48568374633789063
unseen_,500,10,261001402,12,670,20,0,0,650,20,1.0439718017578126,0.48101829528808593
unseen_,500,10,261001402,13,670,19,0,0,651,19,1.0454097900390624,0.4794186019897461
unseen_,500,10,261001402,14,670,18,0,0,652,18,1.0397640380859374,0.48456741333007813
unseen_,500,10,261001402,15,670,19,0,0,651,19,1.043556396484375,0.47771480560302737
unseen_,500,10,261001402,16,670,20,0,0,650,20,1.0440706787109375,0.4771230697631836
unseen_,500,10,261001402,17,670,19,0,0,651,19,1.0381724853515626,0.48547542572021485
unseen_,500,10,261001402,18,670,20,0,0,650,20,1.0407266845703125,0.48107406616210935
unseen_,500,10,261001402,19,670,19,0,0,651,19,1.043167724609375,0.4775405502319336
unseen_,500,10,261001402,20,670,17,0,0,653,17,1.040584228515625,0.4758447647094727
unseen_,500,10,261001402,21,670,18,0,0,652,18,1.03782373046875,0.48096160888671874
unseen_,500,10,261001402,22,670,19,0,0,651,19,1.0376583251953124,0.483287353515625
unseen_,500,10,261001402,23,670,17,0,0,653,17,1.0390791015625,0.47284740447998047
unseen_,500,10,261001402,24,670,20,0,0,650,20,1.039975830078125,0.4811967086791992
unseen_,500,10,261001402,25,670,19,0,0,651,19,1.0439432373046875,0.48065929412841796
unseen_,500,10,261001402,26,670,20,0,0,650,20,1.0417540283203126,0.4783707046508789
unseen_,500,10,261001402,27,670,19,0,0,651,19,1.042449462890625,0.4763661575317383
unseen_,500,10,261001402,28,670,20,0,0,650,20,1.0401671142578126,0.48412193298339845
unseen_,500,10,261001402,29,670,18,0,0,652,18,1.0432938232421876,0.47782794952392577
unseen_,500,10,261001402,30,670,20,0,0,650,20,1.039222900390625,0.4835844039916992
unseen_,500,10,261001402,31,670,20,0,0,650,20,1.038541259765625,0.4829235076904297
unseen_,500,10,261001402,32,670,21,0,0,649,21,1.040420654296875,0.4820248794555664
unseen_,500,10,261001402,33,670,19,0,0,651,19,1.03977490234375,0.4747101593017578
unseen_,500,10,261001402,34,670,19,0,0,651,19,1.0425552978515624,0.47493534088134765
unseen_,500,10,261001402,35,670,18,0,0,652,18,1.0396102294921874,0.4740677261352539
unseen_,500,10,261001402,36,670,18,0,0,652,18,1.03900732421875,0.4850655746459961
unseen_,500,10,261001402,37,670,18,0,0,652,18,1.04274560546875,0.4760748291015625
unseen_,500,10,261001402,38,670,16,0,0,654,16,1.03678564453125,0.4850175094604492
unseen_,500,10,261001402,39,670,19,0,0,651,19,1.042545654296875,0.4850970458984375
unseen_,500,10,261001402,40,670,21,0,0,649,21,1.0440059814453124,0.48104228973388674
unseen_,500,10,261001402,41,670,20,0,0,650,20,1.0434583740234376,0.4759980773925781
unseen_,500,10,261001402,42,670,18,0,0,652,18,1.042764892578125,0.47556098937988284
unseen_,500,10,261001402,43,670,19,0,0,651,19,1.035729736328125,0.4801947784423828
unseen_,500,10,261001402,44,670,18,0,0,652,18,1.039536376953125,0.48050167083740236
unseen_,500,10,261001402,45,670,20,0,0,650,20,1.03839404296875,0.4862250900268555
unseen_,500,10,261001402,46,670,18,0,0,652,18,1.0373297119140625,0.4722276306152344
unseen_,500,10,261001402,47,670,20,0,0,650,20,1.044711669921875,0.4852886962890625
unseen_,500,10,261001402,48,670,20,0,0,650,20,1.0431956787109375,0.4756669235229492
unseen_,500,10,261001402,49,670,19,0,0,651,19,1.0380159912109375,0.47531417846679686
unseen_,500,10,261001402,50,670,18,0,0,652,18,1.0423760986328126,0.4840048217773438
unseen_,500,10,261001402,51,670,20,0,0,650,20,1.0426845703125,0.4819257354736328
unseen_,500,10,261001402,52,670,20,0,0,650,20,1.0402032470703124,0.4744562149047852
unseen_,500,10,261001402,53,670,19,0,0,651,19,1.04328369140625,0.47638885498046873
unseen_,500,10,261001402,54,670,18,0,0,652,18,1.0428592529296874,0.4761944198608398
unseen_,500,10,261001402,55,670,19,0,0,651,19,1.0429071044921876,0.47804256439208986
unseen_,500,10,261001402,56,670,20,0,0,650,20,1.0422691650390625,0.48272296905517575
unseen_,500,10,261001402,57,670,19,0,0,651,19,1.040560546875,0.4847172927856445
unseen_,500,10,261001402,58,670,18,0,0,652,18,1.036617919921875,0.48144893646240233
unseen_,500,10,261001402,59,670,18,0,0,652,18,1.04250830078125,0.47634330749511716
unseen_,500,10,261001402,60,670,19,0,0,651,19,1.0445262451171875,0.4820498275756836
unseen_,500,10,261001402,61,670,18,0,0,652,18,1.0419324951171876,0.474488639831543
unseen_,500,10,261001402,62,670,18,0,0,652,18,1.0376986083984374,0.4798929214477539
unseen_,500,10,261001402,63,670,19,0,0,651,19,1.0426007080078126,0.485413818359375
unseen_,1000,10,261001402,0,670,5,0,0,665,5,1.0235419921875,0.3359222666422526
unseen_,1000,10,261001402,1,670,6,0,0,664,6,1.0282862955729166,0.3353086598714193
unseen_,1000,10,261001402,2,670,7,0,0,663,7,1.021057861328125,0.34863258361816407
unseen_,1000,10,261001402,3,670,6,0,0,664,6,1.0305948079427083,0.3426148223876953
unseen_,1000,10,261001402,4,670,7,0,0,663,7,1.0171289876302083,0.3429041035970052
unseen_,1000,10,261001402,5,670,8,0,0,662,8,1.0260359700520834,0.33653831481933594
unseen_,1000,10,261001402,6,670,6,0,0,664,6,1.0213785807291667,0.3358464558919271
unseen_,1000,10,261001402,7,670,7,0,0,663,7,1.0282604166666667,0.33625747680664064
unseen_,1000,10,261001402,8,670,7,0,0,663,7,1.0297610677083333,0.34459248860677083
unseen_,1000,10,261001402,9,670,6,0,0,664,6,1.0158951009114583,0.33525909423828126
unseen_,1000,10,261001402,10,670,7,0,0,663,7,1.0261648763020834,0.34751708984375
unseen_,1000,10,261001402,11,670,7,0,0,663,7,1.0241149088541666,0.3437628428141276
unseen_,1000,10,261001402,12,670,6,0,0,664,6,1.029775390625,0.3460932922363281
unseen_,1000,10,261001402,13,670,6,0,0,664,6,1.0297738444010416,0.337472407023112
unseen_,1000,10,261001402,14,670,5,0,0,665,5,1.027134521484375,0.3337016296386719
unseen_,1000,10,261001402,15,670,5,0,0,665,5,1.0222078450520833,0.33593683878580727
unseen_,1000,10,261001402,16,670,6,0,0,664,6,1.03106982421875,0.3381554921468099
unseen_,1000,10,261001402,17,670,5,0,0,665,5,1.020040771484375,0.34608729044596354
unseen_,1000,10,261001402,18,670,7,0,0,663,7,1.028654541015625,0.3419245402018229
unseen_,1000,10,261001402,19,670,5,0,0,665,5,1.0235284016927084,0.33441642761230467
unseen_,1000,10,261001402,20,670,5,0,0,665,5,1.0190478515625,0.332745361328125
unseen_,1000,10,261001402,21,670,7,0,0,663,7,1.0303423665364584,0.33738616943359373
unseen_,1000,10,261001402,22,670,5,0,0,665,5,1.030770751953125,0.34259724934895835
unseen_,1000,10,261001402,23,670,5,0,0,665,5,1.0090179850260417,0.33403963724772134
unseen_,1000,10,261001402,24,670,7,0,0,663,7,1.02320654296875,0.34772285461425784
unseen_,1000,10,261001402,25,670,5,0,0,665,5,1.0233431803385418,0.33668718973795575
unseen_,1000,10,261001402,26,670,7,0,0,663,7,1.027177734375,0.3352499135335286
unseen_,1000,10,261001402,27,670,6,0,0,664,6,1.0219656575520832,0.3351996103922526
unseen_,1000,10,261001402,28,670,6,0,0,664,6,1.0213487955729166,0.33497896830240886
unseen_,1000,10,261001402,29,670,6,0,0,664,6,1.0177743326822917,0.3350956726074219
unseen_,1000,10,261001402,30,670,7,0,0,663,7,1.025475341796875,0.33373410542805987
unseen_,1000,10,261001402,31,670,6,0,0,664,6,1.0172347819010417,0.3405424499511719
unseen_,1000,10,261001402,32,670,7,0,0,663,7,1.0278017578125,0.33678738911946615
unseen_,1000,10,261001402,33,670,5,0,0,665,5,1.028513671875,0.3347621663411458
unseen_,1000,10,261001402,34,670,5,0,0,665,5,1.0225948079427083,0.33552388509114583
unseen_,1000,10,261001402,35,670,6,0,0,664,6,1.0248780110677083,0.3351477813720703
unseen_,1000,10,261001402,36,670,8,0,0,662,8,1.02490869140625,0.337343012491862
unseen_,1000,10,261001402,37,670,6,0,0,664,6,1.0137447102864583,0.33523656209309893
unseen_,1000,10,261001402,38,670,5,0,0,665,5,1.0293208821614583,0.3387571716308594
unseen_,1000,10,261001402,39,670,6,0,0,664,6,1.0238780924479167,0.338822021484375
unseen_,1000,10,261001402,40,670,6,0,0,664,6,1.0194596354166667,0.3458679453531901
unseen_,1000,10,261001402,41,670,6,0,0,664,6,1.026611572265625,0.33617459615071615
unseen_,1000,10,261001402,42,670,6,0,0,664,6,1.02097265625,0.3362011210123698
unseen_,1000,10,261001402,43,670,6,0,0,664,6,1.027038818359375,0.34660725911458334
unseen_,1000,10,261001402,44,670,5,0,0,665,5,1.0232647298177084,0.3349968719482422
unseen_,1000,10,261001402,45,670,6,0,0,664,6,1.0156097005208333,0.34412503560384117
unseen_,1000,10,261001402,46,670,6,0,0,664,6,1.02926513671875,0.3390578206380208
unseen_,1000,10,261001402,47,670,7,0,0,663,7,1.0258548177083333,0.3367225138346354
unseen_,1000,10,261001402,48,670,6,0,0,664,6,1.0234383951822916,0.3358116404215495
unseen_,1000,10,261001402,49,670,5,0,0,665,5,1.0285853678385417,0.3369952646891276
unseen_,1000,10,261001402,50,670,6,0,0,664,6,1.0258541666666667,0.33086624145507815
unseen_,1000,10,261001402,51,670,7,0,0,663,7,1.02552099609375,0.33535563151041664
unseen_,1000,10,261001402,52,670,6,0,0,664,6,1.014299560546875,0.3351250203450521
unseen_,1000,10,261001402,53,670,6,0,0,664,6,1.0177556966145833,0.3355848948160807
unseen_,1000,10,261001402,54,670,6,0,0,664,6,1.0291669108072916,0.33510292053222657
unseen_,1000,10,261001402,55,670,6,0,0,664,6,1.0252091471354168,0.3338161468505859
unseen_,1000,10,261001402,56,670,7,0,0,663,7,1.0293828125,0.3346817525227865
unseen_,1000,10,261001402,57,670,8,0,0,662,8,1.0152724609375,0.33533154805501303
unseen_,1000,10,261001402,58,670,6,0,0,664,6,1.02376318359375,0.3373111470540365
unseen_,1000,10,261001402,59,670,7,0,0,663,7,1.015319580078125,0.33521586100260414
unseen_,1000,10,261001402,60,670,7,0,0,663,7,1.0258021647135416,0.33687744140625
unseen_,1000,10,261001402,61,670,7,0,0,663,7,1.0213173014322916,0.33571024576822917
unseen_,1000,10,261001402,62,670,5,0,0,665,5,1.0311978352864584,0.33975077311197915
unseen_,1000,10,261001402,63,670,8,0,0,662,8,1.0223267415364583,0.33858380635579427
unseen_,1500,10,261001402,0,670,4,0,0,666,4,1.013845703125,0.2484803263346354
unseen_,1500,10,261001402,1,670,4,0,0,666,4,1.0131944986979167,0.24828015645345053
unseen_,1500,10,261001402,2,670,5,0,0,665,5,1.0180563151041666,0.24907203674316405
unseen_,1500,10,261001402,3,670,5,0,0,665,5,1.019188720703125,0.24734324137369793
unseen_,1500,10,261001402,4,670,6,0,0,664,6,1.0155589192708334,0.24710772196451822
unseen_,1500,10,261001402,5,670,4,0,0,666,4,1.0212100423177084,0.24664393107096355
unseen_,1500,10,261001402,6,670,4,0,0,666,4,1.0196924641927083,0.24847882588704426
unseen_,1500,10,261001402,7,670,4,0,0,666,4,1.0161400553385416,0.24734947204589844
unseen_,1500,10,261001402,8,670,4,0,0,666,4,1.012441162109375,0.24596654256184897
unseen_,1500,10,261001402,9,670,4,0,0,666,4,1.013441162109375,0.24822105407714845
unseen_,1500,10,261001402,10,670,5,0,0,665,5,1.0190188802083333,0.24794469197591146
unseen_,1500,10,261001402,11,670,5,0,0,665,5,1.0215712890625,0.24725606282552084
unseen_,1500,10,261001402,12,670,5,0,0,665,5,1.0208492838541667,0.24950823465983074
unseen_,1500,10,261001402,13,670,5,0,0,665,5,1.0095248209635417,0.246255366007487
unseen_,1500,10,261001402,14,670,4,0,0,666,4,1.0220712076822918,0.2481555684407552
unseen_,1500,10,261001402,15,670,3,0,0,667,3,1.018799072265625,0.24780988057454428
unseen_,1500,10,261001402,16,670,5,0,0,665,5,1.0211216634114584,0.2485906982421875
unseen_,1500,10,261001402,17,670,4,0,0,666,4,1.019021728515625,0.24974716186523438
unseen_,1500,10,261001402,18,670,5,0,0,665,5,1.019576171875,0.2455840555826823
unseen_,1500,10,261001402,19,670,4,0,0,666,4,1.0149502766927083,0.24666562398274738
unseen_,1500,10,261001402,20,670,3,0,0,667,3,1.01750537109375,0.2447632344563802
unseen_,1500,10,261001402,21,670,4,0,0,666,4,1.0186136067708333,0.24537109375
unseen_,1500,10,261001402,22,670,4,0,0,666,4,1.018229248046875,0.2468950907389323
unseen_,1500,10,261001402,23,670,3,0,0,667,3,1.0109236653645832,0.2464732360839844
unseen_,1500,10,261001402,24,670,4,0,0,666,4,1.021595947265625,0.2500194549560547
unseen_,1500,10,261001402,25,670,5,0,0,665,5,1.023339111328125,0.24908968607584636
unseen_,1500,10,261001402,26,670,5,0,0,665,5,1.0212583821614583,0.24832728068033855
unseen_,1500,10,261001402,27,670,3,0,0,667,3,1.0119899088541666,0.24625043233235677
unseen_,1500,10,261001402,28,670,4,0,0,666,4,1.0195736490885416,0.24578272501627604
unseen_,1500,10,261001402,29,670,4,0,0,666,4,1.0138439127604166,0.24601285298665365
unseen_,1500,10,261001402,30,670,4,0,0,666,4,1.0217141927083333,0.24679796854654948
unseen_,1500,10,261001402,31,670,5,0,0,665,5,1.0092545572916667,0.24745526631673176
unseen_,1500,10,261001402,32,670,6,0,0,664,6,1.0137587890625,0.2473358408610026
unseen_,1500,10,261001402,33,670,3,0,0,667,3,1.0116991373697917,0.24720550537109376
unseen_,1500,10,261001402,34,670,4,0,0,666,4,1.0157603352864584,0.24807645161946615
unseen_,1500,10,261001402,35,670,3,0,0,667,3,1.0118745930989583,0.24802129109700521
unseen_,1500,10,261001402,36,670,5,0,0,665,5,1.0218973795572917,0.2453209177652995
unseen_,1500,10,261001402,37,670,4,0,0,666,4,1.0233612467447917,0.2481562296549479
unseen_,1500,10,261001402,38,670,4,0,0,666,4,1.0133697102864583,0.24566495259602864
unseen_,1500,10,261001402,39,670,5,0,0,665,5,1.02314697265625,0.24795913696289062
unseen_,1500,10,261001402,40,670,6,0,0,664,6,1.0198782552083334,0.2470129140218099
unseen_,1500,10,261001402,41,670,4,0,0,666,4,1.021263916015625,0.2487097930908203
unseen_,1500,10,261001402,42,670,4,0,0,666,4,1.021616943359375,0.24867876688639323
unseen_,1500,10,261001402,43,670,4,0,0,666,4,1.0091150716145834,0.2450818125406901
unseen_,1500,10,261001402,44,670,3,0,0,667,3,1.0124019368489583,0.24804855346679688
unseen_,1500,10,261001402,45,670,4,0,0,666,4,1.016536865234375,0.2488091786702474
unseen_,1500,10,261001402,46,670,4,0,0,666,4,1.015908203125,0.2463239542643229
unseen_,1500,10,261001402,47,670,4,0,0,666,4,1.0214086100260418,0.24534578959147135
unseen_,1500,10,261001402,48,670,4,0,0,666,4,1.0178990071614584,0.2480474853515625
unseen_,1500,10,261001402,49,670,3,0,0,667,3,1.01537646484375,0.24191912333170573
unseen_,1500,10,261001402,50,670,4,0,0,666,4,1.0065331217447917,0.24452730814615886
unseen_,1500,10,261001402,51,670,4,0,0,666,4,1.0143603515625,0.24723709106445313
unseen_,1500,10,261001402,52,670,4,0,0,666,4,1.0142928059895833,0.2480322265625
unseen_,1500,10,261001402,53,670,4,0,0,666,4,1.0203995768229166,0.24700047810872397
unseen_,1500,10,261001402,54,670,4,0,0,666,4,1.0067369791666667,0.24613410949707032
unseen_,1500,10,261001402,55,670,4,0,0,666,4,1.0224235026041666,0.24593348185221353
unseen_,1500,10,261001402,56,670,3,0,0,667,3,1.0201658528645834,0.24661425272623697
unseen_,1500,10,261001402,57,670,5,0,0,665,5,1.0139043782552084,0.2478550974527995
unseen_,1500,10,261001402,58,670,3,0,0,667,3,1.0124149576822916,0.24411478678385418
unseen_,1500,10,261001402,59,670,4,0,0,666,4,1.0082766927083333,0.2468816630045573
unseen_,1500,10,261001402,60,670,5,0,0,665,5,1.0197071940104168,0.24824488321940105
unseen_,1500,10,261001402,61,670,4,0,0,666,4,1.0142060546875,0.24795257568359375
unseen_,1500,10,261001402,62,670,4,0,0,666,4,1.0209599609375,0.24731836954752603
unseen_,1500,10,261001402,63,670,4,0,0,666,4,1.0160296223958334,0.24842613220214843
unseen_,500,10,261001403,0,670,18,0,0,652,18,1.0432493896484376,0.4769287109375
unseen_,500,10,261001403,1,670,20,0,0,650,20,1.0428148193359374,0.4771555709838867
unseen_,500,10,261001403,2,670,18,0,0,652,18,1.0396453857421875,0.4822674560546875
unseen_,500,10,261001403,3,670,20,0,0,650,20,1.0369012451171875,0.4827614974975586
unseen_,500,10,261001403,4,670,20,0,0,650,20,1.0390106201171876,0.48033847808837893
unseen_,500,10,261001403,5,670,20,0,0,650,20,1.0425411376953124,0.4807564163208008
unseen_,500,10,261001403,6,670,19,0,0,651,19,1.036282470703125,0.4802131652832031
unseen_,500,10,261001403,7,670,19,0,0,651,19,1.0418681640625,0.4853402328491211
unseen_,500,10,261001403,8,670,20,0,0,650,20,1.0427818603515624,0.4840477752685547
unseen_,500,10,261001403,9,670,18,0,0,652,18,1.0431253662109374,0.4760423278808594
unseen_,500,10,261001403,10,670,20,0,0,650,20,1.034565185546875,0.4806829833984375
unseen_,500,10,261001403,11,670,20,0,0,650,20,1.0401611328125,0.48559112548828126
unseen_,500,10,261001403,12,670,19,0,0,651,19,1.0429271240234375,0.48101459503173827
unseen_,500,10,261001403,13,670,18,0,0,652,18,1.0423292236328126,0.47641571044921877
unseen_,500,10,261001403,14,670,19,0,0,651,19,1.037172607421875,0.4843497467041016
unseen_,500,10,261001403,15,670,19,0,0,651,19,1.0421890869140624,0.4752607727050781
unseen_,500,10,261001403,16,670,20,0,0,650,20,1.0442298583984375,0.4771854019165039
unseen_,500,10,261001403,17,670,19,0,0,651,19,1.035036376953125,0.48363269805908204
unseen_,500,10,261001403,18,670,20,0,0,650,20,1.042552734375,0.48110252380371094
unseen_,500,10,261001403,19,670,20,0,0,650,20,1.04214794921875,0.48047183990478515
unseen_,500,10,261001403,20,670,18,0,0,652,18,1.040706787109375,0.475975341796875
unseen_,500,10,261001403,21,670,18,0,0,652,18,1.04472119140625,0.47951576232910154
unseen_,500,10,261001403,22,670,19,0,0,651,19,1.0398756103515625,0.4846778869628906
unseen_,500,10,261001403,23,670,19,0,0,651,19,1.0449942626953126,0.4787166976928711
unseen_,500,10,261001403,24,670,19,0,0,651,19,1.0399361572265624,0.4814905548095703
unseen_,500,10,261001403,25,670,19,0,0,651,19,1.0439971923828124,0.48065967559814454
unseen_,500,10,261001403,26,670,19,0,0,651,19,1.0432137451171875,0.47835609436035154
unseen_,500,10,261001403,27,670,19,0,0,651,19,1.038583251953125,0.4730664825439453
unseen_,500,10,261001403,28,670,20,0,0,650,20,1.0407359619140626,0.47855411529541014
unseen_,500,10,261001403,29,670,19,0,0,651,19,1.042302734375,0.4759244537353516
unseen_,500,10,261001403,30,670,19,0,0,651,19,1.0417835693359374,0.48232250213623046
unseen_,500,10,261001403,31,670,19,0,0,651,19,1.0376474609375,0.48257537841796877
unseen_,500,10,261001403,32,670,20,0,0,650,20,1.0397841796875,0.4847165298461914
unseen_,500,10,261001403,33,670,19,0,0,651,19,1.037562744140625,0.4819533920288086
unseen_,500,10,261001403,34,670,19,0,0,651,19,1.0437608642578124,0.47706367492675783
unseen_,500,10,261001403,35,670,19,0,0,651,19,1.0428743896484376,0.4780081176757813
unseen_,500,10,261001403,36,670,20,0,0,650,20,1.04456591796875,0.4843109893798828
unseen_,500,10,261001403,37,670,18,0,0,652,18,1.04278076171875,0.4761054992675781
unseen_,500,10,261001403,38,670,17,0,0,653,17,1.03679638671875,0.4794327926635742
unseen_,500,10,261001403,39,670,19,0,0,651,19,1.0444581298828124,0.4788547134399414
unseen_,500,10,261001403,40,670,19,0,0,651,19,1.040171630859375,0.48225635528564453
unseen_,500,10,261001403,41,670,20,0,0,650,20,1.045416259765625,0.4792074966430664
unseen_,500,10,261001403,42,670,18,0,0,652,18,1.0437061767578124,0.47660324096679685
unseen_,500,10,261001403,43,670,19,0,0,651,19,1.0364835205078125,0.4850525665283203
unseen_,500,10,261001403,44,670,18,0,0,652,18,1.0400089111328126,0.48050506591796877
unseen_,500,10,261001403,45,670,19,0,0,651,19,1.0362252197265625,0.48497451782226564
unseen_,500,10,261001403,46,670,19,0,0,651,19,1.0426031494140624,0.47909461975097656
unseen_,500,10,261001403,47,670,19,0,0,651,19,1.040280029296875,0.48034732818603515
unseen_,500,10,261001403,48,670,19,0,0,651,19,1.0400582275390624,0.4735252380371094
unseen_,500,10,261001403,49,670,20,0,0,650,20,1.0375113525390625,0.48369354248046875
unseen_,500,10,261001403,50,670,18,0,0,652,18,1.043068359375,0.47549488067626955
unseen_,500,10,261001403,51,670,19,0,0,651,19,1.04201025390625,0.48422893524169924
unseen_,500,10,261001403,52,670,18,0,0,652,18,1.039890869140625,0.47437305450439454
unseen_,500,10,261001403,53,670,19,0,0,651,19,1.0432154541015626,0.47635353088378907
unseen_,500,10,261001403,54,670,19,0,0,651,19,1.0430028076171876,0.47631336212158204
unseen_,500,10,261001403,55,670,19,0,0,651,19,1.0424232177734376,0.47751483917236326
unseen_,500,10,261001403,56,670,21,0,0,649,21,1.0426246337890626,0.4838226318359375
unseen_,500,10,261001403,57,670,19,0,0,651,19,1.0420791015625,0.4823019027709961
unseen_,500,10,261001403,58,670,19,0,0,651,19,1.0363958740234376,0.4823920440673828
unseen_,500,10,261001403,59,670,18,0,0,652,18,1.041857421875,0.47560825347900393
unseen_,500,10,261001403,60,670,18,0,0,652,18,1.0448768310546874,0.47926090240478514
unseen_,500,10,261001403,61,670,19,0,0,651,19,1.040173095703125,0.4738362503051758
unseen_,500,10,261001403,62,670,17,0,0,653,17,1.038340576171875,0.47545692443847654
unseen_,500,10,261001403,63,670,20,0,0,650,20,1.04286767578125,0.4810727310180664
unseen_,1000,10,261001403,0,670,4,0,0,666,4,1.0249429524739584,0.3361179860432943
unseen_,1000,10,261001403,1,670,7,0,0,663,7,1.0280747884114583,0.3360579172770182
unseen_,1000,10,261001403,2,670,7,0,0,663,7,1.025784423828125,0.3467267354329427
unseen_,1000,10,261001403,3,670,7,0,0,663,7,1.0314807942708333,0.3400108846028646
unseen_,1000,10,261001403,4,670,6,0,0,664,6,1.0231431477864583,0.3428382364908854
unseen_,1000,10,261001403,5,670,7,0,0,663,7,1.0227508951822917,0.33617630004882815
unseen_,1000,10,261001403,6,670,6,0,0,664,6,1.0321317545572917,0.33815951029459634
unseen_,1000,10,261001403,7,670,7,0,0,663,7,1.0141542154947916,0.34131924947102865
unseen_,1000,10,261001403,8,670,7,0,0,663,7,1.0275408528645833,0.33678815205891927
unseen_,1000,10,261001403,9,670,6,0,0,664,6,1.0268548990885418,0.33636220296223956
unseen_,1000,10,261001403,10,670,8,0,0,662,8,1.0304915364583334,0.3480145772298177
unseen_,1000,10,261001403,11,670,7,0,0,663,7,1.0294576009114584,0.3425997416178385
unseen_,1000,10,261001403,12,670,6,0,0,664,6,1.027677734375,0.34606290181477867
unseen_,1000,10,261001403,13,670,6,0,0,664,6,1.013009521484375,0.3354919179280599
unseen_,1000,10,261001403,14,670,6,0,0,664,6,1.031141845703125,0.33915682474772135
unseen_,1000,10,261001403,15,670,5,0,0,665,5,1.0242135416666667,0.3352097574869792
unseen_,1000,10,261001403,16,670,6,0,0,664,6,1.0310799967447917,0.338082758585612
unseen_,1000,10,261001403,17,670,5,0,0,665,5,1.02348486328125,0.33498746236165367
unseen_,1000,10,261001403,18,670,7,0,0,663,7,1.0277587890625,0.33682998657226565
unseen_,1000,10,261001403,19,670,6,0,0,664,6,1.0280537109375,0.3348346710205078
unseen_,1000,10,261001403,20,670,6,0,0,664,6,1.0202745768229167,0.3348656972249349
unseen_,1000,10,261001403,21,670,6,0,0,664,6,1.016162109375,0.33384414672851564
unseen_,1000,10,261001403,22,670,6,0,0,664,6,1.0317569986979167,0.3386151123046875
unseen_,1000,10,261001403,23,670,6,0,0,664,6,1.0259138997395834,0.33742762247721353
unseen_,1000,10,261001403,24,670,7,0,0,663,7,1.02473046875,0.33488072713216144
unseen_,1000,10,261001403,25,670,5,0,0,665,5,1.02334375,0.3367224884033203
unseen_,1000,10,261001403,26,670,6,0,0,664,6,1.0270143229166666,0.3360925547281901
unseen_,1000,10,261001403,27,670,5,0,0,665,5,1.0239036458333333,0.33574793497721356
unseen_,1000,10,261001403,28,670,7,0,0,663,7,1.012490234375,0.3331189473470052
unseen_,1000,10,261001403,29,670,6,0,0,664,6,1.0283203125,0.33458714803059897
unseen_,1000,10,261001403,30,670,6,0,0,664,6,1.0290477701822918,0.3389022064208984
unseen_,1000,10,261001403,31,670,5,0,0,665,5,1.0281324055989582,0.3335241190592448
unseen_,1000,10,261001403,32,670,6,0,0,664,6,1.0234146321614583,0.3352569325764974
unseen_,1000,10,261001403,33,670,5,0,0,665,5,1.0171233723958333,0.3344291432698568
unseen_,1000,10,261001403,34,670,6,0,0,664,6,1.0275796712239584,0.3364764658610026
unseen_,1000,10,261001403,35,670,6,0,0,664,6,1.0184117024739583,0.33607739766438804
unseen_,1000,10,261001403,36,670,8,0,0,662,8,1.0281634114583333,0.3381374359130859
unseen_,1000,10,261001403,37,670,6,0,0,664,6,1.023465576171875,0.3352461242675781
unseen_,1000,10,261001403,38,670,6,0,0,664,6,1.0292877604166666,0.3387645975748698
unseen_,1000,10,261001403,39,670,6,0,0,664,6,1.0244523111979167,0.33667439778645836
unseen_,1000,10,261001403,40,670,6,0,0,664,6,1.025466796875,0.3363288116455078
unseen_,1000,10,261001403,41,670,6,0,0,664,6,1.02663671875,0.3371392567952474
unseen_,1000,10,261001403,42,670,5,0,0,665,5,1.019113037109375,0.3366102091471354
unseen_,1000,10,261001403,43,670,7,0,0,663,7,1.0260037434895832,0.3383691914876302
unseen_,1000,10,261001403,44,670,5,0,0,665,5,1.0232977701822916,0.3351733907063802
unseen_,1000,10,261001403,45,670,5,0,0,665,5,1.014600341796875,0.34511586507161457
unseen_,1000,10,261001403,46,670,5,0,0,665,5,1.0303556315104168,0.3393652852376302
unseen_,1000,10,261001403,47,670,7,0,0,663,7,1.024860107421875,0.3365415954589844
unseen_,1000,10,261001403,48,670,4,0,0,666,4,1.0149375,0.3352171579996745
unseen_,1000,10,261001403,49,670,7,0,0,663,7,1.0173688151041667,0.3329144541422526
unseen_,1000,10,261001403,50,670,6,0,0,664,6,1.022568359375,0.3358312225341797
unseen_,1000,10,261001403,51,670,7,0,0,663,7,1.0189629720052082,0.33497309366861977
unseen_,1000,10,261001403,52,670,6,0,0,664,6,1.0180858561197916,0.3350606282552083
unseen_,1000,10,261001403,53,670,7,0,0,663,7,1.0228692220052082,0.33555951436360676
unseen_,1000,10,261001403,54,670,8,0,0,662,8,1.0169541015625,0.3353852335611979
unseen_,1000,10,261001403,55,670,6,0,0,664,6,1.0153447265625,0.3340124766031901
unseen_,1000,10,261001403,56,670,8,0,0,662,8,1.0219733072916666,0.3346325937906901
unseen_,1000,10,261001403,57,670,8,0,0,662,8,1.020383544921875,0.3358001708984375
unseen_,1000,10,261001403,58,670,6,0,0,664,6,1.0292523600260417,0.3404955800374349
unseen_,1000,10,261001403,59,670,7,0,0,663,7,1.0127747395833333,0.3348785400390625
unseen_,1000,10,261001403,60,670,6,0,0,664,6,1.0258307291666666,0.3369061279296875
unseen_,1000,10,261001403,61,670,7,0,0,663,7,1.0180428059895834,0.3355931091308594
unseen_,1000,10,261001403,62,670,5,0,0,665,5,1.0208360188802084,0.3339270273844401
unseen_,1000,10,261001403,63,670,7,0,0,663,7,1.0229466145833332,0.336187744140625
unseen_,1500,10,261001403,0,670,4,0,0,666,4,1.0123370768229167,0.2464453125
unseen_,1500,10,261001403,1,670,4,0,0,666,4,1.01310205078125,0.24822497049967449
unseen_,1500,10,261001403,2,670,4,0,0,666,4,1.0165472005208334,0.24858642578125
unseen_,1500,10,261001403,3,670,6,0,0,664,6,1.0170043131510416,0.24487754821777344
unseen_,1500,10,261001403,4,670,5,0,0,665,5,1.0216287434895834,0.24693003336588543
unseen_,1500,10,261001403,5,670,5,0,0,665,5,1.0204202473958333,0.2484539540608724
unseen_,1500,10,261001403,6,670,5,0,0,665,5,1.0176353352864584,0.24662183125813802
unseen_,1500,10,261001403,7,670,5,0,0,665,5,1.01301220703125,0.2466331736246745
unseen_,1500,10,261001403,8,670,5,0,0,665,5,1.0168606770833333,0.24842394510904947
unseen_,1500,10,261001403,9,670,5,0,0,665,5,1.0199453125,0.2486994171142578
unseen_,1500,10,261001403,10,670,5,0,0,665,5,1.0193355305989584,0.24787246704101562
unseen_,1500,10,261001403,11,670,5,0,0,665,5,1.0205702311197917,0.24689297993977866
unseen_,1500,10,261001403,12,670,5,0,0,665,5,1.018382080078125,0.24913558959960938
unseen_,1500,10,261001403,13,670,3,0,0,667,3,1.0198548990885417,0.2464349873860677
unseen_,1500,10,261001403,14,670,4,0,0,666,4,1.0233424479166666,0.2478784688313802
unseen_,1500,10,261001403,15,670,3,0,0,667,3,1.01530322265625,0.24743303934733074
unseen_,1500,10,261001403,16,670,5,0,0,665,5,1.0222183430989584,0.24869580586751303
unseen_,1500,10,261001403,17,670,5,0,0,665,5,1.0185033365885416,0.24964492797851562
unseen_,1500,10,261001403,18,670,5,0,0,665,5,1.0179160970052084,0.2457214864095052
unseen_,1500,10,261001403,19,670,4,0,0,666,4,1.017626220703125,0.24691141764322916
unseen_,1500,10,261001403,20,670,4,0,0,666,4,1.0177456868489583,0.24757771809895834
unseen_,1500,10,261001403,21,670,4,0,0,666,4,1.0127357584635417,0.2446087392171224
unseen_,1500,10,261001403,22,670,4,0,0,666,4,1.0203047688802083,0.2471507517496745
unseen_,1500,10,261001403,23,670,4,0,0,666,4,1.01744189453125,0.24662531534830728
unseen_,1500,10,261001403,24,670,4,0,0,666,4,1.0166835123697917,0.2477691141764323
unseen_,1500,10,261001403,25,670,5,0,0,665,5,1.02372900390625,0.24912862141927083
unseen_,1500,10,261001403,26,670,5,0,0,665,5,1.020938232421875,0.24826212565104167
unseen_,1500,10,261001403,27,670,3,0,0,667,3,1.0116298828125,0.2456805419921875
unseen_,1500,10,261001403,28,670,4,0,0,666,4,1.0138453776041667,0.2458886973063151
unseen_,1500,10,261001403,29,670,4,0,0,666,4,1.0133610026041666,0.2457129414876302
unseen_,1500,10,261001403,30,670,5,0,0,665,5,1.0230101725260417,0.24644940694173176
unseen_,1500,10,261001403,31,670,5,0,0,665,5,1.022722900390625,0.24946558634440105
unseen_,1500,10,261001403,32,670,5,0,0,665,5,1.013637939453125,0.2455968983968099
unseen_,1500,10,261001403,33,670,5,0,0,665,5,1.0222285970052083,0.2484984842936198
unseen_,1500,10,261001403,34,670,5,0,0,665,5,1.018194580078125,0.24814776102701822
unseen_,1500,10,261001403,35,670,5,0,0,665,5,1.0202193196614584,0.24880528767903645
unseen_,1500,10,261001403,36,670,5,0,0,665,5,1.017688232421875,0.24538340250651042
unseen_,1500,10,261001403,37,670,4,0,0,666,4,1.0087661946614583,0.24652740478515625
unseen_,1500,10,261001403,38,670,4,0,0,666,4,1.013427001953125,0.24697237650553386
unseen_,1500,10,261001403,39,670,4,0,0,666,4,1.0204449055989584,0.2479975128173828
unseen_,1500,10,261001403,40,670,5,0,0,665,5,1.0203087565104167,0.24747230529785155
unseen_,1500,10,261001403,41,670,5,0,0,665,5,1.0125067545572917,0.24557785034179688
unseen_,1500,10,261001403,42,670,4,0,0,666,4,1.0214276529947917,0.24899553934733074
unseen_,1500,10,261001403,43,670,4,0,0,666,4,1.0104346516927083,0.24545038859049478
unseen_,1500,10,261001403,44,670,3,0,0,667,3,1.0138675944010416,0.24819348653157552
unseen_,1500,10,261001403,45,670,5,0,0,665,5,1.0192296549479167,0.24684616088867187
unseen_,1500,10,261001403,46,670,3,0,0,667,3,1.0186686197916666,0.24694307963053386
unseen_,1500,10,261001403,47,670,4,0,0,666,4,1.02072705078125,0.24620651245117187
unseen_,1500,10,261001403,48,670,4,0,0,666,4,1.017990234375,0.24798578898111978
unseen_,1500,10,261001403,49,670,4,0,0,666,4,1.0206390787760418,0.24686060587565103
unseen_,1500,10,261001403,50,670,3,0,0,667,3,1.0184757486979166,0.2483135223388672
unseen_,1500,10,261001403,51,670,4,0,0,666,4,1.0153660481770834,0.2451178741455078
unseen_,1500,10,261001403,52,670,3,0,0,667,3,1.012524169921875,0.24796890258789062
unseen_,1500,10,261001403,53,670,4,0,0,666,4,1.0220546061197917,0.24721026102701824
unseen_,1500,10,261001403,54,670,5,0,0,665,5,1.0095995279947916,0.24667193094889323
unseen_,1500,10,261001403,55,670,4,0,0,666,4,1.0206649576822917,0.24628092447916666
unseen_,1500,10,261001403,56,670,5,0,0,665,5,1.022151611328125,0.24703628540039063
unseen_,1500,10,261001403,57,670,4,0,0,666,4,1.0142647298177083,0.24797093709309895
unseen_,1500,10,261001403,58,670,4,0,0,666,4,1.0123986002604166,0.24344584147135417
unseen_,1500,10,261001403,59,670,4,0,0,666,4,1.0069920247395834,0.24694018046061197
unseen_,1500,10,261001403,60,670,4,0,0,666,4,1.0221795247395833,0.24803304036458335
unseen_,1500,10,261001403,61,670,4,0,0,666,4,1.02253173828125,0.24793052673339844
unseen_,1500,10,261001403,62,670,3,0,0,667,3,1.005186279296875,0.24546165466308595
unseen_,1500,10,261001403,63,670,5,0,0,665,5,1.01857421875,0.24845664978027343
unseen_,500,15,261001401,0,670,17,0,0,653,17,1.0387486572265625,0.4825646209716797
unseen_,500,15,261001401,1,670,17,0,0,653,17,1.040192138671875,0.47908084869384765
unseen_,500,15,261001401,2,670,18,0,0,652,18,1.0415921630859375,0.48300724029541015
unseen_,500,15,261001401,3,670,20,0,0,650,20,1.038843017578125,0.4825846099853516
unseen_,500,15,261001401,4,670,19,0,0,651,19,1.037571044921875,0.4821116256713867
unseen_,500,15,261001401,5,670,19,0,0,651,19,1.0407965087890625,0.4813876724243164
unseen_,500,15,261001401,6,670,18,0,0,652,18,1.0407088623046874,0.47454784393310545
unseen_,500,15,261001401,7,670,18,0,0,652,18,1.043500244140625,0.48482868194580075
unseen_,500,15,261001401,8,670,18,0,0,652,18,1.040297119140625,0.4826337814331055
unseen_,500,15,261001401,9,670,17,0,0,653,17,1.0361038818359376,0.4688047790527344
unseen_,500,15,261001401,10,670,19,0,0,651,19,1.0401328125,0.4831877899169922
unseen_,500,15,261001401,11,670,18,0,0,652,18,1.040916015625,0.4806995391845703
unseen_,500,15,261001401,12,670,19,0,0,651,19,1.03910009765625,0.48293384552001956
unseen_,500,15,261001401,13,670,18,0,0,652,18,1.0351175537109376,0.46930320739746095
unseen_,500,15,261001401,14,670,19,0,0,651,19,1.041465087890625,0.48272945404052736
unseen_,500,15,261001401,15,670,18,0,0,652,18,1.03833251953125,0.4716091537475586
unseen_,500,15,261001401,16,670,18,0,0,652,18,1.0396973876953124,0.4720688247680664
unseen_,500,15,261001401,17,670,17,0,0,653,17,1.04507470703125,0.48431636810302736
unseen_,500,15,261001401,18,670,19,0,0,651,19,1.043347900390625,0.4836109161376953
unseen_,500,15,261001401,19,670,18,0,0,652,18,1.0390489501953124,0.48271640777587893
unseen_,500,15,261001401,20,670,17,0,0,653,17,1.0396044921875,0.4830056381225586
unseen_,500,15,261001401,21,670,17,0,0,653,17,1.0380118408203125,0.47541667938232424
unseen_,500,15,261001401,22,670,18,0,0,652,18,1.046037841796875,0.4840715789794922
unseen_,500,15,261001401,23,670,16,0,0,654,16,1.03483984375,0.4671757507324219
unseen_,500,15,261001401,24,670,18,0,0,652,18,1.040393798828125,0.4735280227661133
unseen_,500,15,261001401,25,670,18,0,0,652,18,1.0424305419921875,0.4829670333862305
unseen_,500,15,261001401,26,670,19,0,0,651,19,1.0358697509765624,0.47972248077392576
unseen_,500,15,261001401,27,670,17,0,0,653,17,1.033799560546875,0.47603038787841795
unseen_,500,15,261001401,28,670,19,0,0,651,19,1.0367637939453125,0.48013126373291015
unseen_,500,15,261001401,29,670,18,0,0,652,18,1.038422119140625,0.4731292724609375
unseen_,500,15,261001401,30,670,19,0,0,651,19,1.0433021240234375,0.4825200271606445
unseen_,500,15,261001401,31,670,19,0,0,651,19,1.04503955078125,0.48480026245117186
unseen_,500,15,261001401,32,670,19,0,0,651,19,1.0422091064453125,0.47966392517089845
unseen_,500,15,261001401,33,670,19,0,0,651,19,1.041107421875,0.4788755798339844
unseen_,500,15,261001401,34,670,20,0,0,650,20,1.0423114013671875,0.46957576751708985
unseen_,500,15,261001401,35,670,18,0,0,652,18,1.0363375244140625,0.46847557067871093
unseen_,500,15,261001401,36,670,18,0,0,652,18,1.0419442138671875,0.4843473052978516
unseen_,500,15,261001401,37,670,17,0,0,653,17,1.0367791748046875,0.4708747100830078
unseen_,500,15,261001401,38,670,17,0,0,653,17,1.036830078125,0.48153682708740236
unseen_,500,15,261001401,39,670,18,0,0,652,18,1.039163330078125,0.4811969757080078
unseen_,500,15,261001401,40,670,18,0,0,652,18,1.038841796875,0.48275787353515626
unseen_,500,15,261001401,41,670,19,0,0,651,19,1.03602099609375,0.4690860748291016
unseen_,500,15,261001401,42,670,17,0,0,653,17,1.038072509765625,0.47133861541748046
unseen_,500,15,261001401,43,670,19,0,0,651,19,1.0433565673828125,0.48231483459472657
unseen_,500,15,261001401,44,670,17,0,0,653,17,1.0431234130859375,0.4697696304321289
unseen_,500,15,261001401,45,670,19,0,0,651,19,1.040034423828125,0.4737841033935547
unseen_,500,15,261001401,46,670,18,0,0,652,18,1.040238037109375,0.4828823089599609
unseen_,500,15,261001401,47,670,19,0,0,651,19,1.038626708984375,0.4734214782714844
unseen_,500,15,261001401,48,670,19,0,0,651,19,1.036192626953125,0.4700373458862305
unseen_,500,15,261001401,49,670,19,0,0,651,19,1.0372548828125,0.4802421569824219
unseen_,500,15,261001401,50,670,17,0,0,653,17,1.036367919921875,0.4701613616943359
unseen_,500,15,261001401,51,670,19,0,0,651,19,1.0419674072265626,0.48001922607421876
unseen_,500,15,261001401,52,670,18,0,0,652,18,1.040895751953125,0.47653114318847656
unseen_,500,15,261001401,53,670,18,0,0,652,18,1.0398875732421875,0.4777948760986328
unseen_,500,15,261001401,54,670,17,0,0,653,17,1.0374818115234374,0.47119621276855467
unseen_,500,15,261001401,55,670,19,0,0,651,19,1.0374420166015625,0.4705213165283203
unseen_,500,15,261001401,56,670,18,0,0,652,18,1.0411260986328126,0.48069271087646487
unseen_,500,15,261001401,57,670,19,0,0,651,19,1.0408369140625,0.4756657791137695
unseen_,500,15,261001401,58,670,18,0,0,652,18,1.0372257080078124,0.48188228607177735
unseen_,500,15,261001401,59,670,18,0,0,652,18,1.0380771484375,0.47118118286132815
unseen_,500,15,261001401,60,670,18,0,0,652,18,1.0398311767578126,0.4741610336303711
unseen_,500,15,261001401,61,670,18,0,0,652,18,1.0359400634765625,0.4685753631591797
unseen_,500,15,261001401,62,670,17,0,0,653,17,1.034116455078125,0.47414676666259764
unseen_,500,15,261001401,63,670,19,0,0,651,19,1.04032958984375,0.47377552032470704
unseen_,1000,15,261001401,0,670,5,0,0,665,5,1.0249796549479167,0.34212669372558596
unseen_,1000,15,261001401,1,670,5,0,0,665,5,1.018499267578125,0.3351299540201823
unseen_,1000,15,261001401,2,670,7,0,0,663,7,1.0300756022135418,0.3449724324544271
unseen_,1000,15,261001401,3,670,7,0,0,663,7,1.02814453125,0.34098559061686196
unseen_,1000,15,261001401,4,670,7,0,0,663,7,1.0280830078125,0.33772382100423176
unseen_,1000,15,261001401,5,670,6,0,0,664,6,1.023738037109375,0.3356178283691406
unseen_,1000,15,261001401,6,670,6,0,0,664,6,1.0214060872395834,0.33707071940104166
unseen_,1000,15,261001401,7,670,6,0,0,664,6,1.019382568359375,0.33717615763346354
unseen_,1000,15,261001401,8,670,7,0,0,663,7,1.028044921875,0.3359342702229818
unseen_,1000,15,261001401,9,670,6,0,0,664,6,1.0250660807291667,0.3352503204345703
unseen_,1000,15,261001401,10,670,6,0,0,664,6,1.030339111328125,0.3368582916259766
unseen_,1000,15,261001401,11,670,7,0,0,663,7,1.028927978515625,0.33645678202311197
unseen_,1000,15,261001401,12,670,5,0,0,665,5,1.0282017415364584,0.3415474700927734
unseen_,1000,15,261001401,13,670,6,0,0,664,6,1.0266185709635416,0.33547907511393227
unseen_,1000,15,261001401,14,670,7,0,0,663,7,1.0312775065104167,0.34329671223958336
unseen_,1000,15,261001401,15,670,5,0,0,665,5,1.017735595703125,0.33518394470214846
unseen_,1000,15,261001401,16,670,6,0,0,664,6,1.024126708984375,0.3371009826660156
unseen_,1000,15,261001401,17,670,6,0,0,664,6,1.0264554036458333,0.3414006551106771
unseen_,1000,15,261001401,18,670,5,0,0,665,5,1.0224965006510416,0.33629781087239585
unseen_,1000,15,261001401,19,670,6,0,0,664,6,1.0255084635416667,0.33366605122884113
unseen_,1000,15,261001401,20,670,5,0,0,665,5,1.0293362630208334,0.3312903594970703
unseen_,1000,15,261001401,21,670,5,0,0,665,5,1.0217412109375,0.3345199330647786
unseen_,1000,15,261001401,22,670,6,0,0,664,6,1.024891357421875,0.33761830647786456
unseen_,1000,15,261001401,23,670,5,0,0,665,5,1.0292100423177084,0.3397376251220703
unseen_,1000,15,261001401,24,670,7,0,0,663,7,1.0210489095052084,0.3367833455403646
unseen_,1000,15,261001401,25,670,5,0,0,665,5,1.02655078125,0.33817253112792967
unseen_,1000,15,261001401,26,670,6,0,0,664,6,1.0200132649739584,0.33491121927897133
unseen_,1000,15,261001401,27,670,4,0,0,666,4,1.027217041015625,0.338951416015625
unseen_,1000,15,261001401,28,670,7,0,0,663,7,1.0283589680989584,0.3378001912434896
unseen_,1000,15,261001401,29,670,5,0,0,665,5,1.0257548014322917,0.3375165049235026
unseen_,1000,15,261001401,30,670,6,0,0,664,6,1.0244720865885417,0.33818402608235676
unseen_,1000,15,261001401,31,670,6,0,0,664,6,1.028323486328125,0.33368189493815104
unseen_,1000,15,261001401,32,670,7,0,0,663,7,1.0277215983072916,0.3345435078938802
unseen_,1000,15,261001401,33,670,6,0,0,664,6,1.0302811686197917,0.33765772501627606
unseen_,1000,15,261001401,34,670,6,0,0,664,6,1.0212076822916667,0.3351042938232422
unseen_,1000,15,261001401,35,670,5,0,0,665,5,1.0317884114583333,0.34069793701171874
unseen_,1000,15,261001401,36,670,8,0,0,662,8,1.01960986328125,0.3338738505045573
unseen_,1000,15,261001401,37,670,5,0,0,665,5,1.0226734212239583,0.3344129435221354
unseen_,1000,15,261001401,38,670,5,0,0,665,5,1.0254955240885417,0.33826217651367185
unseen_,1000,15,261001401,39,670,6,0,0,664,6,1.019036865234375,0.3355450439453125
unseen_,1000,15,261001401,40,670,5,0,0,665,5,1.02445263671875,0.3402342478434245
unseen_,1000,15,261001401,41,670,6,0,0,664,6,1.0138889973958334,0.3352736155192057
unseen_,1000,15,261001401,42,670,5,0,0,665,5,1.0228065592447917,0.33595359802246094
unseen_,1000,15,261001401,43,670,7,0,0,663,7,1.0315323079427083,0.33302958170572916
unseen_,1000,15,261001401,44,670,3,0,0,667,3,1.0235030924479167,0.33516204833984375
unseen_,1000,15,261001401,45,670,5,0,0,665,5,1.0211038411458333,0.33607475280761717
unseen_,1000,15,261001401,46,670,4,0,0,666,4,1.0250748697916667,0.33814198811848956
unseen_,1000,15,261001401,47,670,6,0,0,664,6,1.0233601888020833,0.33667816162109376
unseen_,1000,15,261001401,48,670,5,0,0,665,5,1.0210953776041667,0.3347848256429036
unseen_,1000,15,261001401,49,670,6,0,0,664,6,1.0292334798177083,0.3340033721923828
unseen_,1000,15,261001401,50,670,6,0,0,664,6,1.024274658203125,0.3351023610432943
unseen_,1000,15,261001401,51,670,7,0,0,663,7,1.03071875,0.33463272094726565
unseen_,1000,15,261001401,52,670,6,0,0,664,6,1.0252025553385418,0.33747522989908857
unseen_,1000,15,261001401,53,670,7,0,0,663,7,1.0298238932291666,0.33895187377929686
unseen_,1000,15,261001401,54,670,6,0,0,664,6,1.032169677734375,0.3403014882405599
unseen_,1000,15,261001401,55,670,6,0,0,664,6,1.0278790690104167,0.33693448384602864
unseen_,1000,15,261001401,56,670,7,0,0,663,7,1.0186588541666666,0.33304601033528647
unseen_,1000,15,261001401,57,670,8,0,0,662,8,1.0256569010416667,0.3371614329020182
unseen_,1000,15,261001401,58,670,6,0,0,664,6,1.0194152018229166,0.33640836079915365
unseen_,1000,15,261001401,59,670,6,0,0,664,6,1.0231796875,0.33449101765950523
unseen_,1000,15,261001401,60,670,6,0,0,664,6,1.021099853515625,0.3360851287841797
unseen_,1000,15,261001401,61,670,6,0,0,664,6,1.02896728515625,0.3394468180338542
unseen_,1000,15,261001401,62,670,5,0,0,665,5,1.0299273274739584,0.3397534942626953
unseen_,1000,15,261001401,63,670,7,0,0,663,7,1.02675439453125,0.33664082845052085
unseen_,1500,15,261001401,0,670,5,0,0,665,5,1.0077360026041666,0.24617848714192708
unseen_,1500,15,261001401,1,670,4,0,0,666,4,1.0219869791666667,0.24813234965006511
unseen_,1500,15,261001401,2,670,5,0,0,665,5,1.01755126953125,0.24853594462076822
unseen_,1500,15,261001401,3,670,6,0,0,664,6,1.0222993977864583,0.24711344401041666
unseen_,1500,15,261001401,4,670,6,0,0,664,6,1.01205908203125,0.24571825663248698
unseen_,1500,15,261001401,5,670,4,0,0,666,4,1.0190082194010417,0.24834119160970053
unseen_,1500,15,261001401,6,670,4,0,0,666,4,1.017054443359375,0.24785319010416668
unseen_,1500,15,261001401,7,670,5,0,0,665,5,1.0145515950520834,0.24645492553710938
unseen_,1500,15,261001401,8,670,4,0,0,666,4,1.0163794759114584,0.24823323567708333
unseen_,1500,15,261001401,9,670,4,0,0,666,4,1.022424072265625,0.2481201171875
unseen_,1500,15,261001401,10,670,5,0,0,665,5,1.0182212727864584,0.24787040710449218
unseen_,1500,15,261001401,11,670,4,0,0,666,4,1.0211337890625,0.248924560546875
unseen_,1500,15,261001401,12,670,5,0,0,665,5,1.0213479817708333,0.24863932291666666
unseen_,1500,15,261001401,13,670,3,0,0,667,3,1.0062168782552083,0.24563735961914063
unseen_,1500,15,261001401,14,670,4,0,0,666,4,1.0192496744791666,0.24805198669433592
unseen_,1500,15,261001401,15,670,3,0,0,667,3,1.0120069173177084,0.24703259785970053
unseen_,1500,15,261001401,16,670,5,0,0,665,5,1.0176429850260416,0.24821322123209635
unseen_,1500,15,261001401,17,670,4,0,0,666,4,1.0078751627604168,0.24730120340983072
unseen_,1500,15,261001401,18,670,5,0,0,665,5,1.0155337727864584,0.24415323893229166
unseen_,1500,15,261001401,19,670,4,0,0,666,4,1.0107388509114583,0.24615249633789063
unseen_,1500,15,261001401,20,670,4,0,0,666,4,1.0140445963541667,0.2450482432047526
unseen_,1500,15,261001401,21,670,3,0,0,667,3,1.0032071126302082,0.24330894470214845
unseen_,1500,15,261001401,22,670,4,0,0,666,4,1.0163387858072916,0.24655970255533854
unseen_,1500,15,261001401,23,670,3,0,0,667,3,1.0066556803385416,0.2460559590657552
unseen_,1500,15,261001401,24,670,4,0,0,666,4,1.0220313313802083,0.24924166361490885
unseen_,1500,15,261001401,25,670,5,0,0,665,5,1.0214928385416666,0.24951812744140625
unseen_,1500,15,261001401,26,670,5,0,0,665,5,1.0151351725260416,0.24702115376790365
unseen_,1500,15,261001401,27,670,4,0,0,666,4,1.0060982259114584,0.24479581197102865
unseen_,1500,15,261001401,28,670,4,0,0,666,4,1.022927490234375,0.24665382385253906
unseen_,1500,15,261001401,29,670,3,0,0,667,3,1.0086236979166667,0.24518714904785155
unseen_,1500,15,261001401,30,670,5,0,0,665,5,1.0119652506510417,0.24523195902506512
unseen_,1500,15,261001401,31,670,6,0,0,664,6,1.01892431640625,0.24633331298828126
unseen_,1500,15,261001401,32,670,5,0,0,665,5,1.020489990234375,0.24793365478515625
unseen_,1500,15,261001401,33,670,4,0,0,666,4,1.0121282552083333,0.24622083028157551
unseen_,1500,15,261001401,34,670,5,0,0,665,5,1.01133642578125,0.2476751963297526
unseen_,1500,15,261001401,35,670,4,0,0,666,4,1.007840087890625,0.2472624715169271
unseen_,1500,15,261001401,36,670,4,0,0,666,4,1.018151611328125,0.24564844767252605
unseen_,1500,15,261001401,37,670,4,0,0,666,4,1.0044357096354166,0.24591796875
unseen_,1500,15,261001401,38,670,4,0,0,666,4,1.01998828125,0.247555669148763
unseen_,1500,15,261001401,39,670,5,0,0,665,5,1.0132325032552083,0.24767501831054686
unseen_,1500,15,261001401,40,670,4,0,0,666,4,1.0145275065104167,0.24526557922363282
unseen_,1500,15,261001401,41,670,4,0,0,666,4,1.0099576009114584,0.2391454569498698
unseen_,1500,15,261001401,42,670,4,0,0,666,4,1.01851025390625,0.24875617980957032
unseen_,1500,15,261001401,43,670,4,0,0,666,4,1.0097686360677083,0.24492225646972657
unseen_,1500,15,261001401,44,670,3,0,0,667,3,1.0141486002604168,0.248245849609375
unseen_,1500,15,261001401,45,670,4,0,0,666,4,1.0155096028645834,0.2472137451171875
unseen_,1500,15,261001401,46,670,4,0,0,666,4,1.0095540364583333,0.24477294921875
unseen_,1500,15,261001401,47,670,3,0,0,667,3,1.019903076171875,0.24464790344238282
unseen_,1500,15,261001401,48,670,3,0,0,667,3,1.013234130859375,0.24749003092447916
unseen_,1500,15,261001401,49,670,4,0,0,666,4,1.021218017578125,0.24589190165201824
unseen_,1500,15,261001401,50,670,3,0,0,667,3,1.0138125813802084,0.24790509541829428
unseen_,1500,15,261001401,51,670,4,0,0,666,4,1.0078492838541666,0.246573003133138
unseen_,1500,15,261001401,52,670,4,0,0,666,4,1.0132970377604167,0.24646512349446614
unseen_,1500,15,261001401,53,670,4,0,0,666,4,1.0146767578125,0.24654019673665364
unseen_,1500,15,261001401,54,670,4,0,0,666,4,1.005129150390625,0.2458452606201172
unseen_,1500,15,261001401,55,670,3,0,0,667,3,1.0121223958333334,0.24501487731933594
unseen_,1500,15,261001401,56,670,3,0,0,667,3,1.0134510091145834,0.24586217244466146
unseen_,1500,15,261001401,57,670,4,0,0,666,4,1.0235809733072916,0.2484777577718099
unseen_,1500,15,261001401,58,670,4,0,0,666,4,1.0203900553385417,0.24546666463216146
unseen_,1500,15,261001401,59,670,4,0,0,666,4,1.0069051106770834,0.2466901397705078
unseen_,1500,15,261001401,60,670,4,0,0,666,4,1.0174744466145833,0.2475786844889323
unseen_,1500,15,261001401,61,670,5,0,0,665,5,1.020762451171875,0.24757977803548178
unseen_,1500,15,261001401,62,670,3,0,0,667,3,1.0212941080729168,0.2475750478108724
unseen_,1500,15,261001401,63,670,5,0,0,665,5,1.020703125,0.24880968729654948
unseen_,500,15,261001402,0,670,18,0,0,652,18,1.0454764404296875,0.4836433792114258
unseen_,500,15,261001402,1,670,17,0,0,653,17,1.0359954833984375,0.4680377197265625
unseen_,500,15,261001402,2,670,18,0,0,652,18,1.0410791015625,0.48285919189453125
unseen_,500,15,261001402,3,670,20,0,0,650,20,1.038498779296875,0.4820558166503906
unseen_,500,15,261001402,4,670,18,0,0,652,18,1.0455760498046875,0.4850959396362305
unseen_,500,15,261001402,5,670,19,0,0,651,19,1.0409561767578126,0.47802879333496096
unseen_,500,15,261001402,6,670,19,0,0,651,19,1.0406566162109374,0.47441337585449217
unseen_,500,15,261001402,7,670,18,0,0,652,18,1.0462279052734376,0.4853948211669922
unseen_,500,15,261001402,8,670,19,0,0,651,19,1.0462091064453125,0.4857401657104492
unseen_,500,15,261001402,9,670,18,0,0,652,18,1.03611669921875,0.4688218307495117
unseen_,500,15,261001402,10,670,20,0,0,650,20,1.0397169189453126,0.4831885528564453
unseen_,500,15,261001402,11,670,19,0,0,651,19,1.0430994873046875,0.48248767852783203
unseen_,500,15,261001402,12,670,19,0,0,651,19,1.0440771484375,0.4854205322265625
unseen_,500,15,261001402,13,670,17,0,0,653,17,1.0372623291015626,0.4708224105834961
unseen_,500,15,261001402,14,670,19,0,0,651,19,1.0412506103515624,0.48273555755615233
unseen_,500,15,261001402,15,670,18,0,0,652,18,1.038315673828125,0.4713358688354492
unseen_,500,15,261001402,16,670,19,0,0,651,19,1.03884033203125,0.4721895980834961
unseen_,500,15,261001402,17,670,17,0,0,653,17,1.04423095703125,0.4824542617797852
unseen_,500,15,261001402,18,670,17,0,0,653,17,1.035779296875,0.47822769165039064
unseen_,500,15,261001402,19,670,19,0,0,651,19,1.0390546875,0.4827194976806641
unseen_,500,15,261001402,20,670,17,0,0,653,17,1.0394620361328124,0.4827289199829102
unseen_,500,15,261001402,21,670,16,0,0,654,16,1.03777978515625,0.4747848129272461
unseen_,500,15,261001402,22,670,17,0,0,653,17,1.0390106201171876,0.4825177383422852
unseen_,500,15,261001402,23,670,17,0,0,653,17,1.040662841796875,0.47434757232666014
unseen_,500,15,261001402,24,670,18,0,0,652,18,1.040902587890625,0.47492889404296873
unseen_,500,15,261001402,25,670,18,0,0,652,18,1.0398455810546876,0.4829666900634766
unseen_,500,15,261001402,26,670,18,0,0,652,18,1.03854150390625,0.4797854232788086
unseen_,500,15,261001402,27,670,18,0,0,652,18,1.03444091796875,0.46912742614746095
unseen_,500,15,261001402,28,670,18,0,0,652,18,1.04034912109375,0.4804269027709961
unseen_,500,15,261001402,29,670,18,0,0,652,18,1.037860107421875,0.4713294219970703
unseen_,500,15,261001402,30,670,17,0,0,653,17,1.0372222900390624,0.4817333984375
unseen_,500,15,261001402,31,670,18,0,0,652,18,1.0419171142578125,0.4840619659423828
unseen_,500,15,261001402,32,670,20,0,0,650,20,1.0418275146484375,0.4806842422485352
unseen_,500,15,261001402,33,670,18,0,0,652,18,1.0415938720703124,0.4790829849243164
unseen_,500,15,261001402,34,670,19,0,0,651,19,1.036759521484375,0.47072032928466795
unseen_,500,15,261001402,35,670,16,0,0,654,16,1.0369635009765625,0.46890983581542967
unseen_,500,15,261001402,36,670,18,0,0,652,18,1.04438623046875,0.48317947387695315
unseen_,500,15,261001402,37,670,17,0,0,653,17,1.0380257568359375,0.4712969207763672
unseen_,500,15,261001402,38,670,17,0,0,653,17,1.0369075927734375,0.48158027648925783
unseen_,500,15,261001402,39,670,18,0,0,652,18,1.039118408203125,0.4812205505371094
unseen_,500,15,261001402,40,670,19,0,0,651,19,1.0416142578125,0.4805516052246094
unseen_,500,15,261001402,41,670,19,0,0,651,19,1.0317381591796875,0.46973365783691406
unseen_,500,15,261001402,42,670,17,0,0,653,17,1.0363876953125,0.4701255416870117
unseen_,500,15,261001402,43,670,18,0,0,652,18,1.043830322265625,0.4837490081787109
unseen_,500,15,261001402,44,670,16,0,0,654,16,1.039509033203125,0.48297920227050783
unseen_,500,15,261001402,45,670,18,0,0,652,18,1.03852490234375,0.4825707244873047
unseen_,500,15,261001402,46,670,18,0,0,652,18,1.0338931884765625,0.4675225067138672
unseen_,500,15,261001402,47,670,19,0,0,651,19,1.0414989013671876,0.48319549560546876
unseen_,500,15,261001402,48,670,19,0,0,651,19,1.040917724609375,0.47381450653076174
unseen_,500,15,261001402,49,670,19,0,0,651,19,1.04116748046875,0.4811199188232422
unseen_,500,15,261001402,50,670,17,0,0,653,17,1.043237060546875,0.4810847854614258
unseen_,500,15,261001402,51,670,18,0,0,652,18,1.039246337890625,0.48299339294433596
unseen_,500,15,261001402,52,670,18,0,0,652,18,1.0425333251953126,0.48018966674804686
unseen_,500,15,261001402,53,670,18,0,0,652,18,1.03915625,0.4708306503295898
unseen_,500,15,261001402,54,670,18,0,0,652,18,1.038816650390625,0.47160064697265625
unseen_,500,15,261001402,55,670,18,0,0,652,18,1.037413818359375,0.47410240173339846
unseen_,500,15,261001402,56,670,18,0,0,652,18,1.0446614990234375,0.47936206817626953
unseen_,500,15,261001402,57,670,19,0,0,651,19,1.0437940673828126,0.48153690338134764
unseen_,500,15,261001402,58,670,17,0,0,653,17,1.0407440185546875,0.4799452209472656
unseen_,500,15,261001402,59,670,18,0,0,652,18,1.04482861328125,0.48143741607666013
unseen_,500,15,261001402,60,670,18,0,0,652,18,1.04043115234375,0.4754442977905273
unseen_,500,15,261001402,61,670,18,0,0,652,18,1.0360072021484374,0.4693292236328125
unseen_,500,15,261001402,62,670,18,0,0,652,18,1.0361036376953126,0.4811661911010742
unseen_,500,15,261001402,63,670,19,0,0,651,19,1.0408602294921876,0.4751491928100586
unseen_,1000,15,261001402,0,670,6,0,0,664,6,1.0139381510416667,0.33473686218261717
unseen_,1000,15,261001402,1,670,5,0,0,665,5,1.0216896158854167,0.33748194376627605
unseen_,1000,15,261001402,2,670,7,0,0,663,7,1.0240782063802083,0.3424757639567057
unseen_,1000,15,261001402,3,670,7,0,0,663,7,1.02505078125,0.336988525390625
unseen_,1000,15,261001402,4,670,6,0,0,664,6,1.0278978678385418,0.3374279022216797
unseen_,1000,15,261001402,5,670,7,0,0,663,7,1.0249154459635417,0.33723060607910155
unseen_,1000,15,261001402,6,670,6,0,0,664,6,1.0207918294270832,0.337003911336263
unseen_,1000,15,261001402,7,670,6,0,0,664,6,1.0269368489583333,0.3374541982014974
unseen_,1000,15,261001402,8,670,7,0,0,663,7,1.03059423828125,0.3376291656494141
unseen_,1000,15,261001402,9,670,6,0,0,664,6,1.0252012532552084,0.335254389444987
unseen_,1000,15,261001402,10,670,7,0,0,663,7,1.0303489583333334,0.3437903594970703
unseen_,1000,15,261001402,11,670,7,0,0,663,7,1.0241246744791668,0.33840794881184894
unseen_,1000,15,261001402,12,670,5,0,0,665,5,1.0281569010416667,0.33467208862304687
unseen_,1000,15,261001402,13,670,6,0,0,664,6,1.0294208170572916,0.33593760172526044
unseen_,1000,15,261001402,14,670,7,0,0,663,7,1.0316267903645833,0.34334981282552085
unseen_,1000,15,261001402,15,670,5,0,0,665,5,1.0172171223958333,0.3350909932454427
unseen_,1000,15,261001402,16,670,6,0,0,664,6,1.0302562662760417,0.33704544067382813
unseen_,1000,15,261001402,17,670,5,0,0,665,5,1.0245841471354167,0.34139907836914063
unseen_,1000,15,261001402,18,670,4,0,0,666,4,1.02266748046875,0.33634602864583335
unseen_,1000,15,261001402,19,670,6,0,0,664,6,1.0255414225260417,0.33375015258789065
unseen_,1000,15,261001402,20,670,5,0,0,665,5,1.029234130859375,0.33129722595214844
unseen_,1000,15,261001402,21,670,5,0,0,665,5,1.018019287109375,0.33402435302734373
unseen_,1000,15,261001402,22,670,5,0,0,665,5,1.0262694498697917,0.3422143046061198
unseen_,1000,15,261001402,23,670,6,0,0,664,6,1.0296346028645833,0.33978546142578125
unseen_,1000,15,261001402,24,670,7,0,0,663,7,1.0227323404947917,0.33727294921875
unseen_,1000,15,261001402,25,670,5,0,0,665,5,1.0282451985677084,0.336084467569987
unseen_,1000,15,261001402,26,670,7,0,0,663,7,1.0199847819010417,0.33612035115559896
unseen_,1000,15,261001402,27,670,4,0,0,666,4,1.0315340169270832,0.33963223775227863
unseen_,1000,15,261001402,28,670,6,0,0,664,6,1.029297119140625,0.33803120930989583
unseen_,1000,15,261001402,29,670,5,0,0,665,5,1.025881103515625,0.337505620320638
unseen_,1000,15,261001402,30,670,5,0,0,665,5,1.028145751953125,0.33823435465494794
unseen_,1000,15,261001402,31,670,5,0,0,665,5,1.029824462890625,0.33961151123046873
unseen_,1000,15,261001402,32,670,7,0,0,663,7,1.0290658365885417,0.335560302734375
unseen_,1000,15,261001402,33,670,6,0,0,664,6,1.0271333821614583,0.33216567993164064
unseen_,1000,15,261001402,34,670,6,0,0,664,6,1.0237083333333334,0.3358973439534505
unseen_,1000,15,261001402,35,670,5,0,0,665,5,1.0169033203125,0.3346502939860026
unseen_,1000,15,261001402,36,670,7,0,0,663,7,1.0308229166666667,0.33418739318847657
unseen_,1000,15,261001402,37,670,6,0,0,664,6,1.0213199869791667,0.33448158264160155
unseen_,1000,15,261001402,38,670,4,0,0,666,4,1.0254884440104166,0.33835281372070314
unseen_,1000,15,261001402,39,670,6,0,0,664,6,1.01938427734375,0.33551132202148437
unseen_,1000,15,261001402,40,670,6,0,0,664,6,1.0276897786458334,0.3352445983886719
unseen_,1000,15,261001402,41,670,6,0,0,664,6,1.0162041015625,0.33527445475260415
unseen_,1000,15,261001402,42,670,4,0,0,666,4,1.02243115234375,0.33554855346679685
unseen_,1000,15,261001402,43,670,6,0,0,664,6,1.0158306477864583,0.33455281575520834
unseen_,1000,15,261001402,44,670,4,0,0,666,4,1.0281138509114582,0.33471967061360675
unseen_,1000,15,261001402,45,670,5,0,0,665,5,1.0232080078125,0.3392106374104818
unseen_,1000,15,261001402,46,670,5,0,0,665,5,1.0280147298177083,0.3391895548502604
unseen_,1000,15,261001402,47,670,6,0,0,664,6,1.0189029947916666,0.3341716003417969
unseen_,1000,15,261001402,48,670,6,0,0,664,6,1.0272569173177084,0.3353681945800781
unseen_,1000,15,261001402,49,670,7,0,0,663,7,1.0255984700520833,0.33400840759277345
unseen_,1000,15,261001402,50,670,6,0,0,664,6,1.02873095703125,0.3346091969807943
unseen_,1000,15,261001402,51,670,6,0,0,664,6,1.02778271484375,0.33427159627278646
unseen_,1000,15,261001402,52,670,7,0,0,663,7,1.0207288411458333,0.3338578033447266
unseen_,1000,15,261001402,53,670,6,0,0,664,6,1.0108004557291668,0.3348657480875651
unseen_,1000,15,261001402,54,670,7,0,0,663,7,1.0115008138020833,0.3344820912679036
unseen_,1000,15,261001402,55,670,6,0,0,664,6,1.0316715494791666,0.33910349527994793
unseen_,1000,15,261001402,56,670,7,0,0,663,7,1.0291212565104166,0.3342339324951172
unseen_,1000,15,261001402,57,670,8,0,0,662,8,1.020978515625,0.33492919921875
unseen_,1000,15,261001402,58,670,6,0,0,664,6,1.0194016927083334,0.3364245859781901
unseen_,1000,15,261001402,59,670,7,0,0,663,7,1.0297696126302083,0.33449796040852864
unseen_,1000,15,261001402,60,670,6,0,0,664,6,1.0276354166666666,0.3367910512288411
unseen_,1000,15,261001402,61,670,6,0,0,664,6,1.0293099772135417,0.3394737497965495
unseen_,1000,15,261001402,62,670,5,0,0,665,5,1.02863037109375,0.3394280242919922
unseen_,1000,15,261001402,63,670,7,0,0,663,7,1.0267549641927083,0.3371697235107422
unseen_,1500,15,261001402,0,670,4,0,0,666,4,1.0124722493489584,0.2462988026936849
unseen_,1500,15,261001402,1,670,4,0,0,666,4,1.0148990885416667,0.24808158874511718
unseen_,1500,15,261001402,2,670,5,0,0,665,5,1.0219625651041666,0.24851900736490887
unseen_,1500,15,261001402,3,670,6,0,0,664,6,1.0186942545572917,0.24457181294759114
unseen_,1500,15,261001402,4,670,4,0,0,666,4,1.0201971028645833,0.24694897969563803
unseen_,1500,15,261001402,5,670,4,0,0,666,4,1.0195553385416667,0.24587028503417968
unseen_,1500,15,261001402,6,670,5,0,0,665,5,1.01248193359375,0.24764050801595053
unseen_,1500,15,261001402,7,670,4,0,0,666,4,1.0124676920572917,0.24659528096516928
unseen_,1500,15,261001402,8,670,5,0,0,665,5,1.0074689127604166,0.245980224609375
unseen_,1500,15,261001402,9,670,4,0,0,666,4,1.0184527180989584,0.24812052408854166
unseen_,1500,15,261001402,10,670,5,0,0,665,5,1.0171904296875,0.24766138712565103
unseen_,1500,15,261001402,11,670,4,0,0,666,4,1.0192112630208334,0.24577295939127605
unseen_,1500,15,261001402,12,670,4,0,0,666,4,1.021486083984375,0.24864270528157553
unseen_,1500,15,261001402,13,670,4,0,0,666,4,1.013986328125,0.2482915751139323
unseen_,1500,15,261001402,14,670,4,0,0,666,4,1.0196888834635416,0.24804051717122397
unseen_,1500,15,261001402,15,670,3,0,0,667,3,1.0119156901041666,0.24707720438639322
unseen_,1500,15,261001402,16,670,5,0,0,665,5,1.0144607747395833,0.247962646484375
unseen_,1500,15,261001402,17,670,4,0,0,666,4,1.0112418619791668,0.24726903279622395
unseen_,1500,15,261001402,18,670,4,0,0,666,4,1.0149688313802083,0.24413108825683594
unseen_,1500,15,261001402,19,670,4,0,0,666,4,1.0073731282552083,0.24621381123860678
unseen_,1500,15,261001402,20,670,4,0,0,666,4,1.0110658365885417,0.24500175476074218
unseen_,1500,15,261001402,21,670,3,0,0,667,3,1.0019195149739584,0.24311864217122395
unseen_,1500,15,261001402,22,670,4,0,0,666,4,1.0166033528645833,0.2484143320719401
unseen_,1500,15,261001402,23,670,4,0,0,666,4,1.0070185546875,0.24606600443522136
unseen_,1500,15,261001402,24,670,4,0,0,666,4,1.008763671875,0.24707227071126303
unseen_,1500,15,261001402,25,670,5,0,0,665,5,1.020098876953125,0.2488446299235026
unseen_,1500,15,261001402,26,670,5,0,0,665,5,1.015787841796875,0.2469452412923177
unseen_,1500,15,261001402,27,670,3,0,0,667,3,1.0192908528645834,0.2453894805908203
unseen_,1500,15,261001402,28,670,4,0,0,666,4,1.0155379231770834,0.24575091044108072
unseen_,1500,15,261001402,29,670,3,0,0,667,3,1.0083933919270833,0.24498514811197916
unseen_,1500,15,261001402,30,670,4,0,0,666,4,1.0171686197916667,0.24640848795572917
unseen_,1500,15,261001402,31,670,5,0,0,665,5,1.0203881022135417,0.24758270263671875
unseen_,1500,15,261001402,32,670,4,0,0,666,4,1.0059690755208333,0.24664357503255208
unseen_,1500,15,261001402,33,670,4,0,0,666,4,1.01484912109375,0.2468659210205078
unseen_,1500,15,261001402,34,670,5,0,0,665,5,1.0173601888020833,0.24765818277994792
unseen_,1500,15,261001402,35,670,3,0,0,667,3,1.009060546875,0.2476716105143229
unseen_,1500,15,261001402,36,670,4,0,0,666,4,1.0211163736979167,0.24625038146972655
unseen_,1500,15,261001402,37,670,4,0,0,666,4,1.004816162109375,0.24600051879882812
unseen_,1500,15,261001402,38,670,4,0,0,666,4,1.0207596028645833,0.24770111083984375
unseen_,1500,15,261001402,39,670,5,0,0,665,5,1.0125254720052084,0.24771341959635418
unseen_,1500,15,261001402,40,670,4,0,0,666,4,1.0182587890625,0.2474304707845052
unseen_,1500,15,261001402,41,670,4,0,0,666,4,1.0105071614583334,0.23940165201822916
unseen_,1500,15,261001402,42,670,4,0,0,666,4,1.0146464029947917,0.2484033966064453
unseen_,1500,15,261001402,43,670,4,0,0,666,4,1.011224609375,0.24451558430989584
unseen_,1500,15,261001402,44,670,2,0,0,668,2,1.0104019368489583,0.24787651062011717
unseen_,1500,15,261001402,45,670,5,0,0,665,5,1.0139818522135418,0.24792587280273437
unseen_,1500,15,261001402,46,670,4,0,0,666,4,1.018464599609375,0.24693860371907553
unseen_,1500,15,261001402,47,670,4,0,0,666,4,1.0131981608072917,0.24433095296223958
unseen_,1500,15,261001402,48,670,4,0,0,666,4,1.0176039225260416,0.24812822977701823
unseen_,1500,15,261001402,49,670,4,0,0,666,4,1.0166068522135416,0.24632596333821616
unseen_,1500,15,261001402,50,670,4,0,0,666,4,1.0219733072916666,0.24840133666992187
unseen_,1500,15,261001402,51,670,4,0,0,666,4,1.0222181803385417,0.24757013956705728
unseen_,1500,15,261001402,52,670,3,0,0,667,3,1.0153096516927083,0.24755149841308594
unseen_,1500,15,261001402,53,670,4,0,0,666,4,1.0161825358072916,0.24642550150553386
unseen_,1500,15,261001402,54,670,5,0,0,665,5,1.0066075032552084,0.2459619649251302
unseen_,1500,15,261001402,55,670,4,0,0,666,4,1.0154140625,0.24495231628417968
unseen_,1500,15,261001402,56,670,3,0,0,667,3,1.018698974609375,0.24518285115559896
unseen_,1500,15,261001402,57,670,5,0,0,665,5,1.020197021484375,0.24756200154622396
unseen_,1500,15,261001402,58,670,3,0,0,667,3,1.0096513671875,0.2434803517659505
unseen_,1500,15,261001402,59,670,4,0,0,666,4,1.0088057454427084,0.2470458984375
unseen_,1500,15,261001402,60,670,4,0,0,666,4,1.0215274251302084,0.2480195617675781
unseen_,1500,15,261001402,61,670,4,0,0,666,4,1.02054931640625,0.24760958353678386
unseen_,1500,15,261001402,62,670,4,0,0,666,4,1.01914306640625,0.24691741943359374
unseen_,1500,15,261001402,63,670,5,0,0,665,5,1.0176175130208334,0.24816368103027345
unseen_,500,15,261001403,0,670,16,0,0,654,16,1.038152099609375,0.4724342727661133
unseen_,500,15,261001403,1,670,17,0,0,653,17,1.035998291015625,0.4679762649536133
unseen_,500,15,261001403,2,670,18,0,0,652,18,1.0420650634765625,0.4830094146728516
unseen_,500,15,261001403,3,670,20,0,0,650,20,1.038412353515625,0.4825743103027344
unseen_,500,15,261001403,4,670,18,0,0,652,18,1.0375504150390624,0.482100715637207
unseen_,500,15,261001403,5,670,19,0,0,651,19,1.0401920166015626,0.48168575286865234
unseen_,500,15,261001403,6,670,17,0,0,653,17,1.0406021728515624,0.4742892837524414
unseen_,500,15,261001403,7,670,18,0,0,652,18,1.043182373046875,0.4843237686157227
unseen_,500,15,261001403,8,670,18,0,0,652,18,1.042993896484375,0.4846285629272461
unseen_,500,15,261001403,9,670,18,0,0,652,18,1.0361700439453125,0.46881111145019533
unseen_,500,15,261001403,10,670,19,0,0,651,19,1.040807373046875,0.4828134918212891
unseen_,500,15,261001403,11,670,19,0,0,651,19,1.0427730712890626,0.48246906280517576
unseen_,500,15,261001403,12,670,19,0,0,651,19,1.043138427734375,0.4841753387451172
unseen_,500,15,261001403,13,670,18,0,0,652,18,1.0346085205078126,0.4693305969238281
unseen_,500,15,261001403,14,670,19,0,0,651,19,1.042520263671875,0.48273303985595706
unseen_,500,15,261001403,15,670,18,0,0,652,18,1.03834375,0.4715227890014648
unseen_,500,15,261001403,16,670,19,0,0,651,19,1.0392640380859375,0.4735357666015625
unseen_,500,15,261001403,17,670,17,0,0,653,17,1.0432967529296875,0.4843560028076172
unseen_,500,15,261001403,18,670,17,0,0,653,17,1.040978515625,0.48271224975585936
unseen_,500,15,261001403,19,670,21,0,0,649,21,1.0424154052734376,0.4825885009765625
unseen_,500,15,261001403,20,670,18,0,0,652,18,1.0392576904296875,0.48171272277832033
unseen_,500,15,261001403,21,670,16,0,0,654,16,1.0378741455078124,0.47500118255615237
unseen_,500,15,261001403,22,670,18,0,0,652,18,1.04586328125,0.48516948699951173
unseen_,500,15,261001403,23,670,17,0,0,653,17,1.0422132568359375,0.4791064453125
unseen_,500,15,261001403,24,670,19,0,0,651,19,1.041497802734375,0.4758816909790039
unseen_,500,15,261001403,25,670,17,0,0,653,17,1.0439736328125,0.4852070999145508
unseen_,500,15,261001403,26,670,17,0,0,653,17,1.03584326171875,0.4797035217285156
unseen_,500,15,261001403,27,670,18,0,0,652,18,1.0363260498046876,0.469853515625
unseen_,500,15,261001403,28,670,19,0,0,651,19,1.040341796875,0.4804024887084961
unseen_,500,15,261001403,29,670,18,0,0,652,18,1.0380667724609376,0.47213050842285154
unseen_,500,15,261001403,30,670,19,0,0,651,19,1.0447042236328126,0.48383270263671874
unseen_,500,15,261001403,31,670,18,0,0,652,18,1.038063232421875,0.4822113037109375
unseen_,500,15,261001403,32,670,20,0,0,650,20,1.041311767578125,0.4802383804321289
unseen_,500,15,261001403,33,670,18,0,0,652,18,1.041777099609375,0.4825405502319336
unseen_,500,15,261001403,34,670,18,0,0,652,18,1.038554931640625,0.4715608215332031
unseen_,500,15,261001403,35,670,17,0,0,653,17,1.0361834716796876,0.4683559799194336
unseen_,500,15,261001403,36,670,18,0,0,652,18,1.042646728515625,0.4828031539916992
unseen_,500,15,261001403,37,670,18,0,0,652,18,1.0398240966796874,0.4750701141357422
unseen_,500,15,261001403,38,670,18,0,0,652,18,1.0414271240234374,0.4840834045410156
unseen_,500,15,261001403,39,670,18,0,0,652,18,1.0400709228515626,0.4831289291381836
unseen_,500,15,261001403,40,670,18,0,0,652,18,1.0463076171875,0.48573986053466794
unseen_,500,15,261001403,41,670,18,0,0,652,18,1.038240966796875,0.4690627288818359
unseen_,500,15,261001403,42,670,16,0,0,654,16,1.0398551025390625,0.4719226837158203
unseen_,500,15,261001403,43,670,19,0,0,651,19,1.0372679443359376,0.48180278778076174
unseen_,500,15,261001403,44,670,16,0,0,654,16,1.0395125732421875,0.4829811859130859
unseen_,500,15,261001403,45,670,18,0,0,652,18,1.03880126953125,0.48258060455322266
unseen_,500,15,261001403,46,670,17,0,0,653,17,1.033322265625,0.46714054107666014
unseen_,500,15,261001403,47,670,19,0,0,651,19,1.0386370849609374,0.4735945510864258
unseen_,500,15,261001403,48,670,18,0,0,652,18,1.0360947265625,0.46979766845703125
unseen_,500,15,261001403,49,670,18,0,0,652,18,1.04172216796875,0.4824821472167969
unseen_,500,15,261001403,50,670,16,0,0,654,16,1.0414293212890624,0.4813643264770508
unseen_,500,15,261001403,51,670,19,0,0,651,19,1.039268798828125,0.48300727844238284
unseen_,500,15,261001403,52,670,18,0,0,652,18,1.03902392578125,0.4786949157714844
unseen_,500,15,261001403,53,670,18,0,0,652,18,1.0394295654296875,0.47152645111083985
unseen_,500,15,261001403,54,670,17,0,0,653,17,1.037622802734375,0.47124439239501953
unseen_,500,15,261001403,55,670,18,0,0,652,18,1.0382783203125,0.47623764038085936
unseen_,500,15,261001403,56,670,18,0,0,652,18,1.044756103515625,0.47946155548095704
unseen_,500,15,261001403,57,670,18,0,0,652,18,1.04163037109375,0.47880802154541013
unseen_,500,15,261001403,58,670,17,0,0,653,17,1.039069091796875,0.47841682434082033
unseen_,500,15,261001403,59,670,18,0,0,652,18,1.0465001220703125,0.4856884002685547
unseen_,500,15,261001403,60,670,18,0,0,652,18,1.039391357421875,0.4730063247680664
unseen_,500,15,261001403,61,670,17,0,0,653,17,1.036063720703125,0.46961624145507813
unseen_,500,15,261001403,62,670,17,0,0,653,17,1.0420894775390626,0.48255401611328125
unseen_,500,15,261001403,63,670,19,0,0,651,19,1.041367919921875,0.47589004516601563
unseen_,1000,15,261001403,0,670,5,0,0,665,5,1.0158575846354168,0.33515785217285154
unseen_,1000,15,261001403,1,670,5,0,0,665,5,1.02196337890625,0.3375725809733073
unseen_,1000,15,261001403,2,670,7,0,0,663,7,1.027114501953125,0.34454010009765623
unseen_,1000,15,261001403,3,670,6,0,0,664,6,1.0277242024739583,0.3408380381266276
unseen_,1000,15,261001403,4,670,6,0,0,664,6,1.0273401692708333,0.33749903361002603
unseen_,1000,15,261001403,5,670,6,0,0,664,6,1.0242449544270833,0.33565282185872397
unseen_,1000,15,261001403,6,670,5,0,0,665,5,1.02757958984375,0.3369989013671875
unseen_,1000,15,261001403,7,670,6,0,0,664,6,1.0315465494791667,0.3399375661214193
unseen_,1000,15,261001403,8,670,6,0,0,664,6,1.02956640625,0.3404019165039063
unseen_,1000,15,261001403,9,670,6,0,0,664,6,1.0266097005208332,0.33537073771158854
unseen_,1000,15,261001403,10,670,7,0,0,663,7,1.0269153645833333,0.34366302490234374
unseen_,1000,15,261001403,11,670,7,0,0,663,7,1.0310091145833333,0.33827916463216146
unseen_,1000,15,261001403,12,670,5,0,0,665,5,1.0281487630208332,0.3339617156982422
unseen_,1000,15,261001403,13,670,6,0,0,664,6,1.0259695638020834,0.33534141540527346
unseen_,1000,15,261001403,14,670,7,0,0,663,7,1.0302569986979166,0.3429951477050781
unseen_,1000,15,261001403,15,670,5,0,0,665,5,1.0156250813802083,0.33515597025553384
unseen_,1000,15,261001403,16,670,6,0,0,664,6,1.029487060546875,0.3371128336588542
unseen_,1000,15,261001403,17,670,5,0,0,665,5,1.0279134928385416,0.3344189453125
unseen_,1000,15,261001403,18,670,5,0,0,665,5,1.0231915690104167,0.33649574279785155
unseen_,1000,15,261001403,19,670,6,0,0,664,6,1.026109130859375,0.33139686584472655
unseen_,1000,15,261001403,20,670,6,0,0,664,6,1.0187396647135416,0.3346614329020182
unseen_,1000,15,261001403,21,670,5,0,0,665,5,1.0192886555989584,0.33420468648274737
unseen_,1000,15,261001403,22,670,5,0,0,665,5,1.029298828125,0.3375922648111979
unseen_,1000,15,261001403,23,670,6,0,0,664,6,1.0292364908854166,0.33971839904785156
unseen_,1000,15,261001403,24,670,7,0,0,663,7,1.0296771647135416,0.33811017354329426
unseen_,1000,15,261001403,25,670,5,0,0,665,5,1.0134091796875,0.33605214436848957
unseen_,1000,15,261001403,26,670,6,0,0,664,6,1.0197937825520833,0.3348916371663411
unseen_,1000,15,261001403,27,670,5,0,0,665,5,1.0174252115885416,0.33480616251627604
unseen_,1000,15,261001403,28,670,6,0,0,664,6,1.028732666015625,0.3378929392496745
unseen_,1000,15,261001403,29,670,5,0,0,665,5,1.02585302734375,0.3375074005126953
unseen_,1000,15,261001403,30,670,6,0,0,664,6,1.0268056640625,0.33868136088053385
unseen_,1000,15,261001403,31,670,6,0,0,664,6,1.030104248046875,0.3398423767089844
unseen_,1000,15,261001403,32,670,7,0,0,663,7,1.0286311848958334,0.3350677490234375
unseen_,1000,15,261001403,33,670,6,0,0,664,6,1.030614990234375,0.3355955759684245
unseen_,1000,15,261001403,34,670,6,0,0,664,6,1.0260916341145834,0.3351502990722656
unseen_,1000,15,261001403,35,670,5,0,0,665,5,1.0267955729166667,0.3388954416910807
unseen_,1000,15,261001403,36,670,7,0,0,663,7,1.02725244140625,0.33899141947428385
unseen_,1000,15,261001403,37,670,7,0,0,663,7,1.022040771484375,0.3359998067220052
unseen_,1000,15,261001403,38,670,6,0,0,664,6,1.027449462890625,0.33905942281087237
unseen_,1000,15,261001403,39,670,6,0,0,664,6,1.0259259440104167,0.33559829711914063
unseen_,1000,15,261001403,40,670,5,0,0,665,5,1.0269925944010416,0.33973419189453125
unseen_,1000,15,261001403,41,670,5,0,0,665,5,1.01184033203125,0.3327241516113281
unseen_,1000,15,261001403,42,670,5,0,0,665,5,1.02459619140625,0.336077880859375
unseen_,1000,15,261001403,43,670,6,0,0,664,6,1.0289042154947916,0.34146565755208336
unseen_,1000,15,261001403,44,670,4,0,0,666,4,1.028145263671875,0.33478017171223956
unseen_,1000,15,261001403,45,670,5,0,0,665,5,1.0275167643229166,0.3392689768473307
unseen_,1000,15,261001403,46,670,5,0,0,665,5,1.026028564453125,0.33865389506022137
unseen_,1000,15,261001403,47,670,6,0,0,664,6,1.0257605794270834,0.33737154642740885
unseen_,1000,15,261001403,48,670,5,0,0,665,5,1.02310546875,0.334638671875
unseen_,1000,15,261001403,49,670,6,0,0,664,6,1.0281512044270833,0.33335154215494794
unseen_,1000,15,261001403,50,670,5,0,0,665,5,1.0270245768229167,0.33184954325358074
unseen_,1000,15,261001403,51,670,6,0,0,664,6,1.0279508463541667,0.3342256673177083
unseen_,1000,15,261001403,52,670,6,0,0,664,6,1.0261836751302083,0.3376167297363281
unseen_,1000,15,261001403,53,670,6,0,0,664,6,1.0287880045572917,0.33885144551595053
unseen_,1000,15,261001403,54,670,6,0,0,664,6,1.0057888997395834,0.3342396036783854
unseen_,1000,15,261001403,55,670,6,0,0,664,6,1.0305321451822917,0.3387994384765625
unseen_,1000,15,261001403,56,670,7,0,0,663,7,1.029386962890625,0.33418360392252605
unseen_,1000,15,261001403,57,670,8,0,0,662,8,1.0211083984375,0.3351378885904948
unseen_,1000,15,261001403,58,670,6,0,0,664,6,1.02458203125,0.3366554260253906
unseen_,1000,15,261001403,59,670,6,0,0,664,6,1.0172584635416666,0.33551414489746095
unseen_,1000,15,261001403,60,670,6,0,0,664,6,1.0159654947916668,0.33567957560221356
unseen_,1000,15,261001403,61,670,6,0,0,664,6,1.0294803059895834,0.339547119140625
unseen_,1000,15,261001403,62,670,4,0,0,666,4,1.0274498697916667,0.3391020965576172
unseen_,1000,15,261001403,63,670,7,0,0,663,7,1.0289256998697918,0.3378942108154297
unseen_,1500,15,261001403,0,670,4,0,0,666,4,1.012390625,0.2483979288736979
unseen_,1500,15,261001403,1,670,4,0,0,666,4,1.0153788248697917,0.24808202107747396
unseen_,1500,15,261001403,2,670,4,0,0,666,4,1.0182529296875,0.24854337056477865
unseen_,1500,15,261001403,3,670,5,0,0,665,5,1.0186162109375,0.24734481811523437
unseen_,1500,15,261001403,4,670,5,0,0,665,5,1.02023876953125,0.24698593139648437
unseen_,1500,15,261001403,5,670,4,0,0,666,4,1.0186084798177084,0.24834617614746093
unseen_,1500,15,261001403,6,670,4,0,0,666,4,1.0162986653645834,0.24805552164713543
unseen_,1500,15,261001403,7,670,4,0,0,666,4,1.0160160319010416,0.24668319702148436
unseen_,1500,15,261001403,8,670,4,0,0,666,4,1.018238037109375,0.24801546732584637
unseen_,1500,15,261001403,9,670,4,0,0,666,4,1.0193938802083333,0.2481640879313151
unseen_,1500,15,261001403,10,670,5,0,0,665,5,1.0166435546875,0.24775545756022135
unseen_,1500,15,261001403,11,670,4,0,0,666,4,1.0171649576822916,0.24567583719889322
unseen_,1500,15,261001403,12,670,4,0,0,666,4,1.020470458984375,0.248507080078125
unseen_,1500,15,261001403,13,670,3,0,0,667,3,1.00471923828125,0.24568784077962239
unseen_,1500,15,261001403,14,670,4,0,0,666,4,1.0203893229166667,0.2482471211751302
unseen_,1500,15,261001403,15,670,3,0,0,667,3,1.0120770670572916,0.24707628885904948
unseen_,1500,15,261001403,16,670,5,0,0,665,5,1.0136031087239583,0.24787439982096354
unseen_,1500,15,261001403,17,670,5,0,0,665,5,1.0142128092447917,0.2473395029703776
unseen_,1500,15,261001403,18,670,4,0,0,666,4,1.0159317220052084,0.24400347391764324
unseen_,1500,15,261001403,19,670,5,0,0,665,5,1.0232752278645834,0.24773676554361979
unseen_,1500,15,261001403,20,670,4,0,0,666,4,1.0091488444010417,0.2441350809733073
unseen_,1500,15,261001403,21,670,3,0,0,667,3,1.0023426920572918,0.24320734659830728
unseen_,1500,15,261001403,22,670,4,0,0,666,4,1.0162635904947916,0.24640187581380207
unseen_,1500,15,261001403,23,670,4,0,0,666,4,1.0095921223958333,0.24705347696940105
unseen_,1500,15,261001403,24,670,4,0,0,666,4,1.0157801106770834,0.24685068766276042
unseen_,1500,15,261001403,25,670,5,0,0,665,5,1.0199271647135417,0.24882433573404947
unseen_,1500,15,261001403,26,670,5,0,0,665,5,1.0148004557291668,0.24699732462565105
unseen_,1500,15,261001403,27,670,3,0,0,667,3,1.0055122884114582,0.2455230204264323
unseen_,1500,15,261001403,28,670,4,0,0,666,4,1.0213544921875,0.2461163330078125
unseen_,1500,15,261001403,29,670,3,0,0,667,3,1.0084266764322916,0.24502209981282552
unseen_,1500,15,261001403,30,670,5,0,0,665,5,1.020761962890625,0.24617469787597657
unseen_,1500,15,261001403,31,670,5,0,0,665,5,1.0214793294270834,0.24740386962890626
unseen_,1500,15,261001403,32,670,5,0,0,665,5,1.0069849446614583,0.246927490234375
unseen_,1500,15,261001403,33,670,4,0,0,666,4,1.022125,0.2469884999593099
unseen_,1500,15,261001403,34,670,4,0,0,666,4,1.012943359375,0.24762105305989585
unseen_,1500,15,261001403,35,670,3,0,0,667,3,1.02312060546875,0.2485828145345052
unseen_,1500,15,261001403,36,670,5,0,0,665,5,1.0178907063802083,0.24684491475423176
unseen_,1500,15,261001403,37,670,4,0,0,666,4,1.0161525065104167,0.2465679931640625
unseen_,1500,15,261001403,38,670,5,0,0,665,5,1.0208936360677083,0.24697097778320312
unseen_,1500,15,261001403,39,670,5,0,0,665,5,1.0221207682291666,0.24768709818522136
unseen_,1500,15,261001403,40,670,4,0,0,666,4,1.01774658203125,0.24531628926595053
unseen_,1500,15,261001403,41,670,4,0,0,666,4,1.0116795247395833,0.23937184651692708
unseen_,1500,15,261001403,42,670,4,0,0,666,4,1.0209913736979166,0.24892562866210938
unseen_,1500,15,261001403,43,670,4,0,0,666,4,1.0169812825520834,0.24623036702473958
unseen_,1500,15,261001403,44,670,3,0,0,667,3,1.0108760579427083,0.24793510437011718
unseen_,1500,15,261001403,45,670,4,0,0,666,4,1.0122762044270834,0.24805074055989584
unseen_,1500,15,261001403,46,670,3,0,0,667,3,1.0136978352864583,0.2458837636311849
unseen_,1500,15,261001403,47,670,3,0,0,667,3,1.0148876953125,0.2444873301188151
unseen_,1500,15,261001403,48,670,3,0,0,667,3,1.0158301595052084,0.2473143513997396
unseen_,1500,15,261001403,49,670,4,0,0,666,4,1.014667724609375,0.24539148966471355
unseen_,1500,15,261001403,50,670,3,0,0,667,3,1.021645263671875,0.24664822896321614
unseen_,1500,15,261001403,51,670,4,0,0,666,4,1.0199104817708333,0.24684183756510417
unseen_,1500,15,261001403,52,670,4,0,0,666,4,1.0165165201822917,0.24660110473632812
unseen_,1500,15,261001403,53,670,4,0,0,666,4,1.0144566243489583,0.246677729288737
unseen_,1500,15,261001403,54,670,4,0,0,666,4,1.0050406087239583,0.24580830891927083
unseen_,1500,15,261001403,55,670,4,0,0,666,4,1.0196946614583333,0.24453437805175782
unseen_,1500,15,261001403,56,670,3,0,0,667,3,1.0103671061197916,0.24543780008951824
unseen_,1500,15,261001403,57,670,4,0,0,666,4,1.0201117350260416,0.24761377970377604
unseen_,1500,15,261001403,58,670,3,0,0,667,3,1.0049336751302083,0.242860107421875
unseen_,1500,15,261001403,59,670,5,0,0,665,5,1.011311279296875,0.24710952758789062
unseen_,1500,15,261001403,60,670,4,0,0,666,4,1.0137418619791667,0.24758084615071616
unseen_,1500,15,261001403,61,670,4,0,0,666,4,1.021158447265625,0.24762977600097658
unseen_,1500,15,261001403,62,670,4,0,0,666,4,1.0163076171875,0.24616895039876302
unseen_,1500,15,261001403,63,670,4,0,0,666,4,1.0130067545572916,0.24815526326497395
unseen_,500,20,261001401,0,670,18,0,0,652,18,1.0429306640625,0.4704616928100586
unseen_,500,20,261001401,1,670,17,0,0,653,17,1.04259326171875,0.46834999084472656
unseen_,500,20,261001401,2,670,18,0,0,652,18,1.0420750732421875,0.4794643783569336
unseen_,500,20,261001401,3,670,20,0,0,650,20,1.04182275390625,0.4790744400024414
unseen_,500,20,261001401,4,670,19,0,0,651,19,1.041777587890625,0.47854358673095704
unseen_,500,20,261001401,5,670,19,0,0,651,19,1.04430517578125,0.47579261779785154
unseen_,500,20,261001401,6,670,19,0,0,651,19,1.04233349609375,0.4697964477539063
unseen_,500,20,261001401,7,670,19,0,0,651,19,1.0361688232421875,0.4804902267456055
unseen_,500,20,261001401,8,670,18,0,0,652,18,1.0446934814453126,0.4780669021606445
unseen_,500,20,261001401,9,670,17,0,0,653,17,1.040441650390625,0.46868812561035156
unseen_,500,20,261001401,10,670,19,0,0,651,19,1.03951025390625,0.4797044372558594
unseen_,500,20,261001401,11,670,19,0,0,651,19,1.039262451171875,0.4796272659301758
unseen_,500,20,261001401,12,670,18,0,0,652,18,1.04511767578125,0.47939815521240237
unseen_,500,20,261001401,13,670,17,0,0,653,17,1.0424271240234375,0.4698970413208008
unseen_,500,20,261001401,14,670,19,0,0,651,19,1.04315380859375,0.47928558349609374
unseen_,500,20,261001401,15,670,18,0,0,652,18,1.038279052734375,0.4682014846801758
unseen_,500,20,261001401,16,670,17,0,0,653,17,1.042661376953125,0.4683369064331055
unseen_,500,20,261001401,17,670,18,0,0,652,18,1.0393043212890625,0.4796615982055664
unseen_,500,20,261001401,18,670,19,0,0,651,19,1.042036865234375,0.4749057388305664
unseen_,500,20,261001401,19,670,18,0,0,652,18,1.0416815185546875,0.4791359710693359
unseen_,500,20,261001401,20,670,16,0,0,654,16,1.0384288330078124,0.47673721313476564
unseen_,500,20,261001401,21,670,16,0,0,654,16,1.036581298828125,0.46701385498046877
unseen_,500,20,261001401,22,670,18,0,0,652,18,1.038228759765625,0.4788872528076172
unseen_,500,20,261001401,23,670,17,0,0,653,17,1.038056884765625,0.46737079620361327
unseen_,500,20,261001401,24,670,17,0,0,653,17,1.03485302734375,0.4792755508422852
unseen_,500,20,261001401,25,670,17,0,0,653,17,1.0363675537109376,0.4793867111206055
unseen_,500,20,261001401,26,670,17,0,0,653,17,1.04041064453125,0.47571395874023437
unseen_,500,20,261001401,27,670,17,0,0,653,17,1.0434061279296876,0.4704691696166992
unseen_,500,20,261001401,28,670,17,0,0,653,17,1.0450533447265624,0.47632919311523436
unseen_,500,20,261001401,29,670,17,0,0,653,17,1.0426016845703125,0.46939430236816404
unseen_,500,20,261001401,30,670,19,0,0,651,19,1.03935009765625,0.4780405807495117
unseen_,500,20,261001401,31,670,19,0,0,651,19,1.0411153564453124,0.47950016021728514
unseen_,500,20,261001401,32,670,18,0,0,652,18,1.04406396484375,0.4760889434814453
unseen_,500,20,261001401,33,670,17,0,0,653,17,1.0359342041015625,0.4748572540283203
unseen_,500,20,261001401,34,670,18,0,0,652,18,1.0449825439453124,0.4719283676147461
unseen_,500,20,261001401,35,670,17,0,0,653,17,1.0410819091796875,0.4686285018920898
unseen_,500,20,261001401,36,670,19,0,0,651,19,1.03929736328125,0.4782730484008789
unseen_,500,20,261001401,37,670,16,0,0,654,16,1.04442626953125,0.4709465789794922
unseen_,500,20,261001401,38,670,16,0,0,654,16,1.0373096923828125,0.47781375885009764
unseen_,500,20,261001401,39,670,18,0,0,652,18,1.0447652587890626,0.4779587936401367
unseen_,500,20,261001401,40,670,19,0,0,651,19,1.0367401123046875,0.4758597183227539
unseen_,500,20,261001401,41,670,17,0,0,653,17,1.0410833740234375,0.47110328674316404
unseen_,500,20,261001401,42,670,17,0,0,653,17,1.0440823974609375,0.4707694244384766
unseen_,500,20,261001401,43,670,19,0,0,651,19,1.0427803955078125,0.4780488204956055
unseen_,500,20,261001401,44,670,16,0,0,654,16,1.041654052734375,0.4794595718383789
unseen_,500,20,261001401,45,670,18,0,0,652,18,1.0393360595703125,0.4789878463745117
unseen_,500,20,261001401,46,670,17,0,0,653,17,1.0404215087890625,0.4679281234741211
unseen_,500,20,261001401,47,670,19,0,0,651,19,1.0420318603515626,0.46878387451171877
unseen_,500,20,261001401,48,670,16,0,0,654,16,1.0416488037109375,0.46932426452636716
unseen_,500,20,261001401,49,670,17,0,0,653,17,1.0425228271484375,0.4763814544677734
unseen_,500,20,261001401,50,670,18,0,0,652,18,1.026639892578125,0.4761743927001953
unseen_,500,20,261001401,51,670,17,0,0,653,17,1.0451573486328125,0.475571403503418
unseen_,500,20,261001401,52,670,18,0,0,652,18,1.0437310791015626,0.4724972152709961
unseen_,500,20,261001401,53,670,17,0,0,653,17,1.0415609130859376,0.4693305969238281
unseen_,500,20,261001401,54,670,18,0,0,652,18,1.04491748046875,0.4712287139892578
unseen_,500,20,261001401,55,670,19,0,0,651,19,1.04473193359375,0.4769210433959961
unseen_,500,20,261001401,56,670,18,0,0,652,18,1.0446297607421875,0.4718914794921875
unseen_,500,20,261001401,57,670,19,0,0,651,19,1.044177001953125,0.4707211685180664
unseen_,500,20,261001401,58,670,17,0,0,653,17,1.0431070556640625,0.4668571090698242
unseen_,500,20,261001401,59,670,19,0,0,651,19,1.0444765625,0.473486442565918
unseen_,500,20,261001401,60,670,17,0,0,653,17,1.0403406982421874,0.4685121154785156
unseen_,500,20,261001401,61,670,17,0,0,653,17,1.0419935302734376,0.46943572998046873
unseen_,500,20,261001401,62,670,17,0,0,653,17,1.0424683837890625,0.47051071166992187
unseen_,500,20,261001401,63,670,19,0,0,651,19,1.0423419189453125,0.47881282806396486
unseen_,1000,20,261001401,0,670,5,0,0,665,5,1.0207738444010417,0.33504203796386717
unseen_,1000,20,261001401,1,670,5,0,0,665,5,1.0196487630208333,0.3370410919189453
unseen_,1000,20,261001401,2,670,7,0,0,663,7,1.0250201009114583,0.33744232177734373
unseen_,1000,20,261001401,3,670,7,0,0,663,7,1.0243050130208333,0.3363773600260417
unseen_,1000,20,261001401,4,670,6,0,0,664,6,1.023485595703125,0.3370092264811198
unseen_,1000,20,261001401,5,670,6,0,0,664,6,1.0294017740885417,0.3350803375244141
unseen_,1000,20,261001401,6,670,6,0,0,664,6,1.0307584635416667,0.336742680867513
unseen_,1000,20,261001401,7,670,6,0,0,664,6,1.0242010904947916,0.3376551055908203
unseen_,1000,20,261001401,8,670,6,0,0,664,6,1.0275377604166667,0.3356217447916667
unseen_,1000,20,261001401,9,670,6,0,0,664,6,1.0114480794270833,0.33517183939615885
unseen_,1000,20,261001401,10,670,6,0,0,664,6,1.0290601399739583,0.33603726704915365
unseen_,1000,20,261001401,11,670,6,0,0,664,6,1.02843115234375,0.3333274586995443
unseen_,1000,20,261001401,12,670,5,0,0,665,5,1.0268334147135416,0.339364013671875
unseen_,1000,20,261001401,13,670,6,0,0,664,6,1.0204962565104168,0.33516883850097656
unseen_,1000,20,261001401,14,670,6,0,0,664,6,1.0298844401041667,0.33878819783528646
unseen_,1000,20,261001401,15,670,5,0,0,665,5,1.0285184733072916,0.3354254659016927
unseen_,1000,20,261001401,16,670,6,0,0,664,6,1.0199659016927083,0.33638346354166665
unseen_,1000,20,261001401,17,670,6,0,0,664,6,1.0293099772135417,0.34214889526367187
unseen_,1000,20,261001401,18,670,7,0,0,663,7,1.0284491373697917,0.33618687947591147
unseen_,1000,20,261001401,19,670,6,0,0,664,6,1.032127197265625,0.3399518585205078
unseen_,1000,20,261001401,20,670,5,0,0,665,5,1.0245861002604166,0.3311360422770182
unseen_,1000,20,261001401,21,670,5,0,0,665,5,1.0102831217447916,0.3330059560139974
unseen_,1000,20,261001401,22,670,6,0,0,664,6,1.0225524088541667,0.33970853169759113
unseen_,1000,20,261001401,23,670,6,0,0,664,6,1.029427001953125,0.339276123046875
unseen_,1000,20,261001401,24,670,7,0,0,663,7,1.029781005859375,0.3422436777750651
unseen_,1000,20,261001401,25,670,5,0,0,665,5,1.0241731770833333,0.3359239705403646
unseen_,1000,20,261001401,26,670,7,0,0,663,7,1.0291376953125,0.3348130544026693
unseen_,1000,20,261001401,27,670,5,0,0,665,5,1.0314876302083333,0.33938702901204426
unseen_,1000,20,261001401,28,670,7,0,0,663,7,1.0247786458333332,0.337096430460612
unseen_,1000,20,261001401,29,670,6,0,0,664,6,1.0237481282552083,0.33689788818359373
unseen_,1000,20,261001401,30,670,7,0,0,663,7,1.0265235188802084,0.3386938222249349
unseen_,1000,20,261001401,31,670,7,0,0,663,7,1.0239851888020832,0.33433560689290365
unseen_,1000,20,261001401,32,670,7,0,0,663,7,1.0300478515625,0.3348904673258464
unseen_,1000,20,261001401,33,670,6,0,0,664,6,1.0283370768229168,0.33696970621744793
unseen_,1000,20,261001401,34,670,6,0,0,664,6,1.0174156087239583,0.33483652750651044
unseen_,1000,20,261001401,35,670,6,0,0,664,6,1.0282240397135416,0.3369011942545573
unseen_,1000,20,261001401,36,670,8,0,0,662,8,1.0298141276041666,0.33944145202636716
unseen_,1000,20,261001401,37,670,5,0,0,665,5,1.011959228515625,0.3340071360270182
unseen_,1000,20,261001401,38,670,5,0,0,665,5,1.02330810546875,0.3378693644205729
unseen_,1000,20,261001401,39,670,6,0,0,664,6,1.017501953125,0.33506106058756513
unseen_,1000,20,261001401,40,670,7,0,0,663,7,1.028607421875,0.3351148478190104
unseen_,1000,20,261001401,41,670,6,0,0,664,6,1.0157843424479167,0.33504188537597657
unseen_,1000,20,261001401,42,670,4,0,0,666,4,1.02734375,0.33681793212890626
unseen_,1000,20,261001401,43,670,6,0,0,664,6,1.0223562825520833,0.3341094462076823
unseen_,1000,20,261001401,44,670,4,0,0,666,4,1.02406103515625,0.3347165934244792
unseen_,1000,20,261001401,45,670,5,0,0,665,5,1.0247766927083333,0.3372117106119792
unseen_,1000,20,261001401,46,670,5,0,0,665,5,1.024830322265625,0.33862200419108074
unseen_,1000,20,261001401,47,670,6,0,0,664,6,1.020177978515625,0.3363076782226562
unseen_,1000,20,261001401,48,670,5,0,0,665,5,1.0078922526041667,0.3342835489908854
unseen_,1000,20,261001401,49,670,6,0,0,664,6,1.0296912434895833,0.33410143534342446
unseen_,1000,20,261001401,50,670,6,0,0,664,6,1.0255596516927084,0.3339080301920573
unseen_,1000,20,261001401,51,670,7,0,0,663,7,1.0257024739583334,0.33396453857421876
unseen_,1000,20,261001401,52,670,5,0,0,665,5,1.028897216796875,0.3388813273111979
unseen_,1000,20,261001401,53,670,6,0,0,664,6,1.0293643391927083,0.338864008585612
unseen_,1000,20,261001401,54,670,7,0,0,663,7,1.03010888671875,0.33956504821777345
unseen_,1000,20,261001401,55,670,7,0,0,663,7,1.0278486328125,0.33858416239420575
unseen_,1000,20,261001401,56,670,7,0,0,663,7,1.0279681803385416,0.3385923767089844
unseen_,1000,20,261001401,57,670,7,0,0,663,7,1.0312547200520834,0.339549560546875
unseen_,1000,20,261001401,58,670,6,0,0,664,6,1.0223048502604166,0.33641118367513023
unseen_,1000,20,261001401,59,670,7,0,0,663,7,1.0308295084635417,0.334583257039388
unseen_,1000,20,261001401,60,670,6,0,0,664,6,1.025034912109375,0.3352809906005859
unseen_,1000,20,261001401,61,670,6,0,0,664,6,1.0271910807291667,0.3392859903971354
unseen_,1000,20,261001401,62,670,5,0,0,665,5,1.0308199869791668,0.3400547790527344
unseen_,1000,20,261001401,63,670,7,0,0,663,7,1.0272071940104166,0.33750999450683594
unseen_,1500,20,261001401,0,670,4,0,0,666,4,1.01134912109375,0.24831583658854167
unseen_,1500,20,261001401,1,670,4,0,0,666,4,1.012635986328125,0.2480132802327474
unseen_,1500,20,261001401,2,670,5,0,0,665,5,1.0134335123697917,0.2485699462890625
unseen_,1500,20,261001401,3,670,6,0,0,664,6,1.0188321126302082,0.24622881571451824
unseen_,1500,20,261001401,4,670,5,0,0,665,5,1.0159493001302082,0.24610369364420573
unseen_,1500,20,261001401,5,670,4,0,0,666,4,1.0187504069010416,0.2480096944173177
unseen_,1500,20,261001401,6,670,5,0,0,665,5,1.0233894856770833,0.2493786875406901
unseen_,1500,20,261001401,7,670,5,0,0,665,5,1.0196210123697917,0.24691123962402345
unseen_,1500,20,261001401,8,670,5,0,0,665,5,1.0146725260416667,0.24821324666341146
unseen_,1500,20,261001401,9,670,4,0,0,666,4,1.0201892903645833,0.2481036122639974
unseen_,1500,20,261001401,10,670,5,0,0,665,5,1.0223927408854168,0.24866498311360677
unseen_,1500,20,261001401,11,670,5,0,0,665,5,1.02014892578125,0.2475757090250651
unseen_,1500,20,261001401,12,670,5,0,0,665,5,1.02107177734375,0.2474688720703125
unseen_,1500,20,261001401,13,670,3,0,0,667,3,1.0100143229166667,0.24485097249348958
unseen_,1500,20,261001401,14,670,4,0,0,666,4,1.0182598470052084,0.24690762837727864
unseen_,1500,20,261001401,15,670,3,0,0,667,3,1.01776513671875,0.24609649658203125
unseen_,1500,20,261001401,16,670,4,0,0,666,4,1.0165569661458334,0.24813573201497396
unseen_,1500,20,261001401,17,670,5,0,0,665,5,1.0199733072916666,0.2470970662434896
unseen_,1500,20,261001401,18,670,5,0,0,665,5,1.0159341634114583,0.2452222188313802
unseen_,1500,20,261001401,19,670,3,0,0,667,3,1.0129906412760417,0.24591461181640625
unseen_,1500,20,261001401,20,670,4,0,0,666,4,1.010916015625,0.24407427469889323
unseen_,1500,20,261001401,21,670,3,0,0,667,3,1.0185322265625,0.24533465067545573
unseen_,1500,20,261001401,22,670,4,0,0,666,4,1.0127367350260417,0.2470086161295573
unseen_,1500,20,261001401,23,670,4,0,0,666,4,1.02247607421875,0.2492901102701823
unseen_,1500,20,261001401,24,670,5,0,0,665,5,1.0225493977864584,0.24879969278971353
unseen_,1500,20,261001401,25,670,5,0,0,665,5,1.0193347981770833,0.2487902069091797
unseen_,1500,20,261001401,26,670,4,0,0,666,4,1.01667578125,0.24645281473795572
unseen_,1500,20,261001401,27,670,3,0,0,667,3,1.0163306477864584,0.24489479064941405
unseen_,1500,20,261001401,28,670,4,0,0,666,4,1.0209222005208334,0.2458258819580078
unseen_,1500,20,261001401,29,670,4,0,0,666,4,1.0194115397135417,0.24777783711751303
unseen_,1500,20,261001401,30,670,4,0,0,666,4,1.0166630045572917,0.2461121114095052
unseen_,1500,20,261001401,31,670,5,0,0,665,5,1.015947265625,0.24617874145507812
unseen_,1500,20,261001401,32,670,4,0,0,666,4,1.01930029296875,0.24789403279622396
unseen_,1500,20,261001401,33,670,3,0,0,667,3,1.0063870442708334,0.24588968912760417
unseen_,1500,20,261001401,34,670,5,0,0,665,5,1.0133515625,0.24729568481445313
unseen_,1500,20,261001401,35,670,3,0,0,667,3,1.022446044921875,0.24911277770996093
unseen_,1500,20,261001401,36,670,4,0,0,666,4,1.0205196940104166,0.2473846944173177
unseen_,1500,20,261001401,37,670,3,0,0,667,3,1.0053468424479166,0.24562606811523438
unseen_,1500,20,261001401,38,670,4,0,0,666,4,1.0150186360677083,0.24610341389973958
unseen_,1500,20,261001401,39,670,5,0,0,665,5,1.0169678548177083,0.2474969736735026
unseen_,1500,20,261001401,40,670,3,0,0,667,3,1.012914306640625,0.24681353251139324
unseen_,1500,20,261001401,41,670,3,0,0,667,3,1.0152588704427083,0.2478747049967448
unseen_,1500,20,261001401,42,670,4,0,0,666,4,1.0161270345052082,0.24853983561197918
unseen_,1500,20,261001401,43,670,5,0,0,665,5,1.0206085611979168,0.24587125142415364
unseen_,1500,20,261001401,44,670,2,0,0,668,2,1.0144784342447917,0.24791765848795572
unseen_,1500,20,261001401,45,670,5,0,0,665,5,1.021092529296875,0.24880213419596353
unseen_,1500,20,261001401,46,670,3,0,0,667,3,1.02039208984375,0.24602032979329427
unseen_,1500,20,261001401,47,670,3,0,0,667,3,1.0179921875,0.24381802876790365
unseen_,1500,20,261001401,48,670,3,0,0,667,3,1.0141298014322917,0.2471881612141927
unseen_,1500,20,261001401,49,670,4,0,0,666,4,1.012170654296875,0.24300585428873697
unseen_,1500,20,261001401,50,670,4,0,0,666,4,1.0170724283854167,0.2459503682454427
unseen_,1500,20,261001401,51,670,4,0,0,666,4,1.0189349772135416,0.24682467142740885
unseen_,1500,20,261001401,52,670,3,0,0,667,3,1.0220977376302083,0.24629351298014324
unseen_,1500,20,261001401,53,670,4,0,0,666,4,1.0135157877604166,0.24615613301595052
unseen_,1500,20,261001401,54,670,4,0,0,666,4,1.023240966796875,0.24824389139811198
unseen_,1500,20,261001401,55,670,4,0,0,666,4,1.0194708658854166,0.24448570251464843
unseen_,1500,20,261001401,56,670,3,0,0,667,3,1.0069283854166666,0.24441246032714845
unseen_,1500,20,261001401,57,670,5,0,0,665,5,1.0187748209635417,0.2477491251627604
unseen_,1500,20,261001401,58,670,3,0,0,667,3,1.0207554524739584,0.244819819132487
unseen_,1500,20,261001401,59,670,5,0,0,665,5,1.0125157877604167,0.2473302714029948
unseen_,1500,20,261001401,60,670,4,0,0,666,4,1.0119268391927083,0.24748802185058594
unseen_,1500,20,261001401,61,670,3,0,0,667,3,1.0199628092447917,0.24741452534993488
unseen_,1500,20,261001401,62,670,3,0,0,667,3,1.0224672037760416,0.2480840555826823
unseen_,1500,20,261001401,63,670,5,0,0,665,5,1.0207515462239583,0.24886441548665364
unseen_,500,20,261001402,0,670,17,0,0,653,17,1.0330826416015626,0.4789495086669922
unseen_,500,20,261001402,1,670,17,0,0,653,17,1.04274169921875,0.46986053466796873
unseen_,500,20,261001402,2,670,19,0,0,651,19,1.04278515625,0.47946441650390625
unseen_,500,20,261001402,3,670,19,0,0,651,19,1.041925048828125,0.47861507415771487
unseen_,500,20,261001402,4,670,19,0,0,651,19,1.041855712890625,0.4786331558227539
unseen_,500,20,261001402,5,670,18,0,0,652,18,1.0443843994140625,0.47562122344970703
unseen_,500,20,261001402,6,670,18,0,0,652,18,1.0337138671875,0.46582855224609376
unseen_,500,20,261001402,7,670,17,0,0,653,17,1.037076904296875,0.47911914825439456
unseen_,500,20,261001402,8,670,18,0,0,652,18,1.03400732421875,0.47889488220214843
unseen_,500,20,261001402,9,670,17,0,0,653,17,1.0430357666015626,0.47005332946777345
unseen_,500,20,261001402,10,670,20,0,0,650,20,1.0395084228515625,0.4797039413452148
unseen_,500,20,261001402,11,670,17,0,0,653,17,1.038240234375,0.4793585968017578
unseen_,500,20,261001402,12,670,20,0,0,650,20,1.0386676025390624,0.4806587600708008
unseen_,500,20,261001402,13,670,18,0,0,652,18,1.043957275390625,0.4706122970581055
unseen_,500,20,261001402,14,670,18,0,0,652,18,1.039403564453125,0.4791828918457031
unseen_,500,20,261001402,15,670,18,0,0,652,18,1.0441295166015625,0.47082378387451174
unseen_,500,20,261001402,16,670,18,0,0,652,18,1.044773681640625,0.4711981964111328
unseen_,500,20,261001402,17,670,19,0,0,651,19,1.03944677734375,0.4796941375732422
unseen_,500,20,261001402,18,670,18,0,0,652,18,1.0415460205078124,0.47675907135009765
unseen_,500,20,261001402,19,670,18,0,0,652,18,1.0416064453125,0.47913684844970705
unseen_,500,20,261001402,20,670,17,0,0,653,17,1.0408082275390624,0.4763400650024414
unseen_,500,20,261001402,21,670,18,0,0,652,18,1.0365914306640625,0.477741584777832
unseen_,500,20,261001402,22,670,18,0,0,652,18,1.03862744140625,0.4747834777832031
unseen_,500,20,261001402,23,670,17,0,0,653,17,1.0385888671875,0.4676192092895508
unseen_,500,20,261001402,24,670,18,0,0,652,18,1.04290869140625,0.47023265838623046
unseen_,500,20,261001402,25,670,17,0,0,653,17,1.0374444580078126,0.4793889617919922
unseen_,500,20,261001402,26,670,17,0,0,653,17,1.040317626953125,0.47819271087646487
unseen_,500,20,261001402,27,670,18,0,0,652,18,1.0413341064453125,0.4693718338012695
unseen_,500,20,261001402,28,670,16,0,0,654,16,1.0449412841796875,0.4784324264526367
unseen_,500,20,261001402,29,670,18,0,0,652,18,1.042588134765625,0.46952884674072265
unseen_,500,20,261001402,30,670,17,0,0,653,17,1.0391885986328124,0.47804851531982423
unseen_,500,20,261001402,31,670,18,0,0,652,18,1.039370361328125,0.4786073684692383
unseen_,500,20,261001402,32,670,18,0,0,652,18,1.04156494140625,0.47573898315429686
unseen_,500,20,261001402,33,670,18,0,0,652,18,1.041080810546875,0.47479984283447263
unseen_,500,20,261001402,34,670,17,0,0,653,17,1.044743408203125,0.4794026947021484
unseen_,500,20,261001402,35,670,17,0,0,653,17,1.0402926025390624,0.469138069152832
unseen_,500,20,261001402,36,670,19,0,0,651,19,1.03981689453125,0.478280029296875
unseen_,500,20,261001402,37,670,18,0,0,652,18,1.0449600830078125,0.47128551483154296
unseen_,500,20,261001402,38,670,16,0,0,654,16,1.0388861083984375,0.4780335998535156
unseen_,500,20,261001402,39,670,18,0,0,652,18,1.0441605224609376,0.47878227233886717
unseen_,500,20,261001402,40,670,18,0,0,652,18,1.0415565185546876,0.47940277099609374
unseen_,500,20,261001402,41,670,17,0,0,653,17,1.044261962890625,0.47223663330078125
unseen_,500,20,261001402,42,670,17,0,0,653,17,1.043764404296875,0.4705403518676758
unseen_,500,20,261001402,43,670,19,0,0,651,19,1.040885986328125,0.474877815246582
unseen_,500,20,261001402,44,670,17,0,0,653,17,1.042106201171875,0.47946308135986326
unseen_,500,20,261001402,45,670,19,0,0,651,19,1.0394031982421874,0.4791011428833008
unseen_,500,20,261001402,46,670,18,0,0,652,18,1.0405,0.46763484954833984
unseen_,500,20,261001402,47,670,18,0,0,652,18,1.0433145751953126,0.47092254638671877
unseen_,500,20,261001402,48,670,18,0,0,652,18,1.0420062255859375,0.469549560546875
unseen_,500,20,261001402,49,670,17,0,0,653,17,1.042528076171875,0.47616455078125
unseen_,500,20,261001402,50,670,17,0,0,653,17,1.0343731689453124,0.4740620803833008
unseen_,500,20,261001402,51,670,17,0,0,653,17,1.0452528076171874,0.475789794921875
unseen_,500,20,261001402,52,670,17,0,0,653,17,1.0449945068359374,0.4717733001708984
unseen_,500,20,261001402,53,670,18,0,0,652,18,1.045014404296875,0.47145572662353513
unseen_,500,20,261001402,54,670,18,0,0,652,18,1.0453734130859376,0.47900684356689455
unseen_,500,20,261001402,55,670,19,0,0,651,19,1.0449459228515625,0.4792459869384766
unseen_,500,20,261001402,56,670,18,0,0,652,18,1.0367550048828125,0.47903339385986327
unseen_,500,20,261001402,57,670,19,0,0,651,19,1.04250830078125,0.4698985290527344
unseen_,500,20,261001402,58,670,17,0,0,653,17,1.0430072021484376,0.46774879455566404
unseen_,500,20,261001402,59,670,18,0,0,652,18,1.0404483642578124,0.4721297073364258
unseen_,500,20,261001402,60,670,17,0,0,653,17,1.0403240966796874,0.4685079574584961
unseen_,500,20,261001402,61,670,17,0,0,653,17,1.0419464111328125,0.46940765380859373
unseen_,500,20,261001402,62,670,17,0,0,653,17,1.0401502685546875,0.4679196166992188
unseen_,500,20,261001402,63,670,17,0,0,653,17,1.0447384033203124,0.47103302001953123
unseen_,1000,20,261001402,0,670,5,0,0,665,5,1.0223404134114584,0.3396327972412109
unseen_,1000,20,261001402,1,670,6,0,0,664,6,1.0207599283854167,0.3353441619873047
unseen_,1000,20,261001402,2,670,8,0,0,662,8,1.03265185546875,0.3431726837158203
unseen_,1000,20,261001402,3,670,6,0,0,664,6,1.024404052734375,0.3364692942301432
unseen_,1000,20,261001402,4,670,6,0,0,664,6,1.023302001953125,0.336961186726888
unseen_,1000,20,261001402,5,670,6,0,0,664,6,1.0288771158854166,0.33513379414876304
unseen_,1000,20,261001402,6,670,6,0,0,664,6,1.028572998046875,0.33654136657714845
unseen_,1000,20,261001402,7,670,5,0,0,665,5,1.026706787109375,0.34113878885904947
unseen_,1000,20,261001402,8,670,7,0,0,663,7,1.028179931640625,0.33507858276367186
unseen_,1000,20,261001402,9,670,5,0,0,665,5,1.017750732421875,0.3351903533935547
unseen_,1000,20,261001402,10,670,7,0,0,663,7,1.0300091959635416,0.3423813883463542
unseen_,1000,20,261001402,11,670,7,0,0,663,7,1.0313693033854168,0.33613131205240887
unseen_,1000,20,261001402,12,670,6,0,0,664,6,1.0269219563802083,0.3329383087158203
unseen_,1000,20,261001402,13,670,5,0,0,665,5,1.0248604329427082,0.33543912251790364
unseen_,1000,20,261001402,14,670,6,0,0,664,6,1.0285892740885416,0.3387586720784505
unseen_,1000,20,261001402,15,670,5,0,0,665,5,1.0289026692708334,0.335122553507487
unseen_,1000,20,261001402,16,670,6,0,0,664,6,1.019457763671875,0.3361341857910156
unseen_,1000,20,261001402,17,670,6,0,0,664,6,1.028889892578125,0.33343597412109377
unseen_,1000,20,261001402,18,670,6,0,0,664,6,1.0285797526041667,0.33593271891276044
unseen_,1000,20,261001402,19,670,6,0,0,664,6,1.03129052734375,0.3398573048909505
unseen_,1000,20,261001402,20,670,6,0,0,664,6,1.024261962890625,0.3345781453450521
unseen_,1000,20,261001402,21,670,6,0,0,664,6,1.017021240234375,0.3337518056233724
unseen_,1000,20,261001402,22,670,6,0,0,664,6,1.0318763834635416,0.33698046366373696
unseen_,1000,20,261001402,23,670,6,0,0,664,6,1.0278997395833334,0.3396546173095703
unseen_,1000,20,261001402,24,670,6,0,0,664,6,1.0302029622395834,0.33663103739420575
unseen_,1000,20,261001402,25,670,5,0,0,665,5,1.0242305501302083,0.3361229197184245
unseen_,1000,20,261001402,26,670,6,0,0,664,6,1.0294938151041666,0.3347661590576172
unseen_,1000,20,261001402,27,670,4,0,0,666,4,1.0303544108072917,0.33938680013020833
unseen_,1000,20,261001402,28,670,7,0,0,663,7,1.0242134602864583,0.33718650817871093
unseen_,1000,20,261001402,29,670,6,0,0,664,6,1.0219800618489583,0.3368915303548177
unseen_,1000,20,261001402,30,670,7,0,0,663,7,1.025119140625,0.33846112569173176
unseen_,1000,20,261001402,31,670,6,0,0,664,6,1.027785400390625,0.3395216369628906
unseen_,1000,20,261001402,32,670,7,0,0,663,7,1.0266194661458334,0.3340213012695312
unseen_,1000,20,261001402,33,670,6,0,0,664,6,1.031654296875,0.33787981669108075
unseen_,1000,20,261001402,34,670,6,0,0,664,6,1.0235040690104167,0.3348109436035156
unseen_,1000,20,261001402,35,670,6,0,0,664,6,1.006238037109375,0.33454546610514324
unseen_,1000,20,261001402,36,670,8,0,0,662,8,1.0275062662760417,0.3390922546386719
unseen_,1000,20,261001402,37,670,6,0,0,664,6,1.0255611165364584,0.33406583150227864
unseen_,1000,20,261001402,38,670,5,0,0,665,5,1.0238377278645834,0.3383188120524089
unseen_,1000,20,261001402,39,670,7,0,0,663,7,1.0236466471354166,0.3355802917480469
unseen_,1000,20,261001402,40,670,6,0,0,664,6,1.0254034830729166,0.3397937774658203
unseen_,1000,20,261001402,41,670,6,0,0,664,6,1.0221936848958333,0.33535741170247396
unseen_,1000,20,261001402,42,670,5,0,0,665,5,1.0144305013020833,0.3352955118815104
unseen_,1000,20,261001402,43,670,7,0,0,663,7,1.0271078287760416,0.33554519653320314
unseen_,1000,20,261001402,44,670,4,0,0,666,4,1.0239374186197916,0.33482505798339846
unseen_,1000,20,261001402,45,670,5,0,0,665,5,1.029337158203125,0.33406277974446613
unseen_,1000,20,261001402,46,670,5,0,0,665,5,1.0261959635416666,0.33896519978841144
unseen_,1000,20,261001402,47,670,6,0,0,664,6,1.0222099609375,0.3356982167561849
unseen_,1000,20,261001402,48,670,5,0,0,665,5,1.018603759765625,0.3343827819824219
unseen_,1000,20,261001402,49,670,6,0,0,664,6,1.01863818359375,0.33453526814778645
unseen_,1000,20,261001402,50,670,7,0,0,663,7,1.0207736002604166,0.33195205688476564
unseen_,1000,20,261001402,51,670,7,0,0,663,7,1.017595458984375,0.33404774983723956
unseen_,1000,20,261001402,52,670,6,0,0,664,6,1.0242350260416666,0.333512446085612
unseen_,1000,20,261001402,53,670,6,0,0,664,6,1.02725927734375,0.33854876200358075
unseen_,1000,20,261001402,54,670,8,0,0,662,8,1.0225284016927083,0.33398216247558593
unseen_,1000,20,261001402,55,670,5,0,0,665,5,1.028667724609375,0.33846773783365885
unseen_,1000,20,261001402,56,670,6,0,0,664,6,1.0310693359375,0.3394184366861979
unseen_,1000,20,261001402,57,670,7,0,0,663,7,1.0295302734375,0.33933263142903647
unseen_,1000,20,261001402,58,670,6,0,0,664,6,1.01886376953125,0.336236826578776
unseen_,1000,20,261001402,59,670,7,0,0,663,7,1.0069996744791667,0.33472086588541666
unseen_,1000,20,261001402,60,670,6,0,0,664,6,1.028212646484375,0.33546000162760414
unseen_,1000,20,261001402,61,670,6,0,0,664,6,1.0271333821614583,0.3392433929443359
unseen_,1000,20,261001402,62,670,5,0,0,665,5,1.0294451497395833,0.33975980122884114
unseen_,1000,20,261001402,63,670,7,0,0,663,7,1.02385400390625,0.3362684377034505
unseen_,1500,20,261001402,0,670,4,0,0,666,4,1.0174256184895833,0.24780438741048177
unseen_,1500,20,261001402,1,670,4,0,0,666,4,1.0119847819010417,0.24809239705403646
unseen_,1500,20,261001402,2,670,6,0,0,664,6,1.0145492350260417,0.24852635701497397
unseen_,1500,20,261001402,3,670,6,0,0,664,6,1.022244140625,0.2469170379638672
unseen_,1500,20,261001402,4,670,5,0,0,665,5,1.0227647298177083,0.2462762705485026
unseen_,1500,20,261001402,5,670,4,0,0,666,4,1.01839990234375,0.2480426534016927
unseen_,1500,20,261001402,6,670,5,0,0,665,5,1.0218560384114583,0.2492052968343099
unseen_,1500,20,261001402,7,670,5,0,0,665,5,1.020025146484375,0.2483153279622396
unseen_,1500,20,261001402,8,670,4,0,0,666,4,1.0169142252604166,0.24798693339029948
unseen_,1500,20,261001402,9,670,5,0,0,665,5,1.013822509765625,0.24820320129394532
unseen_,1500,20,261001402,10,670,5,0,0,665,5,1.02231982421875,0.24864824930826823
unseen_,1500,20,261001402,11,670,5,0,0,665,5,1.0211427408854166,0.2489667510986328
unseen_,1500,20,261001402,12,670,5,0,0,665,5,1.0191917317708334,0.2460070292154948
unseen_,1500,20,261001402,13,670,4,0,0,666,4,1.0139540201822916,0.24825721740722656
unseen_,1500,20,261001402,14,670,4,0,0,666,4,1.0191759440104167,0.24777386983235677
unseen_,1500,20,261001402,15,670,3,0,0,667,3,1.019026611328125,0.24658429463704426
unseen_,1500,20,261001402,16,670,5,0,0,665,5,1.0130048014322917,0.24779828389485678
unseen_,1500,20,261001402,17,670,4,0,0,666,4,1.0181741536458333,0.2473076883951823
unseen_,1500,20,261001402,18,670,5,0,0,665,5,1.0147242024739582,0.24507664998372397
unseen_,1500,20,261001402,19,670,3,0,0,667,3,1.0162859700520834,0.2458605448404948
unseen_,1500,20,261001402,20,670,5,0,0,665,5,1.0114676920572916,0.24735463460286458
unseen_,1500,20,261001402,21,670,4,0,0,666,4,1.0189585774739582,0.24518847147623699
unseen_,1500,20,261001402,22,670,4,0,0,666,4,1.0141029459635416,0.24737055460611979
unseen_,1500,20,261001402,23,670,4,0,0,666,4,1.0208203938802083,0.24913063049316406
unseen_,1500,20,261001402,24,670,4,0,0,666,4,1.0225262858072917,0.249337641398112
unseen_,1500,20,261001402,25,670,5,0,0,665,5,1.0194609375,0.24882166544596354
unseen_,1500,20,261001402,26,670,5,0,0,665,5,1.0186966959635417,0.24786209106445312
unseen_,1500,20,261001402,27,670,3,0,0,667,3,1.016431884765625,0.24508079528808593
unseen_,1500,20,261001402,28,670,4,0,0,666,4,1.0164873860677084,0.24584360758463542
unseen_,1500,20,261001402,29,670,4,0,0,666,4,1.016630859375,0.24750269571940103
unseen_,1500,20,261001402,30,670,5,0,0,665,5,1.0199269205729167,0.2458208974202474
unseen_,1500,20,261001402,31,670,5,0,0,665,5,1.0209810384114584,0.24775896708170572
unseen_,1500,20,261001402,32,670,4,0,0,666,4,1.017740966796875,0.24769816080729168
unseen_,1500,20,261001402,33,670,4,0,0,666,4,1.0113361002604166,0.24605079650878905
unseen_,1500,20,261001402,34,670,5,0,0,665,5,1.0223094075520833,0.24875681559244792
unseen_,1500,20,261001402,35,670,3,0,0,667,3,1.0156363932291668,0.24770899454752604
unseen_,1500,20,261001402,36,670,5,0,0,665,5,1.0195349934895834,0.2470787811279297
unseen_,1500,20,261001402,37,670,4,0,0,666,4,1.0056682942708333,0.24569920857747396
unseen_,1500,20,261001402,38,670,4,0,0,666,4,1.0188894856770834,0.24682751973470052
unseen_,1500,20,261001402,39,670,5,0,0,665,5,1.0151689453125,0.2474497985839844
unseen_,1500,20,261001402,40,670,5,0,0,665,5,1.0191648763020833,0.24642957051595052
unseen_,1500,20,261001402,41,670,5,0,0,665,5,1.0142826334635417,0.24818201700846354
unseen_,1500,20,261001402,42,670,4,0,0,666,4,1.0209711100260417,0.248448969523112
unseen_,1500,20,261001402,43,670,5,0,0,665,5,1.0198975423177083,0.24709325154622397
unseen_,1500,20,261001402,44,670,3,0,0,667,3,1.0118389485677084,0.2480274709065755
unseen_,1500,20,261001402,45,670,5,0,0,665,5,1.022520263671875,0.2486365254720052
unseen_,1500,20,261001402,46,670,3,0,0,667,3,1.0209209798177084,0.24669748942057293
unseen_,1500,20,261001402,47,670,3,0,0,667,3,1.021424072265625,0.24653961181640624
unseen_,1500,20,261001402,48,670,3,0,0,667,3,1.012722900390625,0.24729281107584636
unseen_,1500,20,261001402,49,670,4,0,0,666,4,1.0190655924479166,0.24535789489746093
unseen_,1500,20,261001402,50,670,3,0,0,667,3,1.01928662109375,0.24787338256835936
unseen_,1500,20,261001402,51,670,4,0,0,666,4,1.0197910970052084,0.24705421447753906
unseen_,1500,20,261001402,52,670,3,0,0,667,3,1.0144413248697917,0.2468213399251302
unseen_,1500,20,261001402,53,670,4,0,0,666,4,1.0121294759114583,0.2463073984781901
unseen_,1500,20,261001402,54,670,5,0,0,665,5,1.0086019694010417,0.24592989603678386
unseen_,1500,20,261001402,55,670,4,0,0,666,4,1.0178855794270834,0.24532842000325522
unseen_,1500,20,261001402,56,670,4,0,0,666,4,1.0132207845052084,0.24536961873372395
unseen_,1500,20,261001402,57,670,4,0,0,666,4,1.0192313639322916,0.24807612101236978
unseen_,1500,20,261001402,58,670,3,0,0,667,3,1.020431884765625,0.24469952901204428
unseen_,1500,20,261001402,59,670,5,0,0,665,5,1.0093516438802084,0.2474236806233724
unseen_,1500,20,261001402,60,670,4,0,0,666,4,1.0135919596354166,0.2474915059407552
unseen_,1500,20,261001402,61,670,3,0,0,667,3,1.0197096354166666,0.2474109141031901
unseen_,1500,20,261001402,62,670,3,0,0,667,3,1.0209290364583334,0.24759541829427084
unseen_,1500,20,261001402,63,670,5,0,0,665,5,1.0186097819010416,0.24863248189290366
unseen_,500,20,261001403,0,670,17,0,0,653,17,1.0396641845703125,0.46821113586425783
unseen_,500,20,261001403,1,670,17,0,0,653,17,1.0413585205078124,0.47031608581542966
unseen_,500,20,261001403,2,670,18,0,0,652,18,1.0399989013671875,0.47946903228759763
unseen_,500,20,261001403,3,670,19,0,0,651,19,1.044475830078125,0.47903396606445314
unseen_,500,20,261001403,4,670,19,0,0,651,19,1.04362451171875,0.4785385894775391
unseen_,500,20,261001403,5,670,19,0,0,651,19,1.044192138671875,0.475756950378418
unseen_,500,20,261001403,6,670,18,0,0,652,18,1.035202880859375,0.4659397506713867
unseen_,500,20,261001403,7,670,17,0,0,653,17,1.0369959716796875,0.4791142654418945
unseen_,500,20,261001403,8,670,18,0,0,652,18,1.0340927734375,0.47899120330810546
unseen_,500,20,261001403,9,670,17,0,0,653,17,1.042973388671875,0.4700143814086914
unseen_,500,20,261001403,10,670,20,0,0,650,20,1.03950927734375,0.47970420837402344
unseen_,500,20,261001403,11,670,19,0,0,651,19,1.03834716796875,0.4794967269897461
unseen_,500,20,261001403,12,670,19,0,0,651,19,1.0385869140625,0.4794070434570312
unseen_,500,20,261001403,13,670,16,0,0,654,16,1.0434444580078126,0.47028408050537107
unseen_,500,20,261001403,14,670,18,0,0,652,18,1.0417047119140626,0.47962364196777346
unseen_,500,20,261001403,15,670,18,0,0,652,18,1.0377412109375,0.46776981353759767
unseen_,500,20,261001403,16,670,17,0,0,653,17,1.044886962890625,0.4712537384033203
unseen_,500,20,261001403,17,670,18,0,0,652,18,1.0394232177734375,0.4796891784667969
unseen_,500,20,261001403,18,670,18,0,0,652,18,1.041244140625,0.47623218536376954
unseen_,500,20,261001403,19,670,17,0,0,653,17,1.0408935546875,0.479141845703125
unseen_,500,20,261001403,20,670,18,0,0,652,18,1.038512451171875,0.47671993255615236
unseen_,500,20,261001403,21,670,17,0,0,653,17,1.0408328857421876,0.4688014602661133
unseen_,500,20,261001403,22,670,18,0,0,652,18,1.0381739501953124,0.47888736724853515
unseen_,500,20,261001403,23,670,17,0,0,653,17,1.03811279296875,0.47927154541015626
unseen_,500,20,261001403,24,670,17,0,0,653,17,1.0417987060546876,0.47697540283203127
unseen_,500,20,261001403,25,670,16,0,0,654,16,1.0407152099609376,0.4793817138671875
unseen_,500,20,261001403,26,670,18,0,0,652,18,1.04377587890625,0.4758018112182617
unseen_,500,20,261001403,27,670,18,0,0,652,18,1.040663818359375,0.4688554763793945
unseen_,500,20,261001403,28,670,17,0,0,653,17,1.0449404296875,0.47636611938476564
unseen_,500,20,261001403,29,670,16,0,0,654,16,1.04259375,0.469439697265625
unseen_,500,20,261001403,30,670,19,0,0,651,19,1.0392381591796875,0.4779280471801758
unseen_,500,20,261001403,31,670,19,0,0,651,19,1.0399422607421875,0.479671516418457
unseen_,500,20,261001403,32,670,17,0,0,653,17,1.04152392578125,0.4759152603149414
unseen_,500,20,261001403,33,670,17,0,0,653,17,1.03956982421875,0.4757658004760742
unseen_,500,20,261001403,34,670,17,0,0,653,17,1.0445562744140624,0.4710258102416992
unseen_,500,20,261001403,35,670,16,0,0,654,16,1.03844384765625,0.4681773376464844
unseen_,500,20,261001403,36,670,18,0,0,652,18,1.04098681640625,0.47982200622558596
unseen_,500,20,261001403,37,670,17,0,0,653,17,1.044777099609375,0.47116645812988284
unseen_,500,20,261001403,38,670,16,0,0,654,16,1.0370445556640624,0.477824821472168
unseen_,500,20,261001403,39,670,19,0,0,651,19,1.0439722900390624,0.4800290298461914
unseen_,500,20,261001403,40,670,18,0,0,652,18,1.03893408203125,0.47524658203125
unseen_,500,20,261001403,41,670,17,0,0,653,17,1.0435596923828125,0.47279178619384765
unseen_,500,20,261001403,42,670,17,0,0,653,17,1.0422181396484376,0.4654817962646484
unseen_,500,20,261001403,43,670,19,0,0,651,19,1.0407706298828125,0.4779792785644531
unseen_,500,20,261001403,44,670,16,0,0,654,16,1.040763671875,0.4794560241699219
unseen_,500,20,261001403,45,670,18,0,0,652,18,1.0388485107421874,0.4792716598510742
unseen_,500,20,261001403,46,670,17,0,0,653,17,1.0434921875,0.4714520263671875
unseen_,500,20,261001403,47,670,18,0,0,652,18,1.042375732421875,0.4696613693237305
unseen_,500,20,261001403,48,670,19,0,0,651,19,1.0416944580078125,0.46950248718261717
unseen_,500,20,261001403,49,670,18,0,0,652,18,1.0417076416015625,0.4762565231323242
unseen_,500,20,261001403,50,670,17,0,0,653,17,1.030010009765625,0.4744402313232422
unseen_,500,20,261001403,51,670,18,0,0,652,18,1.045345703125,0.4788589859008789
unseen_,500,20,261001403,52,670,17,0,0,653,17,1.0435179443359375,0.4722615432739258
unseen_,500,20,261001403,53,670,17,0,0,653,17,1.0451275634765624,0.47150951385498047
unseen_,500,20,261001403,54,670,17,0,0,653,17,1.0449173583984375,0.47122859954833984
unseen_,500,20,261001403,55,670,18,0,0,652,18,1.044652587890625,0.4789752578735352
unseen_,500,20,261001403,56,670,19,0,0,651,19,1.044260498046875,0.47280162811279297
unseen_,500,20,261001403,57,670,19,0,0,651,19,1.0427330322265624,0.4699925231933594
unseen_,500,20,261001403,58,670,17,0,0,653,17,1.0428951416015626,0.4771524429321289
unseen_,500,20,261001403,59,670,18,0,0,652,18,1.0417960205078125,0.46932918548583985
unseen_,500,20,261001403,60,670,16,0,0,654,16,1.0403446044921876,0.4685121154785156
unseen_,500,20,261001403,61,670,17,0,0,653,17,1.04204052734375,0.46946388244628906
unseen_,500,20,261001403,62,670,17,0,0,653,17,1.039446044921875,0.46812068939208984
unseen_,500,20,261001403,63,670,18,0,0,652,18,1.0443634033203124,0.47080703735351564
unseen_,1000,20,261001403,0,670,5,0,0,665,5,1.0250377604166667,0.3350504302978516
unseen_,1000,20,261001403,1,670,6,0,0,664,6,1.0147300618489583,0.3351249694824219
unseen_,1000,20,261001403,2,670,7,0,0,663,7,1.0326646321614583,0.34317721048990885
unseen_,1000,20,261001403,3,670,6,0,0,664,6,1.0239961751302082,0.33626632690429686
unseen_,1000,20,261001403,4,670,6,0,0,664,6,1.0236246744791666,0.33704091389973956
unseen_,1000,20,261001403,5,670,6,0,0,664,6,1.029133544921875,0.3350458780924479
unseen_,1000,20,261001403,6,670,6,0,0,664,6,1.0289755859375,0.3365819549560547
unseen_,1000,20,261001403,7,670,5,0,0,665,5,1.0266136067708334,0.3411070251464844
unseen_,1000,20,261001403,8,670,7,0,0,663,7,1.0292819010416667,0.3357743326822917
unseen_,1000,20,261001403,9,670,5,0,0,665,5,1.0177215983072916,0.3351894378662109
unseen_,1000,20,261001403,10,670,7,0,0,663,7,1.0300162760416667,0.34238372802734374
unseen_,1000,20,261001403,11,670,6,0,0,664,6,1.02619140625,0.33281216939290365
unseen_,1000,20,261001403,12,670,5,0,0,665,5,1.0288987630208333,0.33421730041503905
unseen_,1000,20,261001403,13,670,6,0,0,664,6,1.0235325520833334,0.3354392242431641
unseen_,1000,20,261001403,14,670,5,0,0,665,5,1.0309999186197916,0.3386158498128255
unseen_,1000,20,261001403,15,670,5,0,0,665,5,1.0293328450520833,0.335248540242513
unseen_,1000,20,261001403,16,670,6,0,0,664,6,1.0197020670572916,0.3362652587890625
unseen_,1000,20,261001403,17,670,5,0,0,665,5,1.028886962890625,0.33346603393554686
unseen_,1000,20,261001403,18,670,6,0,0,664,6,1.02041455078125,0.33578631083170574
unseen_,1000,20,261001403,19,670,6,0,0,664,6,1.029564453125,0.3396870422363281
unseen_,1000,20,261001403,20,670,7,0,0,663,7,1.0244514973958334,0.33581644694010415
unseen_,1000,20,261001403,21,670,6,0,0,664,6,1.008794189453125,0.33462928771972655
unseen_,1000,20,261001403,22,670,5,0,0,665,5,1.0225546061197917,0.3397092692057292
unseen_,1000,20,261001403,23,670,6,0,0,664,6,1.0300606282552083,0.3422424570719401
unseen_,1000,20,261001403,24,670,7,0,0,663,7,1.028229736328125,0.3340919748942057
unseen_,1000,20,261001403,25,670,5,0,0,665,5,1.0240712076822918,0.33555536905924477
unseen_,1000,20,261001403,26,670,6,0,0,664,6,1.0298343912760417,0.33576807657877605
unseen_,1000,20,261001403,27,670,4,0,0,666,4,1.0286224772135417,0.3392456817626953
unseen_,1000,20,261001403,28,670,6,0,0,664,6,1.02420361328125,0.33718282063802085
unseen_,1000,20,261001403,29,670,5,0,0,665,5,1.0219776204427082,0.3368993123372396
unseen_,1000,20,261001403,30,670,7,0,0,663,7,1.029984130859375,0.3385011800130208
unseen_,1000,20,261001403,31,670,6,0,0,664,6,1.029442138671875,0.33980710347493487
unseen_,1000,20,261001403,32,670,6,0,0,664,6,1.024935791015625,0.3336023457845052
unseen_,1000,20,261001403,33,670,6,0,0,664,6,1.023789306640625,0.33319849650065103
unseen_,1000,20,261001403,34,670,6,0,0,664,6,1.0127357584635417,0.3347646331787109
unseen_,1000,20,261001403,35,670,6,0,0,664,6,1.0240794270833333,0.33804837544759114
unseen_,1000,20,261001403,36,670,8,0,0,662,8,1.0304349772135417,0.33954251607259117
unseen_,1000,20,261001403,37,670,5,0,0,665,5,1.02617529296875,0.3340431213378906
unseen_,1000,20,261001403,38,670,5,0,0,665,5,1.0233189290364584,0.3378978220621745
unseen_,1000,20,261001403,39,670,6,0,0,664,6,1.0146702473958333,0.3353815460205078
unseen_,1000,20,261001403,40,670,6,0,0,664,6,1.02275830078125,0.3333117930094401
unseen_,1000,20,261001403,41,670,7,0,0,663,7,1.0191405436197916,0.3356257120768229
unseen_,1000,20,261001403,42,670,6,0,0,664,6,1.0244210611979168,0.3360901387532552
unseen_,1000,20,261001403,43,670,6,0,0,664,6,1.01938818359375,0.3339720662434896
unseen_,1000,20,261001403,44,670,4,0,0,666,4,1.0238641764322918,0.3346299489339193
unseen_,1000,20,261001403,45,670,5,0,0,665,5,1.02207958984375,0.3327860514322917
unseen_,1000,20,261001403,46,670,7,0,0,663,7,1.030987060546875,0.33941627502441407
unseen_,1000,20,261001403,47,670,6,0,0,664,6,1.0211571451822916,0.3366002146402995
unseen_,1000,20,261001403,48,670,5,0,0,665,5,1.0171842447916666,0.3343700917561849
unseen_,1000,20,261001403,49,670,6,0,0,664,6,1.0284642740885417,0.33395164489746093
unseen_,1000,20,261001403,50,670,6,0,0,664,6,1.0259599609375,0.33282389322916667
unseen_,1000,20,261001403,51,670,7,0,0,663,7,1.0239485677083333,0.33810447692871093
unseen_,1000,20,261001403,52,670,6,0,0,664,6,1.028365478515625,0.33871805826822915
unseen_,1000,20,261001403,53,670,6,0,0,664,6,1.029166259765625,0.33884676615397136
unseen_,1000,20,261001403,54,670,6,0,0,664,6,1.0315824381510417,0.340166015625
unseen_,1000,20,261001403,55,670,6,0,0,664,6,1.027408447265625,0.33846702575683596
unseen_,1000,20,261001403,56,670,7,0,0,663,7,1.030296142578125,0.33921902974446616
unseen_,1000,20,261001403,57,670,7,0,0,663,7,1.0311103515625,0.3395044708251953
unseen_,1000,20,261001403,58,670,6,0,0,664,6,1.017602783203125,0.33600128173828125
unseen_,1000,20,261001403,59,670,7,0,0,663,7,1.0187272135416667,0.3363726298014323
unseen_,1000,20,261001403,60,670,6,0,0,664,6,1.022919921875,0.335160395304362
unseen_,1000,20,261001403,61,670,6,0,0,664,6,1.02720263671875,0.33927462259928387
unseen_,1000,20,261001403,62,670,5,0,0,665,5,1.0289017740885418,0.3393390401204427
unseen_,1000,20,261001403,63,670,7,0,0,663,7,1.0256683756510416,0.3364433034261068
unseen_,1500,20,261001403,0,670,4,0,0,666,4,1.0112858072916666,0.24830190022786458
unseen_,1500,20,261001403,1,670,4,0,0,666,4,1.015395751953125,0.2480498758951823
unseen_,1500,20,261001403,2,670,5,0,0,665,5,1.011734375,0.248492431640625
unseen_,1500,20,261001403,3,670,5,0,0,665,5,1.020019287109375,0.2459686024983724
unseen_,1500,20,261001403,4,670,5,0,0,665,5,1.0205191243489584,0.24710154215494792
unseen_,1500,20,261001403,5,670,4,0,0,666,4,1.01835498046875,0.2479955546061198
unseen_,1500,20,261001403,6,670,5,0,0,665,5,1.0221852213541667,0.24923545837402344
unseen_,1500,20,261001403,7,670,5,0,0,665,5,1.0199222005208333,0.24829803466796874
unseen_,1500,20,261001403,8,670,5,0,0,665,5,1.0229612630208333,0.24822316487630208
unseen_,1500,20,261001403,9,670,5,0,0,665,5,1.0136927083333334,0.24819493611653645
unseen_,1500,20,261001403,10,670,5,0,0,665,5,1.022229736328125,0.2486406707763672
unseen_,1500,20,261001403,11,670,5,0,0,665,5,1.017053466796875,0.24711402893066406
unseen_,1500,20,261001403,12,670,4,0,0,666,4,1.0219352213541666,0.2480944569905599
unseen_,1500,20,261001403,13,670,4,0,0,666,4,1.018055908203125,0.2481836191813151
unseen_,1500,20,261001403,14,670,4,0,0,666,4,1.016274169921875,0.24595489501953124
unseen_,1500,20,261001403,15,670,3,0,0,667,3,1.0096875813802084,0.24644805908203124
unseen_,1500,20,261001403,16,670,5,0,0,665,5,1.0150286458333333,0.2479729461669922
unseen_,1500,20,261001403,17,670,5,0,0,665,5,1.0183616536458333,0.24784027099609374
unseen_,1500,20,261001403,18,670,5,0,0,665,5,1.0115186360677084,0.24438349405924478
unseen_,1500,20,261001403,19,670,4,0,0,666,4,1.015193115234375,0.24578636169433593
unseen_,1500,20,261001403,20,670,5,0,0,665,5,1.022334716796875,0.24548802693684896
unseen_,1500,20,261001403,21,670,4,0,0,666,4,1.0177591959635417,0.24737548828125
unseen_,1500,20,261001403,22,670,5,0,0,665,5,1.02089697265625,0.249154535929362
unseen_,1500,20,261001403,23,670,4,0,0,666,4,1.0182499186197917,0.24813179016113282
unseen_,1500,20,261001403,24,670,4,0,0,666,4,1.01147216796875,0.24699068705240884
unseen_,1500,20,261001403,25,670,4,0,0,666,4,1.0216083984375,0.24856951395670573
unseen_,1500,20,261001403,26,670,6,0,0,664,6,1.0177744954427084,0.2483179728190104
unseen_,1500,20,261001403,27,670,3,0,0,667,3,1.0114810384114583,0.24507982889811197
unseen_,1500,20,261001403,28,670,4,0,0,666,4,1.0147584635416667,0.24358291625976564
unseen_,1500,20,261001403,29,670,3,0,0,667,3,1.00511083984375,0.24439061482747396
unseen_,1500,20,261001403,30,670,5,0,0,665,5,1.0189336751302083,0.24590306599934897
unseen_,1500,20,261001403,31,670,6,0,0,664,6,1.0223233235677083,0.24607315063476562
unseen_,1500,20,261001403,32,670,4,0,0,666,4,1.0164681803385416,0.24741584777832032
unseen_,1500,20,261001403,33,670,4,0,0,666,4,1.0208761393229167,0.2477191670735677
unseen_,1500,20,261001403,34,670,5,0,0,665,5,1.0157345377604166,0.24735061645507814
unseen_,1500,20,261001403,35,670,3,0,0,667,3,1.0194256998697917,0.2477575429280599
unseen_,1500,20,261001403,36,670,4,0,0,666,4,1.0207159016927083,0.2474463144938151
unseen_,1500,20,261001403,37,670,4,0,0,666,4,1.0034351399739583,0.2456732940673828
unseen_,1500,20,261001403,38,670,4,0,0,666,4,1.0151495768229166,0.24612597147623697
unseen_,1500,20,261001403,39,670,5,0,0,665,5,1.0139229329427084,0.2474432118733724
unseen_,1500,20,261001403,40,670,4,0,0,666,4,1.018339599609375,0.24643287658691407
unseen_,1500,20,261001403,41,670,4,0,0,666,4,1.0204927571614584,0.2486608123779297
unseen_,1500,20,261001403,42,670,3,0,0,667,3,1.020050048828125,0.2489447275797526
unseen_,1500,20,261001403,43,670,4,0,0,666,4,1.0182216796875,0.24645406087239582
unseen_,1500,20,261001403,44,670,3,0,0,667,3,1.0125279947916668,0.2477845509847005
unseen_,1500,20,261001403,45,670,5,0,0,665,5,1.0220987955729166,0.24898211161295572
unseen_,1500,20,261001403,46,670,4,0,0,666,4,1.0210457356770832,0.2474524180094401
unseen_,1500,20,261001403,47,670,3,0,0,667,3,1.0198846842447917,0.24413503011067708
unseen_,1500,20,261001403,48,670,3,0,0,667,3,1.0122567545572916,0.24704917907714843
unseen_,1500,20,261001403,49,670,4,0,0,666,4,1.0159640299479167,0.24277974446614584
unseen_,1500,20,261001403,50,670,4,0,0,666,4,1.014740966796875,0.24761278788248697
unseen_,1500,20,261001403,51,670,5,0,0,665,5,1.0210769856770834,0.24768531799316407
unseen_,1500,20,261001403,52,670,3,0,0,667,3,1.0127113444010416,0.2469811757405599
unseen_,1500,20,261001403,53,670,4,0,0,666,4,1.0133543294270833,0.24629252115885417
unseen_,1500,20,261001403,54,670,4,0,0,666,4,1.02323095703125,0.24824111938476562
unseen_,1500,20,261001403,55,670,4,0,0,666,4,1.01709130859375,0.24529879252115885
unseen_,1500,20,261001403,56,670,3,0,0,667,3,1.011755126953125,0.2449964396158854
unseen_,1500,20,261001403,57,670,5,0,0,665,5,1.0184674479166667,0.24778727213541665
unseen_,1500,20,261001403,58,670,3,0,0,667,3,1.0200830078125,0.24455665588378905
unseen_,1500,20,261001403,59,670,4,0,0,666,4,1.0187054850260417,0.24790191650390625
unseen_,1500,20,261001403,60,670,4,0,0,666,4,1.0107784016927084,0.24748074849446614
unseen_,1500,20,261001403,61,670,3,0,0,667,3,1.0199209798177082,0.2474169667561849
unseen_,1500,20,261001403,62,670,3,0,0,667,3,1.018473388671875,0.24681869506835938
unseen_,1500,20,261001403,63,670,5,0,0,665,5,1.0202582194010417,0.24880317687988282
unseen_,500,5,261001401,0,670,20,0,0,650,20,1.0370684814453126,0.48700599670410155
unseen_,500,5,261001401,1,670,20,0,0,650,20,1.038404296875,0.48766742706298827
unseen_,500,5,261001401,2,670,20,0,0,650,20,1.0454073486328126,0.4881953811645508
unseen_,500,5,261001401,3,670,22,0,0,648,22,1.030173095703125,0.49743507385253904
unseen_,500,5,261001401,4,670,21,0,0,649,21,1.043630126953125,0.4976119613647461
unseen_,500,5,261001401,5,670,21,0,0,649,21,1.0456065673828125,0.48875682830810546
unseen_,500,5,261001401,6,670,21,0,0,649,21,1.0392515869140626,0.4890830612182617
unseen_,500,5,261001401,7,670,21,0,0,649,21,1.043033935546875,0.4956064224243164
unseen_,500,5,261001401,8,670,22,0,0,648,22,1.0414769287109376,0.49797103881835936
unseen_,500,5,261001401,9,670,20,0,0,650,20,1.0435614013671874,0.4843465805053711
unseen_,500,5,261001401,10,670,21,0,0,649,21,1.0388099365234376,0.4886836242675781
unseen_,500,5,261001401,11,670,22,0,0,648,22,1.0389405517578125,0.4934251022338867
unseen_,500,5,261001401,12,670,21,0,0,649,21,1.0377939453125,0.4992022323608398
unseen_,500,5,261001401,13,670,20,0,0,650,20,1.0380865478515624,0.4867009735107422
unseen_,500,5,261001401,14,670,20,0,0,650,20,1.03766845703125,0.4981051254272461
unseen_,500,5,261001401,15,670,20,0,0,650,20,1.0433267822265626,0.48667667388916014
unseen_,500,5,261001401,16,670,21,0,0,649,21,1.0380850830078125,0.48760055541992187
unseen_,500,5,261001401,17,670,22,0,0,648,22,1.0425140380859375,0.49886486053466794
unseen_,500,5,261001401,18,670,21,0,0,649,21,1.040634765625,0.48695117950439454
unseen_,500,5,261001401,19,670,19,0,0,651,19,1.0438975830078125,0.48785247802734377
unseen_,500,5,261001401,20,670,21,0,0,649,21,1.04594921875,0.4855936050415039
unseen_,500,5,261001401,21,670,20,0,0,650,20,1.043159912109375,0.4880410766601562
unseen_,500,5,261001401,22,670,19,0,0,651,19,1.0345882568359375,0.48508384704589846
unseen_,500,5,261001401,23,670,20,0,0,650,20,1.0458748779296876,0.4875685501098633
unseen_,500,5,261001401,24,670,21,0,0,649,21,1.0389771728515624,0.4876791763305664
unseen_,500,5,261001401,25,670,20,0,0,650,20,1.0384415283203126,0.489696044921875
unseen_,500,5,261001401,26,670,21,0,0,649,21,1.045471923828125,0.4900636672973633
unseen_,500,5,261001401,27,670,21,0,0,649,21,1.0438916015625,0.4864191436767578
unseen_,500,5,261001401,28,670,22,0,0,648,22,1.0366400146484376,0.49098907470703124
unseen_,500,5,261001401,29,670,20,0,0,650,20,1.037298828125,0.48848297119140627
unseen_,500,5,261001401,30,670,19,0,0,651,19,1.0438043212890624,0.4922216796875
unseen_,500,5,261001401,31,670,20,0,0,650,20,1.043408447265625,0.498536491394043
unseen_,500,5,261001401,32,670,20,0,0,650,20,1.0335938720703124,0.4868439483642578
unseen_,500,5,261001401,33,670,21,0,0,649,21,1.03375634765625,0.48400474548339845
unseen_,500,5,261001401,34,670,20,0,0,650,20,1.0356640625,0.48650787353515623
unseen_,500,5,261001401,35,670,20,0,0,650,20,1.043590087890625,0.48372310638427735
unseen_,500,5,261001401,36,670,20,0,0,650,20,1.043561279296875,0.4872990036010742
unseen_,500,5,261001401,37,670,20,0,0,650,20,1.0437880859375,0.48658706665039064
unseen_,500,5,261001401,38,670,18,0,0,652,18,1.0433974609375,0.4862384796142578
unseen_,500,5,261001401,39,670,21,0,0,649,21,1.037382568359375,0.48747886657714845
unseen_,500,5,261001401,40,670,21,0,0,649,21,1.032852294921875,0.49168766021728516
unseen_,500,5,261001401,41,670,21,0,0,649,21,1.044825439453125,0.4852483367919922
unseen_,500,5,261001401,42,670,19,0,0,651,19,1.0429735107421876,0.4874981689453125
unseen_,500,5,261001401,43,670,21,0,0,649,21,1.043638916015625,0.4925932693481445
unseen_,500,5,261001401,44,670,19,0,0,651,19,1.0355572509765625,0.4844156265258789
unseen_,500,5,261001401,45,670,21,0,0,649,21,1.04347412109375,0.48813114166259763
unseen_,500,5,261001401,46,670,20,0,0,650,20,1.0445570068359376,0.4829615783691406
unseen_,500,5,261001401,47,670,21,0,0,649,21,1.0435408935546875,0.4872157669067383
unseen_,500,5,261001401,48,670,20,0,0,650,20,1.0403095703125,0.48525028228759765
unseen_,500,5,261001401,49,670,20,0,0,650,20,1.0438701171875,0.4876501846313477
unseen_,500,5,261001401,50,670,20,0,0,650,20,1.0323787841796874,0.48569412231445314
unseen_,500,5,261001401,51,670,22,0,0,648,22,1.03180908203125,0.48787460327148435
unseen_,500,5,261001401,52,670,20,0,0,650,20,1.036050537109375,0.48578075408935545
unseen_,500,5,261001401,53,670,21,0,0,649,21,1.0377088623046875,0.4986496353149414
unseen_,500,5,261001401,54,670,20,0,0,650,20,1.0439051513671875,0.48598518371582033
unseen_,500,5,261001401,55,670,21,0,0,649,21,1.0418544921875,0.48761466979980467
unseen_,500,5,261001401,56,670,21,0,0,649,21,1.0326668701171875,0.4987813186645508
unseen_,500,5,261001401,57,670,20,0,0,650,20,1.03422412109375,0.499110107421875
unseen_,500,5,261001401,58,670,19,0,0,651,19,1.0431544189453126,0.4871417236328125
unseen_,500,5,261001401,59,670,20,0,0,650,20,1.04475927734375,0.4878278350830078
unseen_,500,5,261001401,60,670,19,0,0,651,19,1.04500390625,0.48721134185791015
unseen_,500,5,261001401,61,670,19,0,0,651,19,1.03275732421875,0.48527618408203127
unseen_,500,5,261001401,62,670,19,0,0,651,19,1.044322998046875,0.4840057373046875
unseen_,500,5,261001401,63,670,21,0,0,649,21,1.033323974609375,0.4952350997924805
unseen_,1000,5,261001401,0,670,7,0,0,663,7,1.0256456705729167,0.33583045959472657
unseen_,1000,5,261001401,1,670,8,0,0,662,8,1.0233527018229167,0.3342665608723958
unseen_,1000,5,261001401,2,670,7,0,0,663,7,1.0302164713541666,0.33566050211588544
unseen_,1000,5,261001401,3,670,8,0,0,662,8,1.030078369140625,0.3492795054117839
unseen_,1000,5,261001401,4,670,7,0,0,663,7,1.0288585611979166,0.3453493499755859
unseen_,1000,5,261001401,5,670,7,0,0,663,7,1.0185332845052084,0.33532859802246096
unseen_,1000,5,261001401,6,670,7,0,0,663,7,1.0275035807291666,0.33702194213867187
unseen_,1000,5,261001401,7,670,7,0,0,663,7,1.0242489420572916,0.34873046875
unseen_,1000,5,261001401,8,670,7,0,0,663,7,1.0261150716145833,0.3503595733642578
unseen_,1000,5,261001401,9,670,7,0,0,663,7,1.0294934895833334,0.3380070241292318
unseen_,1000,5,261001401,10,670,7,0,0,663,7,1.0300899251302083,0.33632715861002604
unseen_,1000,5,261001401,11,670,7,0,0,663,7,1.0304611002604167,0.33761510213216145
unseen_,1000,5,261001401,12,670,7,0,0,663,7,1.0234244791666667,0.35514030456542967
unseen_,1000,5,261001401,13,670,7,0,0,663,7,1.0299347330729167,0.3368628692626953
unseen_,1000,5,261001401,14,670,5,0,0,665,5,1.0265039876302082,0.35354359944661456
unseen_,1000,5,261001401,15,670,6,0,0,664,6,1.02898583984375,0.3368932088216146
unseen_,1000,5,261001401,16,670,9,0,0,661,9,1.0305194498697916,0.3340458170572917
unseen_,1000,5,261001401,17,670,6,0,0,664,6,1.0267802734375,0.35398951212565105
unseen_,1000,5,261001401,18,670,7,0,0,663,7,1.0131614583333333,0.33294667561848956
unseen_,1000,5,261001401,19,670,6,0,0,664,6,1.02582861328125,0.33420995076497395
unseen_,1000,5,261001401,20,670,6,0,0,664,6,1.0244007161458333,0.3354729461669922
unseen_,1000,5,261001401,21,670,7,0,0,663,7,1.022314208984375,0.3305877431233724
unseen_,1000,5,261001401,22,670,6,0,0,664,6,1.0222744140625,0.3358691914876302
unseen_,1000,5,261001401,23,670,6,0,0,664,6,1.0286134440104167,0.33503222147623696
unseen_,1000,5,261001401,24,670,7,0,0,663,7,1.0291349283854168,0.33649383544921874
unseen_,1000,5,261001401,25,670,6,0,0,664,6,1.022822265625,0.3387304178873698
unseen_,1000,5,261001401,26,670,8,0,0,662,8,1.0297830403645833,0.3369597880045573
unseen_,1000,5,261001401,27,670,6,0,0,664,6,1.02516259765625,0.33625615437825523
unseen_,1000,5,261001401,28,670,7,0,0,663,7,1.022302001953125,0.3345604197184245
unseen_,1000,5,261001401,29,670,7,0,0,663,7,1.017662353515625,0.33391006469726564
unseen_,1000,5,261001401,30,670,7,0,0,663,7,1.027131103515625,0.3416583251953125
unseen_,1000,5,261001401,31,670,7,0,0,663,7,1.0093206380208333,0.34953951517740883
unseen_,1000,5,261001401,32,670,6,0,0,664,6,1.0302233072916667,0.3371047210693359
unseen_,1000,5,261001401,33,670,7,0,0,663,7,1.02442822265625,0.3357389577229818
unseen_,1000,5,261001401,34,670,5,0,0,665,5,1.0276876627604166,0.33695335388183595
unseen_,1000,5,261001401,35,670,4,0,0,666,4,1.03022705078125,0.33486798604329426
unseen_,1000,5,261001401,36,670,7,0,0,663,7,1.0217078450520833,0.3335403696695964
unseen_,1000,5,261001401,37,670,6,0,0,664,6,1.02640576171875,0.3368699391682943
unseen_,1000,5,261001401,38,670,6,0,0,664,6,1.0247921549479166,0.3331744893391927
unseen_,1000,5,261001401,39,670,8,0,0,662,8,1.0278690592447917,0.3372024790445964
unseen_,1000,5,261001401,40,670,7,0,0,663,7,1.0279921875,0.33686503092447917
unseen_,1000,5,261001401,41,670,6,0,0,664,6,1.0159103190104166,0.331342290242513
unseen_,1000,5,261001401,42,670,5,0,0,665,5,1.031989501953125,0.33979128519694013
unseen_,1000,5,261001401,43,670,7,0,0,663,7,1.0288282063802083,0.3391285196940104
unseen_,1000,5,261001401,44,670,5,0,0,665,5,1.0149965006510417,0.3357733154296875
unseen_,1000,5,261001401,45,670,7,0,0,663,7,1.0264869791666666,0.3338720703125
unseen_,1000,5,261001401,46,670,6,0,0,664,6,1.028887451171875,0.3376978047688802
unseen_,1000,5,261001401,47,670,7,0,0,663,7,1.0264666341145834,0.3317072296142578
unseen_,1000,5,261001401,48,670,6,0,0,664,6,1.0257086588541666,0.33619593302408857
unseen_,1000,5,261001401,49,670,7,0,0,663,7,1.0244595540364583,0.33664835611979166
unseen_,1000,5,261001401,50,670,6,0,0,664,6,1.0313605143229168,0.337516123453776
unseen_,1000,5,261001401,51,670,7,0,0,663,7,1.02534423828125,0.33685150146484377
unseen_,1000,5,261001401,52,670,7,0,0,663,7,1.0253461100260417,0.335823491414388
unseen_,1000,5,261001401,53,670,7,0,0,663,7,1.0265860188802083,0.3523936716715495
unseen_,1000,5,261001401,54,670,6,0,0,664,6,1.0295604654947916,0.33668718973795575
unseen_,1000,5,261001401,55,670,8,0,0,662,8,1.0305294596354166,0.3355532073974609
unseen_,1000,5,261001401,56,670,6,0,0,664,6,1.02565087890625,0.3354051462809245
unseen_,1000,5,261001401,57,670,8,0,0,662,8,1.0204237467447916,0.35343732198079425
unseen_,1000,5,261001401,58,670,6,0,0,664,6,1.0305236002604166,0.3384774525960286
unseen_,1000,5,261001401,59,670,7,0,0,663,7,1.028013427734375,0.3350423431396484
unseen_,1000,5,261001401,60,670,6,0,0,664,6,1.0118212890625,0.33524584452311196
unseen_,1000,5,261001401,61,670,6,0,0,664,6,1.0245281575520833,0.33665662129720053
unseen_,1000,5,261001401,62,670,5,0,0,665,5,1.0140379231770833,0.3341858164469401
unseen_,1000,5,261001401,63,670,8,0,0,662,8,1.0313438313802084,0.3512682088216146
unseen_,1500,5,261001401,0,670,4,0,0,666,4,1.0111902669270834,0.24567110697428385
unseen_,1500,5,261001401,1,670,5,0,0,665,5,1.021330078125,0.24730369567871094
unseen_,1500,5,261001401,2,670,4,0,0,666,4,1.0162236328125,0.24870338439941406
unseen_,1500,5,261001401,3,670,5,0,0,665,5,1.0152461751302084,0.2492133076985677
unseen_,1500,5,261001401,4,670,5,0,0,665,5,1.017515625,0.24915514628092447
unseen_,1500,5,261001401,5,670,5,0,0,665,5,1.014549072265625,0.24789502461751303
unseen_,1500,5,261001401,6,670,5,0,0,665,5,1.01837841796875,0.24572771708170574
unseen_,1500,5,261001401,7,670,6,0,0,664,6,1.0202460123697916,0.2450030263264974
unseen_,1500,5,261001401,8,670,6,0,0,664,6,1.0219818522135418,0.24597885131835937
unseen_,1500,5,261001401,9,670,5,0,0,665,5,1.0204419759114582,0.2487407938639323
unseen_,1500,5,261001401,10,670,4,0,0,666,4,1.020590576171875,0.24890467325846355
unseen_,1500,5,261001401,11,670,5,0,0,665,5,1.0148972981770834,0.2468804168701172
unseen_,1500,5,261001401,12,670,5,0,0,665,5,1.015650390625,0.24767056783040364
unseen_,1500,5,261001401,13,670,3,0,0,667,3,1.015808837890625,0.24495511372884116
unseen_,1500,5,261001401,14,670,4,0,0,666,4,1.0217600911458333,0.24656216939290365
unseen_,1500,5,261001401,15,670,3,0,0,667,3,1.012230224609375,0.24530736287434896
unseen_,1500,5,261001401,16,670,5,0,0,665,5,1.0109060872395834,0.24645787556966145
unseen_,1500,5,261001401,17,670,5,0,0,665,5,1.0197650553385416,0.2511112467447917
unseen_,1500,5,261001401,18,670,4,0,0,666,4,1.0124214680989583,0.2427137502034505
unseen_,1500,5,261001401,19,670,4,0,0,666,4,1.013449951171875,0.2464398956298828
unseen_,1500,5,261001401,20,670,4,0,0,666,4,1.0145455729166666,0.24799524943033854
unseen_,1500,5,261001401,21,670,4,0,0,666,4,1.0212540690104166,0.24489949544270834
unseen_,1500,5,261001401,22,670,3,0,0,667,3,1.01001171875,0.24535402933756512
unseen_,1500,5,261001401,23,670,4,0,0,666,4,1.01235888671875,0.247484130859375
unseen_,1500,5,261001401,24,670,4,0,0,666,4,1.022670166015625,0.24851552327473958
unseen_,1500,5,261001401,25,670,5,0,0,665,5,1.0221244303385417,0.2470763397216797
unseen_,1500,5,261001401,26,670,5,0,0,665,5,1.022044921875,0.2483355967203776
unseen_,1500,5,261001401,27,670,3,0,0,667,3,1.0131968587239584,0.24585350036621093
unseen_,1500,5,261001401,28,670,4,0,0,666,4,1.0225528971354167,0.2460197957356771
unseen_,1500,5,261001401,29,670,4,0,0,666,4,1.0216385091145834,0.24628064473470052
unseen_,1500,5,261001401,30,670,4,0,0,666,4,1.02145068359375,0.24706270853678386
unseen_,1500,5,261001401,31,670,5,0,0,665,5,1.0180629069010416,0.2492187245686849
unseen_,1500,5,261001401,32,670,3,0,0,667,3,1.009966064453125,0.24545186360677082
unseen_,1500,5,261001401,33,670,4,0,0,666,4,1.017567138671875,0.2477880605061849
unseen_,1500,5,261001401,34,670,4,0,0,666,4,1.0194500325520834,0.24557945251464844
unseen_,1500,5,261001401,35,670,4,0,0,666,4,1.0101053059895833,0.24755505879720052
unseen_,1500,5,261001401,36,670,4,0,0,666,4,1.0215918782552083,0.2474138387044271
unseen_,1500,5,261001401,37,670,5,0,0,665,5,1.0174603678385417,0.24759407043457032
unseen_,1500,5,261001401,38,670,3,0,0,667,3,1.0189164225260416,0.24674791971842447
unseen_,1500,5,261001401,39,670,5,0,0,665,5,1.021682373046875,0.24862251281738282
unseen_,1500,5,261001401,40,670,4,0,0,666,4,1.0223131510416668,0.24834014892578124
unseen_,1500,5,261001401,41,670,4,0,0,666,4,1.01550830078125,0.23998423258463542
unseen_,1500,5,261001401,42,670,3,0,0,667,3,1.0082935384114584,0.24592618306477865
unseen_,1500,5,261001401,43,670,4,0,0,666,4,1.01106201171875,0.24630343119303386
unseen_,1500,5,261001401,44,670,4,0,0,666,4,1.018435302734375,0.24850499471028645
unseen_,1500,5,261001401,45,670,3,0,0,667,3,1.0173821614583334,0.24577629089355468
unseen_,1500,5,261001401,46,670,4,0,0,666,4,1.009509765625,0.24518468221028647
unseen_,1500,5,261001401,47,670,5,0,0,665,5,1.0161981608072916,0.2436072031656901
unseen_,1500,5,261001401,48,670,4,0,0,666,4,1.0206492513020833,0.2485266621907552
unseen_,1500,5,261001401,49,670,4,0,0,666,4,1.0214578450520833,0.24858909606933594
unseen_,1500,5,261001401,50,670,4,0,0,666,4,1.0048824869791666,0.24593615214029949
unseen_,1500,5,261001401,51,670,3,0,0,667,3,1.0216866048177082,0.24564158121744792
unseen_,1500,5,261001401,52,670,4,0,0,666,4,1.018375,0.24846738179524738
unseen_,1500,5,261001401,53,670,5,0,0,665,5,1.0215171712239584,0.24857869466145832
unseen_,1500,5,261001401,54,670,4,0,0,666,4,1.0156419270833332,0.24715545654296875
unseen_,1500,5,261001401,55,670,4,0,0,666,4,1.013499755859375,0.24424237569173177
unseen_,1500,5,261001401,56,670,4,0,0,666,4,1.01825390625,0.2455737559000651
unseen_,1500,5,261001401,57,670,5,0,0,665,5,1.018111572265625,0.24814366658528647
unseen_,1500,5,261001401,58,670,4,0,0,666,4,1.0120333658854166,0.24494707743326824
unseen_,1500,5,261001401,59,670,5,0,0,665,5,1.023279541015625,0.24742515563964843
unseen_,1500,5,261001401,60,670,5,0,0,665,5,1.0134427083333333,0.24790384928385417
unseen_,1500,5,261001401,61,670,4,0,0,666,4,1.021921142578125,0.24863861083984376
unseen_,1500,5,261001401,62,670,4,0,0,666,4,1.0050001627604166,0.2453912099202474
unseen_,1500,5,261001401,63,670,5,0,0,665,5,1.0233689778645834,0.24903973897298176
unseen_,500,5,261001402,0,670,19,0,0,651,19,1.0363961181640624,0.48627021789550784
unseen_,500,5,261001402,1,670,20,0,0,650,20,1.042513916015625,0.4876538848876953
unseen_,500,5,261001402,2,670,20,0,0,650,20,1.0454073486328126,0.48816890716552735
unseen_,500,5,261001402,3,670,20,0,0,650,20,1.0379312744140625,0.4974348449707031
unseen_,500,5,261001402,4,670,21,0,0,649,21,1.0438138427734376,0.49845458984375
unseen_,500,5,261001402,5,670,21,0,0,649,21,1.0444708251953125,0.4922373962402344
unseen_,500,5,261001402,6,670,21,0,0,649,21,1.0388271484375,0.4877303695678711
unseen_,500,5,261001402,7,670,20,0,0,650,20,1.03780029296875,0.48761051177978515
unseen_,500,5,261001402,8,670,21,0,0,649,21,1.0358280029296876,0.4983556365966797
unseen_,500,5,261001402,9,670,20,0,0,650,20,1.0435623779296874,0.48476112365722657
unseen_,500,5,261001402,10,670,22,0,0,648,22,1.0351431884765625,0.49945926666259766
unseen_,500,5,261001402,11,670,21,0,0,649,21,1.030251220703125,0.4936212539672852
unseen_,500,5,261001402,12,670,21,0,0,649,21,1.038865234375,0.4991948699951172
unseen_,500,5,261001402,13,670,20,0,0,650,20,1.0383077392578124,0.48790199279785157
unseen_,500,5,261001402,14,670,21,0,0,649,21,1.04527197265625,0.494476318359375
unseen_,500,5,261001402,15,670,21,0,0,649,21,1.0409541015625,0.486141357421875
unseen_,500,5,261001402,16,670,21,0,0,649,21,1.037267578125,0.4882419204711914
unseen_,500,5,261001402,17,670,22,0,0,648,22,1.0426973876953125,0.4989010238647461
unseen_,500,5,261001402,18,670,20,0,0,650,20,1.0342840576171874,0.49461353302001954
unseen_,500,5,261001402,19,670,21,0,0,649,21,1.044482177734375,0.4929010009765625
unseen_,500,5,261001402,20,670,20,0,0,650,20,1.0443221435546874,0.485052490234375
unseen_,500,5,261001402,21,670,20,0,0,650,20,1.0430189208984375,0.48790199279785157
unseen_,500,5,261001402,22,670,19,0,0,651,19,1.039081787109375,0.48889392852783203
unseen_,500,5,261001402,23,670,20,0,0,650,20,1.0406739501953124,0.48336933135986326
unseen_,500,5,261001402,24,670,20,0,0,650,20,1.0459102783203125,0.48361442565917967
unseen_,500,5,261001402,25,670,19,0,0,651,19,1.04183642578125,0.48731422424316406
unseen_,500,5,261001402,26,670,21,0,0,649,21,1.045328857421875,0.4962256622314453
unseen_,500,5,261001402,27,670,19,0,0,651,19,1.043137939453125,0.48652530670166017
unseen_,500,5,261001402,28,670,21,0,0,649,21,1.0419385986328125,0.49531147003173825
unseen_,500,5,261001402,29,670,20,0,0,650,20,1.0306461181640625,0.48733665466308596
unseen_,500,5,261001402,30,670,20,0,0,650,20,1.0429158935546874,0.4982208251953125
unseen_,500,5,261001402,31,670,20,0,0,650,20,1.04344873046875,0.4983797073364258
unseen_,500,5,261001402,32,670,20,0,0,650,20,1.033349609375,0.4854275131225586
unseen_,500,5,261001402,33,670,22,0,0,648,22,1.0351318359375,0.48533943176269534
unseen_,500,5,261001402,34,670,21,0,0,649,21,1.0355703125,0.4858072662353516
unseen_,500,5,261001402,35,670,20,0,0,650,20,1.041646728515625,0.4836826705932617
unseen_,500,5,261001402,36,670,20,0,0,650,20,1.043563720703125,0.4883731842041016
unseen_,500,5,261001402,37,670,20,0,0,650,20,1.0441446533203125,0.48576271057128906
unseen_,500,5,261001402,38,670,19,0,0,651,19,1.0433538818359376,0.49715450286865237
unseen_,500,5,261001402,39,670,22,0,0,648,22,1.0376551513671874,0.4976312255859375
unseen_,500,5,261001402,40,670,21,0,0,649,21,1.0332232666015626,0.4958258056640625
unseen_,500,5,261001402,41,670,20,0,0,650,20,1.03747265625,0.48523624420166017
unseen_,500,5,261001402,42,670,19,0,0,651,19,1.0439720458984374,0.48256763458251956
unseen_,500,5,261001402,43,670,20,0,0,650,20,1.0447593994140625,0.49194534301757814
unseen_,500,5,261001402,44,670,19,0,0,651,19,1.0326474609375,0.48461357116699216
unseen_,500,5,261001402,45,670,21,0,0,649,21,1.0433062744140624,0.4930176544189453
unseen_,500,5,261001402,46,670,20,0,0,650,20,1.0444078369140626,0.48268756866455076
unseen_,500,5,261001402,47,670,20,0,0,650,20,1.043211669921875,0.48833145141601564
unseen_,500,5,261001402,48,670,20,0,0,650,20,1.0426419677734375,0.4848685836791992
unseen_,500,5,261001402,49,670,21,0,0,649,21,1.0398779296875,0.4875205612182617
unseen_,500,5,261001402,50,670,20,0,0,650,20,1.0285462646484376,0.48787750244140626
unseen_,500,5,261001402,51,670,22,0,0,648,22,1.0318082275390625,0.4876736831665039
unseen_,500,5,261001402,52,670,21,0,0,649,21,1.0338546142578124,0.4855875778198242
unseen_,500,5,261001402,53,670,20,0,0,650,20,1.03314501953125,0.48654869079589846
unseen_,500,5,261001402,54,670,20,0,0,650,20,1.0442532958984374,0.48575965881347655
unseen_,500,5,261001402,55,670,21,0,0,649,21,1.0439027099609375,0.48779876708984377
unseen_,500,5,261001402,56,670,21,0,0,649,21,1.0381617431640624,0.4926303863525391
unseen_,500,5,261001402,57,670,22,0,0,648,22,1.045474853515625,0.49909183502197263
unseen_,500,5,261001402,58,670,20,0,0,650,20,1.0430538330078125,0.48857257843017576
unseen_,500,5,261001402,59,670,20,0,0,650,20,1.0448006591796875,0.4879359436035156
unseen_,500,5,261001402,60,670,20,0,0,650,20,1.04482373046875,0.4874598693847656
unseen_,500,5,261001402,61,670,20,0,0,650,20,1.045558349609375,0.4862604522705078
unseen_,500,5,261001402,62,670,20,0,0,650,20,1.0434288330078125,0.4838341522216797
unseen_,500,5,261001402,63,670,21,0,0,649,21,1.033296142578125,0.4881575393676758
unseen_,1000,5,261001402,0,670,6,0,0,664,6,1.0131865234375,0.33178131103515623
unseen_,1000,5,261001402,1,670,6,0,0,664,6,1.0312113444010416,0.3391029103597005
unseen_,1000,5,261001402,2,670,7,0,0,663,7,1.0258184407552082,0.33566047668457033
unseen_,1000,5,261001402,3,670,7,0,0,663,7,1.026833740234375,0.34932388305664064
unseen_,1000,5,261001402,4,670,7,0,0,663,7,1.024847900390625,0.3507555135091146
unseen_,1000,5,261001402,5,670,7,0,0,663,7,1.0150635579427083,0.33517801920572915
unseen_,1000,5,261001402,6,670,6,0,0,664,6,1.0268709309895834,0.33404891967773437
unseen_,1000,5,261001402,7,670,6,0,0,664,6,1.0260000813802084,0.33367813110351563
unseen_,1000,5,261001402,8,670,7,0,0,663,7,1.0261097819010416,0.3517263793945313
unseen_,1000,5,261001402,9,670,6,0,0,664,6,1.029491455078125,0.33800623575846356
unseen_,1000,5,261001402,10,670,7,0,0,663,7,1.02754833984375,0.3560130055745443
unseen_,1000,5,261001402,11,670,7,0,0,663,7,1.0286149088541667,0.33868451436360675
unseen_,1000,5,261001402,12,670,7,0,0,663,7,1.026867919921875,0.3551095326741536
unseen_,1000,5,261001402,13,670,5,0,0,665,5,1.0230267740885417,0.33292391459147136
unseen_,1000,5,261001402,14,670,5,0,0,665,5,1.023445068359375,0.34841697692871093
unseen_,1000,5,261001402,15,670,6,0,0,664,6,1.029634521484375,0.33626187642415367
unseen_,1000,5,261001402,16,670,8,0,0,662,8,1.0182529296875,0.33406023661295575
unseen_,1000,5,261001402,17,670,7,0,0,663,7,1.0329098307291666,0.354066162109375
unseen_,1000,5,261001402,18,670,6,0,0,664,6,1.0287207845052084,0.3377037811279297
unseen_,1000,5,261001402,19,670,7,0,0,663,7,1.0284640299479166,0.3344132995605469
unseen_,1000,5,261001402,20,670,6,0,0,664,6,1.0168927408854167,0.3297825368245443
unseen_,1000,5,261001402,21,670,7,0,0,663,7,1.013968994140625,0.33379979451497394
unseen_,1000,5,261001402,22,670,7,0,0,663,7,1.0317039388020834,0.3346137491861979
unseen_,1000,5,261001402,23,670,6,0,0,664,6,1.0156300455729166,0.33539657592773436
unseen_,1000,5,261001402,24,670,7,0,0,663,7,1.0203360188802084,0.3355833943684896
unseen_,1000,5,261001402,25,670,6,0,0,664,6,1.0255947265625,0.3379761505126953
unseen_,1000,5,261001402,26,670,7,0,0,663,7,1.0296634928385417,0.34528574625651043
unseen_,1000,5,261001402,27,670,6,0,0,664,6,1.02985546875,0.336597417195638
unseen_,1000,5,261001402,28,670,7,0,0,663,7,1.0307724609375,0.3377318572998047
unseen_,1000,5,261001402,29,670,7,0,0,663,7,1.0304359537760417,0.3337912750244141
unseen_,1000,5,261001402,30,670,6,0,0,664,6,1.029130126953125,0.3327985636393229
unseen_,1000,5,261001402,31,670,7,0,0,663,7,1.0264813639322916,0.3341284434000651
unseen_,1000,5,261001402,32,670,7,0,0,663,7,1.0215048828125,0.33632700602213544
unseen_,1000,5,261001402,33,670,7,0,0,663,7,1.0213871256510416,0.335834223429362
unseen_,1000,5,261001402,34,670,5,0,0,665,5,1.023650634765625,0.3365803019205729
unseen_,1000,5,261001402,35,670,5,0,0,665,5,1.02893310546875,0.33897410074869794
unseen_,1000,5,261001402,36,670,7,0,0,663,7,1.02909228515625,0.3335382334391276
unseen_,1000,5,261001402,37,670,7,0,0,663,7,1.0259591471354166,0.33670578002929685
unseen_,1000,5,261001402,38,670,6,0,0,664,6,1.009434814453125,0.34468111673990887
unseen_,1000,5,261001402,39,670,8,0,0,662,8,1.0278515625,0.3483306630452474
unseen_,1000,5,261001402,40,670,7,0,0,663,7,1.02199462890625,0.34677401224772136
unseen_,1000,5,261001402,41,670,5,0,0,665,5,1.0231637369791666,0.33430814107259116
unseen_,1000,5,261001402,42,670,5,0,0,665,5,1.0295121256510418,0.33478752136230466
unseen_,1000,5,261001402,43,670,7,0,0,663,7,1.0236449381510417,0.33769083658854165
unseen_,1000,5,261001402,44,670,5,0,0,665,5,1.015444580078125,0.33585426330566404
unseen_,1000,5,261001402,45,670,7,0,0,663,7,1.0259534505208334,0.3394227091471354
unseen_,1000,5,261001402,46,670,7,0,0,663,7,1.009330322265625,0.33310094197591145
unseen_,1000,5,261001402,47,670,7,0,0,663,7,1.0309515787760417,0.33398447672526044
unseen_,1000,5,261001402,48,670,6,0,0,664,6,1.019170166015625,0.33613843282063804
unseen_,1000,5,261001402,49,670,7,0,0,663,7,1.0253394368489583,0.33309117635091146
unseen_,1000,5,261001402,50,670,5,0,0,665,5,1.01969482421875,0.3321163940429688
unseen_,1000,5,261001402,51,670,7,0,0,663,7,1.0253424479166666,0.3364515431722005
unseen_,1000,5,261001402,52,670,6,0,0,664,6,1.0232574869791666,0.33585451761881513
unseen_,1000,5,261001402,53,670,7,0,0,663,7,1.0285406087239584,0.3371649932861328
unseen_,1000,5,261001402,54,670,6,0,0,664,6,1.0296673990885417,0.3367245483398438
unseen_,1000,5,261001402,55,670,7,0,0,663,7,1.0275367024739583,0.33549847920735676
unseen_,1000,5,261001402,56,670,8,0,0,662,8,1.0288642578125,0.3355583190917969
unseen_,1000,5,261001402,57,670,7,0,0,663,7,1.0181729329427083,0.3532490539550781
unseen_,1000,5,261001402,58,670,6,0,0,664,6,1.031039306640625,0.33857752482096354
unseen_,1000,5,261001402,59,670,7,0,0,663,7,1.0288304850260417,0.3350301106770833
unseen_,1000,5,261001402,60,670,6,0,0,664,6,1.0215337727864584,0.3352533213297526
unseen_,1000,5,261001402,61,670,7,0,0,663,7,1.0256653645833333,0.33627085367838544
unseen_,1000,5,261001402,62,670,5,0,0,665,5,1.0159639485677083,0.334036127726237
unseen_,1000,5,261001402,63,670,8,0,0,662,8,1.0282188313802083,0.33743675231933595
unseen_,1500,5,261001402,0,670,4,0,0,666,4,1.0086013997395833,0.24473477681477865
unseen_,1500,5,261001402,1,670,4,0,0,666,4,1.0227701009114583,0.2479743448893229
unseen_,1500,5,261001402,2,670,4,0,0,666,4,1.0215548502604166,0.24870346069335938
unseen_,1500,5,261001402,3,670,5,0,0,665,5,1.020902099609375,0.24905957539876303
unseen_,1500,5,261001402,4,670,5,0,0,665,5,1.0169849446614583,0.2492097473144531
unseen_,1500,5,261001402,5,670,4,0,0,666,4,1.0126820475260416,0.24778533935546876
unseen_,1500,5,261001402,6,670,5,0,0,665,5,1.0220314127604166,0.24784553527832032
unseen_,1500,5,261001402,7,670,4,0,0,666,4,1.0161363932291667,0.24655240376790363
unseen_,1500,5,261001402,8,670,5,0,0,665,5,1.0178277994791667,0.2468329620361328
unseen_,1500,5,261001402,9,670,4,0,0,666,4,1.01816357421875,0.2485975138346354
unseen_,1500,5,261001402,10,670,6,0,0,664,6,1.02315283203125,0.2507727305094401
unseen_,1500,5,261001402,11,670,4,0,0,666,4,1.020816162109375,0.24739860534667968
unseen_,1500,5,261001402,12,670,6,0,0,664,6,1.0210528971354167,0.24741264343261718
unseen_,1500,5,261001402,13,670,3,0,0,667,3,1.0097218424479166,0.2432983144124349
unseen_,1500,5,261001402,14,670,3,0,0,667,3,1.0189127604166666,0.2459270222981771
unseen_,1500,5,261001402,15,670,4,0,0,666,4,1.0158263346354166,0.24589070638020832
unseen_,1500,5,261001402,16,670,6,0,0,664,6,1.01039404296875,0.24615898132324218
unseen_,1500,5,261001402,17,670,5,0,0,665,5,1.0212318522135417,0.2512474060058594
unseen_,1500,5,261001402,18,670,4,0,0,666,4,1.0116182454427083,0.2465813954671224
unseen_,1500,5,261001402,19,670,5,0,0,665,5,1.0177814127604166,0.24664578755696615
unseen_,1500,5,261001402,20,670,4,0,0,666,4,1.0143910319010416,0.2444750722249349
unseen_,1500,5,261001402,21,670,4,0,0,666,4,1.0056700846354167,0.24231244405110677
unseen_,1500,5,261001402,22,670,5,0,0,665,5,1.0084004720052084,0.2452674357096354
unseen_,1500,5,261001402,23,670,4,0,0,666,4,1.0143958333333334,0.24759244283040366
unseen_,1500,5,261001402,24,670,4,0,0,666,4,1.01576318359375,0.24826871236165365
unseen_,1500,5,261001402,25,670,5,0,0,665,5,1.0178974609375,0.24714256286621095
unseen_,1500,5,261001402,26,670,5,0,0,665,5,1.0141962076822917,0.24759297688802084
unseen_,1500,5,261001402,27,670,2,0,0,668,2,1.0163851725260418,0.24221748352050781
unseen_,1500,5,261001402,28,670,5,0,0,665,5,1.0201319986979167,0.24534683227539061
unseen_,1500,5,261001402,29,670,4,0,0,666,4,1.0120599772135417,0.24417867024739584
unseen_,1500,5,261001402,30,670,4,0,0,666,4,1.019921875,0.2501239267985026
unseen_,1500,5,261001402,31,670,4,0,0,666,4,1.0157925618489583,0.2487915293375651
unseen_,1500,5,261001402,32,670,4,0,0,666,4,1.0228130696614584,0.24855122884114583
unseen_,1500,5,261001402,33,670,4,0,0,666,4,1.01798291015625,0.2478412373860677
unseen_,1500,5,261001402,34,670,4,0,0,666,4,1.0185423177083333,0.2454699961344401
unseen_,1500,5,261001402,35,670,4,0,0,666,4,1.0227352701822916,0.24837183634440105
unseen_,1500,5,261001402,36,670,4,0,0,666,4,1.0216254069010418,0.2474223836263021
unseen_,1500,5,261001402,37,670,5,0,0,665,5,1.0168177897135418,0.24742711385091146
unseen_,1500,5,261001402,38,670,4,0,0,666,4,1.01913232421875,0.24680694580078125
unseen_,1500,5,261001402,39,670,6,0,0,664,6,1.0216205240885416,0.2486059824625651
unseen_,1500,5,261001402,40,670,5,0,0,665,5,1.01290283203125,0.24867602030436198
unseen_,1500,5,261001402,41,670,3,0,0,667,3,1.0199331868489583,0.24244918823242187
unseen_,1500,5,261001402,42,670,4,0,0,666,4,1.0103309733072916,0.24756253560384114
unseen_,1500,5,261001402,43,670,4,0,0,666,4,1.0087545572916667,0.24636032104492187
unseen_,1500,5,261001402,44,670,4,0,0,666,4,1.019165771484375,0.24858632405598957
unseen_,1500,5,261001402,45,670,5,0,0,665,5,1.0170166829427083,0.24772318522135417
unseen_,1500,5,261001402,46,670,3,0,0,667,3,1.0215755208333333,0.24641838073730468
unseen_,1500,5,261001402,47,670,5,0,0,665,5,1.0193326009114583,0.24590098063151042
unseen_,1500,5,261001402,48,670,4,0,0,666,4,1.0201731770833333,0.24848887125651042
unseen_,1500,5,261001402,49,670,4,0,0,666,4,1.0135952962239583,0.2440814208984375
unseen_,1500,5,261001402,50,670,4,0,0,666,4,1.0225541178385418,0.24698410034179688
unseen_,1500,5,261001402,51,670,3,0,0,667,3,1.0151070963541666,0.24623235066731772
unseen_,1500,5,261001402,52,670,3,0,0,667,3,1.0185118815104166,0.24843922932942708
unseen_,1500,5,261001402,53,670,4,0,0,666,4,1.0189619954427083,0.24799730936686198
unseen_,1500,5,261001402,54,670,4,0,0,666,4,1.01577587890625,0.24719189961751303
unseen_,1500,5,261001402,55,670,4,0,0,666,4,1.0154934895833334,0.24414998372395832
unseen_,1500,5,261001402,56,670,5,0,0,665,5,1.0214039713541667,0.24652351379394533
unseen_,1500,5,261001402,57,670,6,0,0,664,6,1.0177220865885417,0.247838134765625
unseen_,1500,5,261001402,58,670,4,0,0,666,4,1.0158098958333333,0.24504163106282553
unseen_,1500,5,261001402,59,670,5,0,0,665,5,1.0108534342447917,0.24727564493815105
unseen_,1500,5,261001402,60,670,5,0,0,665,5,1.0175555826822917,0.24793490091959636
unseen_,1500,5,261001402,61,670,5,0,0,665,5,1.0161786295572917,0.24778795878092447
unseen_,1500,5,261001402,62,670,4,0,0,666,4,1.0162548014322916,0.2449944559733073
unseen_,1500,5,261001402,63,670,4,0,0,666,4,1.0234595540364584,0.24906949361165365
unseen_,500,5,261001403,0,670,20,0,0,650,20,1.0366746826171875,0.486732177734375
unseen_,500,5,261001403,1,670,19,0,0,651,19,1.042343017578125,0.48475772857666016
unseen_,500,5,261001403,2,670,21,0,0,649,21,1.0383834228515625,0.492110595703125
unseen_,500,5,261001403,3,670,22,0,0,648,22,1.0303466796875,0.49816753387451174
unseen_,500,5,261001403,4,670,22,0,0,648,22,1.0437371826171875,0.4976094818115234
unseen_,500,5,261001403,5,670,22,0,0,648,22,1.034466064453125,0.49224201202392576
unseen_,500,5,261001403,6,670,20,0,0,650,20,1.03931103515625,0.48915939331054686
unseen_,500,5,261001403,7,670,21,0,0,649,21,1.03451708984375,0.486279182434082
unseen_,500,5,261001403,8,670,22,0,0,648,22,1.036124267578125,0.4983753967285156
unseen_,500,5,261001403,9,670,21,0,0,649,21,1.04285205078125,0.48368030548095703
unseen_,500,5,261001403,10,670,21,0,0,649,21,1.0381285400390625,0.4878441619873047
unseen_,500,5,261001403,11,670,22,0,0,648,22,1.03820556640625,0.4933577346801758
unseen_,500,5,261001403,12,670,21,0,0,649,21,1.03972998046875,0.49928745269775393
unseen_,500,5,261001403,13,670,21,0,0,649,21,1.0410185546875,0.495983772277832
unseen_,500,5,261001403,14,670,20,0,0,650,20,1.045329345703125,0.4993643569946289
unseen_,500,5,261001403,15,670,20,0,0,650,20,1.04376123046875,0.48708305358886717
unseen_,500,5,261001403,16,670,21,0,0,649,21,1.037791015625,0.48813560485839846
unseen_,500,5,261001403,17,670,21,0,0,649,21,1.0425042724609375,0.49887641906738284
unseen_,500,5,261001403,18,670,21,0,0,649,21,1.0347763671875,0.49463520050048826
unseen_,500,5,261001403,19,670,20,0,0,650,20,1.04432275390625,0.48438220977783203
unseen_,500,5,261001403,20,670,20,0,0,650,20,1.044433349609375,0.48583065032958983
unseen_,500,5,261001403,21,670,20,0,0,650,20,1.043127197265625,0.487904052734375
unseen_,500,5,261001403,22,670,20,0,0,650,20,1.0391632080078126,0.4839637756347656
unseen_,500,5,261001403,23,670,19,0,0,651,19,1.0392449951171876,0.4846937561035156
unseen_,500,5,261001403,24,670,20,0,0,650,20,1.04554541015625,0.4831484603881836
unseen_,500,5,261001403,25,670,19,0,0,651,19,1.0413262939453125,0.48810611724853514
unseen_,500,5,261001403,26,670,20,0,0,650,20,1.0455662841796876,0.4861862564086914
unseen_,500,5,261001403,27,670,20,0,0,650,20,1.0432296142578126,0.48714122772216795
unseen_,500,5,261001403,28,670,20,0,0,650,20,1.0403125,0.4875797653198242
unseen_,500,5,261001403,29,670,19,0,0,651,19,1.044474609375,0.49564090728759763
unseen_,500,5,261001403,30,670,20,0,0,650,20,1.042382080078125,0.49824478149414064
unseen_,500,5,261001403,31,670,20,0,0,650,20,1.0441878662109374,0.4985522842407227
unseen_,500,5,261001403,32,670,21,0,0,649,21,1.0332376708984374,0.4962514877319336
unseen_,500,5,261001403,33,670,21,0,0,649,21,1.035755859375,0.4838182830810547
unseen_,500,5,261001403,34,670,22,0,0,648,22,1.0367335205078125,0.48722248077392577
unseen_,500,5,261001403,35,670,21,0,0,649,21,1.045001220703125,0.48653900146484375
unseen_,500,5,261001403,36,670,20,0,0,650,20,1.043241943359375,0.48809406280517575
unseen_,500,5,261001403,37,670,20,0,0,650,20,1.0443892822265626,0.4859649658203125
unseen_,500,5,261001403,38,670,19,0,0,651,19,1.043304443359375,0.49796897888183594
unseen_,500,5,261001403,39,670,21,0,0,649,21,1.03738134765625,0.48747840881347654
unseen_,500,5,261001403,40,670,21,0,0,649,21,1.03239208984375,0.4947476577758789
unseen_,500,5,261001403,41,670,20,0,0,650,20,1.0368759765625,0.4852273941040039
unseen_,500,5,261001403,42,670,19,0,0,651,19,1.0422017822265626,0.48223880767822264
unseen_,500,5,261001403,43,670,22,0,0,648,22,1.0451513671875,0.4927089309692383
unseen_,500,5,261001403,44,670,19,0,0,651,19,1.0327257080078125,0.4848069381713867
unseen_,500,5,261001403,45,670,20,0,0,650,20,1.04456689453125,0.488486328125
unseen_,500,5,261001403,46,670,19,0,0,651,19,1.0431689453125,0.49599292755126956
unseen_,500,5,261001403,47,670,21,0,0,649,21,1.0452169189453124,0.4878384017944336
unseen_,500,5,261001403,48,670,21,0,0,649,21,1.04242626953125,0.487677001953125
unseen_,500,5,261001403,49,670,20,0,0,650,20,1.0384971923828126,0.4886702728271484
unseen_,500,5,261001403,50,670,20,0,0,650,20,1.042207275390625,0.4854574203491211
unseen_,500,5,261001403,51,670,21,0,0,649,21,1.0363175048828126,0.4924932479858398
unseen_,500,5,261001403,52,670,19,0,0,651,19,1.038623291015625,0.48562862396240236
unseen_,500,5,261001403,53,670,20,0,0,650,20,1.0328629150390625,0.48598106384277345
unseen_,500,5,261001403,54,670,20,0,0,650,20,1.0451878662109375,0.4945072174072266
unseen_,500,5,261001403,55,670,21,0,0,649,21,1.041837890625,0.48653354644775393
unseen_,500,5,261001403,56,670,21,0,0,649,21,1.0325394287109375,0.4924369430541992
unseen_,500,5,261001403,57,670,21,0,0,649,21,1.03567724609375,0.48810672760009766
unseen_,500,5,261001403,58,670,20,0,0,650,20,1.0422950439453125,0.49818641662597657
unseen_,500,5,261001403,59,670,20,0,0,650,20,1.0447596435546875,0.48602493286132814
unseen_,500,5,261001403,60,670,20,0,0,650,20,1.0447237548828125,0.48714786529541015
unseen_,500,5,261001403,61,670,18,0,0,652,18,1.032494140625,0.4843520355224609
unseen_,500,5,261001403,62,670,19,0,0,651,19,1.0434630126953126,0.48555343627929687
unseen_,500,5,261001403,63,670,21,0,0,649,21,1.039697021484375,0.4896782684326172
unseen_,1000,5,261001403,0,670,6,0,0,664,6,1.0290189615885417,0.3337060038248698
unseen_,1000,5,261001403,1,670,6,0,0,664,6,1.030781494140625,0.3389826965332031
unseen_,1000,5,261001403,2,670,9,0,0,661,9,1.024849853515625,0.34610521952311196
unseen_,1000,5,261001403,3,670,7,0,0,663,7,1.0216276041666668,0.3528809611002604
unseen_,1000,5,261001403,4,670,8,0,0,662,8,1.0248921712239583,0.34977017720540365
unseen_,1000,5,261001403,5,670,7,0,0,663,7,1.029105712890625,0.3365571085611979
unseen_,1000,5,261001403,6,670,6,0,0,664,6,1.0104205729166666,0.3332647196451823
unseen_,1000,5,261001403,7,670,6,0,0,664,6,1.0215115559895833,0.33112091064453125
unseen_,1000,5,261001403,8,670,7,0,0,663,7,1.0291656901041666,0.35325042724609373
unseen_,1000,5,261001403,9,670,6,0,0,664,6,1.0309015299479167,0.33867039998372395
unseen_,1000,5,261001403,10,670,7,0,0,663,7,1.0242105305989584,0.33657185872395834
unseen_,1000,5,261001403,11,670,8,0,0,662,8,1.023734375,0.33783551534016926
unseen_,1000,5,261001403,12,670,7,0,0,663,7,1.0294081217447917,0.35550857543945313
unseen_,1000,5,261001403,13,670,7,0,0,663,7,1.0280707194010417,0.3513880666097005
unseen_,1000,5,261001403,14,670,6,0,0,664,6,1.0278934733072917,0.35569755554199217
unseen_,1000,5,261001403,15,670,6,0,0,664,6,1.0265303548177083,0.3328578948974609
unseen_,1000,5,261001403,16,670,8,0,0,662,8,1.0224893391927083,0.3338762664794922
unseen_,1000,5,261001403,17,670,7,0,0,663,7,1.0256883138020834,0.3539701588948568
unseen_,1000,5,261001403,18,670,6,0,0,664,6,1.021218505859375,0.3389515431722005
unseen_,1000,5,261001403,19,670,6,0,0,664,6,1.008697265625,0.33427477518717447
unseen_,1000,5,261001403,20,670,6,0,0,664,6,1.0263643391927084,0.33471781412760415
unseen_,1000,5,261001403,21,670,7,0,0,663,7,1.0193942057291667,0.3306311543782552
unseen_,1000,5,261001403,22,670,5,0,0,665,5,1.016669921875,0.3345850626627604
unseen_,1000,5,261001403,23,670,6,0,0,664,6,1.0153937174479166,0.33537211100260417
unseen_,1000,5,261001403,24,670,7,0,0,663,7,1.0119869791666667,0.33552352905273436
unseen_,1000,5,261001403,25,670,7,0,0,663,7,1.0232600911458334,0.3373260498046875
unseen_,1000,5,261001403,26,670,6,0,0,664,6,1.0298986002604167,0.33498608907063804
unseen_,1000,5,261001403,27,670,6,0,0,664,6,1.0265269368489582,0.3360362497965495
unseen_,1000,5,261001403,28,670,6,0,0,664,6,1.0264847819010416,0.3347815450032552
unseen_,1000,5,261001403,29,670,6,0,0,664,6,1.0129598795572916,0.3460838572184245
unseen_,1000,5,261001403,30,670,6,0,0,664,6,1.0306952311197917,0.3334082539876302
unseen_,1000,5,261001403,31,670,8,0,0,662,8,1.0101426595052083,0.34987218221028643
unseen_,1000,5,261001403,32,670,7,0,0,663,7,1.0323531901041667,0.34957183837890626
unseen_,1000,5,261001403,33,670,7,0,0,663,7,1.0158973795572916,0.3355774943033854
unseen_,1000,5,261001403,34,670,6,0,0,664,6,1.0150489095052084,0.33345888773600263
unseen_,1000,5,261001403,35,670,6,0,0,664,6,1.021444091796875,0.3353845723470052
unseen_,1000,5,261001403,36,670,6,0,0,664,6,1.0238922526041667,0.3336303965250651
unseen_,1000,5,261001403,37,670,7,0,0,663,7,1.0258043619791666,0.33665303548177083
unseen_,1000,5,261001403,38,670,6,0,0,664,6,1.027530029296875,0.34635215759277344
unseen_,1000,5,261001403,39,670,8,0,0,662,8,1.0278682454427084,0.3372022247314453
unseen_,1000,5,261001403,40,670,7,0,0,663,7,1.0293070475260417,0.3454015858968099
unseen_,1000,5,261001403,41,670,6,0,0,664,6,1.0208693033854166,0.33587735493977866
unseen_,1000,5,261001403,42,670,5,0,0,665,5,1.0212142740885417,0.3335223388671875
unseen_,1000,5,261001403,43,670,7,0,0,663,7,1.0294982096354166,0.33948404947916666
unseen_,1000,5,261001403,44,670,5,0,0,665,5,1.0171805826822917,0.33602839152018227
unseen_,1000,5,261001403,45,670,7,0,0,663,7,1.0267928059895832,0.3302171579996745
unseen_,1000,5,261001403,46,670,6,0,0,664,6,1.0257369791666666,0.34539449055989585
unseen_,1000,5,261001403,47,670,8,0,0,662,8,1.0217390950520833,0.33381207784016925
unseen_,1000,5,261001403,48,670,7,0,0,663,7,1.02612646484375,0.33304972330729166
unseen_,1000,5,261001403,49,670,7,0,0,663,7,1.02354833984375,0.33063433329264325
unseen_,1000,5,261001403,50,670,6,0,0,664,6,1.02753173828125,0.33673428853352866
unseen_,1000,5,261001403,51,670,7,0,0,663,7,1.028417236328125,0.3468767547607422
unseen_,1000,5,261001403,52,670,6,0,0,664,6,1.0183024088541666,0.33577181498209635
unseen_,1000,5,261001403,53,670,7,0,0,663,7,1.0268274739583334,0.3369630686442057
unseen_,1000,5,261001403,54,670,7,0,0,663,7,1.0263190104166666,0.3465497334798177
unseen_,1000,5,261001403,55,670,8,0,0,662,8,1.0282508138020834,0.33562825520833334
unseen_,1000,5,261001403,56,670,7,0,0,663,7,1.0287264811197916,0.33587615966796874
unseen_,1000,5,261001403,57,670,8,0,0,662,8,1.0289537760416667,0.3374345397949219
unseen_,1000,5,261001403,58,670,6,0,0,664,6,1.0303689778645833,0.3485906982421875
unseen_,1000,5,261001403,59,670,7,0,0,663,7,1.0222870279947918,0.3350429026285807
unseen_,1000,5,261001403,60,670,7,0,0,663,7,1.0112555338541667,0.33525794982910156
unseen_,1000,5,261001403,61,670,5,0,0,665,5,1.01449169921875,0.33560925801595054
unseen_,1000,5,261001403,62,670,6,0,0,664,6,1.00562939453125,0.3340186818440755
unseen_,1000,5,261001403,63,670,8,0,0,662,8,1.0285172526041666,0.33742202758789064
unseen_,1500,5,261001403,0,670,4,0,0,666,4,1.0128172200520833,0.24529866536458333
unseen_,1500,5,261001403,1,670,4,0,0,666,4,1.0222266438802083,0.2485436248779297
unseen_,1500,5,261001403,2,670,6,0,0,664,6,1.0240939127604167,0.24933403015136718
unseen_,1500,5,261001403,3,670,5,0,0,665,5,1.0202102864583333,0.24909960428873698
unseen_,1500,5,261001403,4,670,5,0,0,665,5,1.0171737467447917,0.2492108662923177
unseen_,1500,5,261001403,5,670,4,0,0,666,4,1.01918017578125,0.2466692606608073
unseen_,1500,5,261001403,6,670,6,0,0,664,6,1.018183349609375,0.24644788106282553
unseen_,1500,5,261001403,7,670,4,0,0,666,4,1.0112197265625,0.24522806803385416
unseen_,1500,5,261001403,8,670,6,0,0,664,6,1.020859130859375,0.24710782368977866
unseen_,1500,5,261001403,9,670,4,0,0,666,4,1.0197462565104167,0.24857622782389324
unseen_,1500,5,261001403,10,670,4,0,0,666,4,1.0217040201822916,0.2489885965983073
unseen_,1500,5,261001403,11,670,5,0,0,665,5,1.019641845703125,0.24682512919108074
unseen_,1500,5,261001403,12,670,6,0,0,664,6,1.0160572916666666,0.24841341654459637
unseen_,1500,5,261001403,13,670,5,0,0,665,5,1.0200472819010418,0.24620941162109375
unseen_,1500,5,261001403,14,670,4,0,0,666,4,1.0183612467447916,0.24783907572428385
unseen_,1500,5,261001403,15,670,4,0,0,666,4,1.0104456380208333,0.24561355590820313
unseen_,1500,5,261001403,16,670,5,0,0,665,5,1.0194493001302083,0.24662373860677084
unseen_,1500,5,261001403,17,670,5,0,0,665,5,1.0196494140625,0.25109708150227866
unseen_,1500,5,261001403,18,670,4,0,0,666,4,1.0192836100260416,0.24775520324707032
unseen_,1500,5,261001403,19,670,4,0,0,666,4,1.0156641438802083,0.24647242228190105
unseen_,1500,5,261001403,20,670,3,0,0,667,3,1.012630859375,0.24411855061848958
unseen_,1500,5,261001403,21,670,4,0,0,666,4,1.0208130696614583,0.24454182942708333
unseen_,1500,5,261001403,22,670,3,0,0,667,3,1.0069912109375,0.24542589823404948
unseen_,1500,5,261001403,23,670,4,0,0,666,4,1.014058837890625,0.24749290466308593
unseen_,1500,5,261001403,24,670,4,0,0,666,4,1.0158560384114583,0.24821578979492187
unseen_,1500,5,261001403,25,670,5,0,0,665,5,1.015004150390625,0.24660123189290364
unseen_,1500,5,261001403,26,670,4,0,0,666,4,1.01043017578125,0.24702504475911458
unseen_,1500,5,261001403,27,670,3,0,0,667,3,1.0204163411458333,0.2450537109375
unseen_,1500,5,261001403,28,670,3,0,0,667,3,1.0189090983072917,0.24502657572428385
unseen_,1500,5,261001403,29,670,5,0,0,665,5,1.0162259928385418,0.24403645833333334
unseen_,1500,5,261001403,30,670,4,0,0,666,4,1.0175849609375,0.24802055358886718
unseen_,1500,5,261001403,31,670,5,0,0,665,5,1.0120154622395834,0.24928476969401042
unseen_,1500,5,261001403,32,670,4,0,0,666,4,1.0227578938802084,0.2504676055908203
unseen_,1500,5,261001403,33,670,4,0,0,666,4,1.0165233561197917,0.2477576192220052
unseen_,1500,5,261001403,34,670,5,0,0,665,5,1.0191488444010417,0.24588854471842447
unseen_,1500,5,261001403,35,670,5,0,0,665,5,1.0137858072916666,0.24816418965657552
unseen_,1500,5,261001403,36,670,4,0,0,666,4,1.0219200846354166,0.2474962361653646
unseen_,1500,5,261001403,37,670,4,0,0,666,4,1.0166183268229168,0.2473767344156901
unseen_,1500,5,261001403,38,670,4,0,0,666,4,1.0192587890625,0.2486999003092448
unseen_,1500,5,261001403,39,670,5,0,0,665,5,1.0216905924479167,0.2486248270670573
unseen_,1500,5,261001403,40,670,5,0,0,665,5,1.0212508951822916,0.2463299051920573
unseen_,1500,5,261001403,41,670,3,0,0,667,3,1.0078070475260417,0.23943954467773437
unseen_,1500,5,261001403,42,670,3,0,0,667,3,1.0128734537760418,0.24614529927571616
unseen_,1500,5,261001403,43,670,4,0,0,666,4,1.020623291015625,0.2475091552734375
unseen_,1500,5,261001403,44,670,4,0,0,666,4,1.02050146484375,0.24870173136393228
unseen_,1500,5,261001403,45,670,4,0,0,666,4,1.0232757975260416,0.24729871114095053
unseen_,1500,5,261001403,46,670,4,0,0,666,4,1.0176355794270833,0.24635103861490884
unseen_,1500,5,261001403,47,670,5,0,0,665,5,1.020526611328125,0.2453392791748047
unseen_,1500,5,261001403,48,670,5,0,0,665,5,1.01440576171875,0.24681900024414063
unseen_,1500,5,261001403,49,670,5,0,0,665,5,1.0196664225260417,0.24394727071126301
unseen_,1500,5,261001403,50,670,4,0,0,666,4,1.0237986653645834,0.24884925842285155
unseen_,1500,5,261001403,51,670,4,0,0,666,4,1.015320068359375,0.2460815938313802
unseen_,1500,5,261001403,52,670,4,0,0,666,4,1.0183999837239583,0.2484931437174479
unseen_,1500,5,261001403,53,670,4,0,0,666,4,1.018004150390625,0.24774876912434896
unseen_,1500,5,261001403,54,670,5,0,0,665,5,1.0203162434895834,0.24726392110188802
unseen_,1500,5,261001403,55,670,4,0,0,666,4,1.0133634440104167,0.2443932342529297
unseen_,1500,5,261001403,56,670,3,0,0,667,3,1.022053466796875,0.24632362365722657
unseen_,1500,5,261001403,57,670,5,0,0,665,5,1.0226754557291666,0.24885833740234375
unseen_,1500,5,261001403,58,670,5,0,0,665,5,1.016734130859375,0.2464881134033203
unseen_,1500,5,261001403,59,670,4,0,0,666,4,1.0182880859375,0.24728446960449219
unseen_,1500,5,261001403,60,670,5,0,0,665,5,1.0135501302083334,0.24794499715169271
unseen_,1500,5,261001403,61,670,4,0,0,666,4,1.0158634440104166,0.2479150899251302
unseen_,1500,5,261001403,62,670,4,0,0,666,4,1.0110059407552083,0.24494921366373698
unseen_,1500,5,261001403,63,670,4,0,0,666,4,1.02343994140625,0.24906303405761718
